{"type":"FeatureCollection","features":[{"type":"Feature","id":"node/1000075239","geometry":{"type":"Point","coordinates":[37.752098,55.659861]},"properties":{"osm_id":"node/1000075239","station_name":"Братиславская","access_kind":"entrance","station_osm_id":"node/333159878","entrance_ref":"6","network":"Московский метрополитен","match_rule":"stop_area_station","source":"OpenStreetMap/Overpass","source_snapshot":"2026-09-17T11:36:49Z"}},{"type":"Feature","id":"node/1004376387","geometry":{"type":"Point","coordinates":[37.617111,55.793884]},"properties":{"osm_id":"node/1004376387","station_name":"Марьина Роща","access_kind":"entrance","station_osm_id":"node/773136965","entrance_ref":"2","network":"Московский метрополитен","match_rule":"stop_area_station","source":"OpenStreetMap/Overpass","source_snapshot":"2026-09-17T11:36:49Z"}},{"type":"Feature","id":"node/1004376402","geometry":{"type":"Point","coordinates":[37.615993,55.79375]},"properties":{"osm_id":"node/1004376402","station_name":"Марьина Роща","access_kind":"entrance","station_osm_id":"node/773136965","entrance_ref":"3","network":"Московский метрополитен","match_rule":"stop_area_station","source":"OpenStreetMap/Overpass","source_snapshot":"2026-09-17T11:36:49Z"}},{"type":"Feature","id":"node/1004376405","geometry":{"type":"Point","coordinates":[37.616935,55.793526]},"properties":{"osm_id":"node/1004376405","station_name":"Марьина Роща","access_kind":"entrance","station_osm_id":"node/773136965","entrance_ref":"5","network":"Московский метрополитен","match_rule":"stop_area_station","source":"OpenStreetMap/Overpass","source_snapshot":"2026-09-17T11:36:49Z"}},{"type":"Feature","id":"node/1004376406","geometry":{"type":"Point","coordinates":[37.615875,55.793539]},"properties":{"osm_id":"node/1004376406","station_name":"Марьина Роща","access_kind":"entrance","station_osm_id":"node/773136965","entrance_ref":"4","network":"Московский метрополитен","match_rule":"stop_area_station","source":"OpenStreetMap/Overpass","source_snapshot":"2026-09-17T11:36:49Z"}},{"type":"Feature","id":"node/1004487212","geometry":{"type":"Point","coordinates":[37.669794,55.620523]},"properties":{"osm_id":"node/1004487212","station_name":"Царицыно","access_kind":"entrance","station_osm_id":"node/308993196","entrance_ref":"1","network":"Московский метрополитен","match_rule":"stop_area_station","source":"OpenStreetMap/Overpass","source_snapshot":"2026-09-17T11:36:49Z"}},{"type":"Feature","id":"node/1004487261","geometry":{"type":"Point","coordinates":[37.670464,55.620227]},"properties":{"osm_id":"node/1004487261","station_name":"Царицыно","access_kind":"entrance","station_osm_id":"node/308993196","entrance_ref":"2","network":"Московский метрополитен","match_rule":"stop_area_station","source":"OpenStreetMap/Overpass","source_snapshot":"2026-09-17T11:36:49Z"}},{"type":"Feature","id":"node/1005390015","geometry":{"type":"Point","coordinates":[37.668629,55.622746]},"properties":{"osm_id":"node/1005390015","station_name":"Царицыно","access_kind":"entrance","station_osm_id":"node/308993196","entrance_ref":"6","network":"Московский метрополитен","match_rule":"stop_area_station","source":"OpenStreetMap/Overpass","source_snapshot":"2026-09-17T11:36:49Z"}},{"type":"Feature","id":"node/1005390018","geometry":{"type":"Point","coordinates":[37.668922,55.62242]},"properties":{"osm_id":"node/1005390018","station_name":"Царицыно","access_kind":"entrance","station_osm_id":"node/308993196","entrance_ref":"7","network":"Московский метрополитен","match_rule":"stop_area_station","source":"OpenStreetMap/Overpass","source_snapshot":"2026-09-17T11:36:49Z"}},{"type":"Feature","id":"node/1005390031","geometry":{"type":"Point","coordinates":[37.668259,55.622161]},"properties":{"osm_id":"node/1005390031","station_name":"Царицыно","access_kind":"entrance","station_osm_id":"node/308993196","entrance_ref":"5","network":"Московский метрополитен","match_rule":"stop_area_station","source":"OpenStreetMap/Overpass","source_snapshot":"2026-09-17T11:36:49Z"}},{"type":"Feature","id":"node/10090567702","geometry":{"type":"Point","coordinates":[37.534344,55.74078]},"properties":{"osm_id":"node/10090567702","station_name":"Кутузовская","access_kind":"entrance","station_osm_id":"relation/6604098","entrance_ref":"5","network":"МЦК","match_rule":"stop_area_relation","source":"OpenStreetMap/Overpass","source_snapshot":"2026-09-17T11:36:49Z"}},{"type":"Feature","id":"node/101112788","geometry":{"type":"Point","coordinates":[37.633583,55.77959]},"properties":{"osm_id":"node/101112788","station_name":"Проспект Мира","access_kind":"entrance","station_osm_id":"node/293799708","entrance_ref":"1","network":"Московский метрополитен","match_rule":"stop_area_station","source":"OpenStreetMap/Overpass","source_snapshot":"2026-09-17T11:36:49Z"}},{"type":"Feature","id":"node/101113746","geometry":{"type":"Point","coordinates":[37.633397,55.781883]},"properties":{"osm_id":"node/101113746","station_name":"Проспект Мира","access_kind":"entrance","station_osm_id":"node/277499848","entrance_ref":"2","network":"Московский метрополитен","match_rule":"stop_area_station","source":"OpenStreetMap/Overpass","source_snapshot":"2026-09-17T11:36:49Z"}},{"type":"Feature","id":"node/10153994915","geometry":{"type":"Point","coordinates":[37.573225,55.84715]},"properties":{"osm_id":"node/10153994915","station_name":"Окружная","access_kind":"entrance","station_osm_id":"node/5482410676","entrance_ref":"2","network":"Московский метрополитен","match_rule":"stop_area_station","source":"OpenStreetMap/Overpass","source_snapshot":"2026-09-17T11:36:49Z"}},{"type":"Feature","id":"node/10154946057","geometry":{"type":"Point","coordinates":[37.573614,55.847626]},"properties":{"osm_id":"node/10154946057","station_name":"Окружная","access_kind":"entrance","station_osm_id":"node/5482410676","entrance_ref":"3","network":"Московский метрополитен","match_rule":"stop_area_station","source":"OpenStreetMap/Overpass","source_snapshot":"2026-09-17T11:36:49Z"}},{"type":"Feature","id":"node/10185422710","geometry":{"type":"Point","coordinates":[37.678936,55.789472]},"properties":{"osm_id":"node/10185422710","station_name":"Сокольники","access_kind":"entrance","station_osm_id":"node/10703951288","entrance_ref":"3","network":"Московский метрополитен","match_rule":"stop_area_station","source":"OpenStreetMap/Overpass","source_snapshot":"2026-09-17T11:36:49Z"}},{"type":"Feature","id":"node/10221356951","geometry":{"type":"Point","coordinates":[37.434669,55.817407]},"properties":{"osm_id":"node/10221356951","station_name":"Спартак","access_kind":"entrance","station_osm_id":"node/5202107560","entrance_ref":null,"network":"Московский метрополитен","match_rule":"stop_area_station","source":"OpenStreetMap/Overpass","source_snapshot":"2026-09-17T11:36:49Z"}},{"type":"Feature","id":"node/1023440626","geometry":{"type":"Point","coordinates":[37.655317,55.636744]},"properties":{"osm_id":"node/1023440626","station_name":"Кантемировская","access_kind":"entrance","station_osm_id":"node/308993566","entrance_ref":"5","network":"Московский метрополитен","match_rule":"stop_area_station","source":"OpenStreetMap/Overpass","source_snapshot":"2026-09-17T11:36:49Z"}},{"type":"Feature","id":"node/1023440651","geometry":{"type":"Point","coordinates":[37.657874,55.634844]},"properties":{"osm_id":"node/1023440651","station_name":"Кантемировская","access_kind":"entrance","station_osm_id":"node/308993566","entrance_ref":"2","network":"Московский метрополитен","match_rule":"stop_area_station","source":"OpenStreetMap/Overpass","source_snapshot":"2026-09-17T11:36:49Z"}},{"type":"Feature","id":"node/1023440669","geometry":{"type":"Point","coordinates":[37.655589,55.636447]},"properties":{"osm_id":"node/1023440669","station_name":"Кантемировская","access_kind":"entrance","station_osm_id":"node/308993566","entrance_ref":"4","network":"Московский метрополитен","match_rule":"stop_area_station","source":"OpenStreetMap/Overpass","source_snapshot":"2026-09-17T11:36:49Z"}},{"type":"Feature","id":"node/1023440680","geometry":{"type":"Point","coordinates":[37.657612,55.635126]},"properties":{"osm_id":"node/1023440680","station_name":"Кантемировская","access_kind":"entrance","station_osm_id":"node/308993566","entrance_ref":"1","network":"Московский метрополитен","match_rule":"stop_area_station","source":"OpenStreetMap/Overpass","source_snapshot":"2026-09-17T11:36:49Z"}},{"type":"Feature","id":"node/1026984782","geometry":{"type":"Point","coordinates":[37.656127,55.775498]},"properties":{"osm_id":"node/1026984782","station_name":"Комсомольская","access_kind":"entrance","station_osm_id":"node/267335088","entrance_ref":"9","network":"Московский метрополитен","match_rule":"stop_area_station","source":"OpenStreetMap/Overpass","source_snapshot":"2026-09-17T11:36:49Z"}},{"type":"Feature","id":"node/1027234477","geometry":{"type":"Point","coordinates":[37.636747,55.766325]},"properties":{"osm_id":"node/1027234477","station_name":"Тургеневская","access_kind":"entrance","station_osm_id":"node/277499850","entrance_ref":"7","network":"Московский метрополитен","match_rule":"stop_area_station","source":"OpenStreetMap/Overpass","source_snapshot":"2026-09-17T11:36:49Z"}},{"type":"Feature","id":"node/1027312045","geometry":{"type":"Point","coordinates":[37.655937,55.776747]},"properties":{"osm_id":"node/1027312045","station_name":"Комсомольская","access_kind":"entrance","station_osm_id":"node/267335088","entrance_ref":"1","network":"Московский метрополитен","match_rule":"stop_area_station","source":"OpenStreetMap/Overpass","source_snapshot":"2026-09-17T11:36:49Z"}},{"type":"Feature","id":"node/1064016315","geometry":{"type":"Point","coordinates":[37.534937,55.739464]},"properties":{"osm_id":"node/1064016315","station_name":"Кутузовская","access_kind":"entrance","station_osm_id":"node/241158369","entrance_ref":"1","network":"Московский метрополитен","match_rule":"stop_area_station","source":"OpenStreetMap/Overpass","source_snapshot":"2026-09-17T11:36:49Z"}},{"type":"Feature","id":"node/1064016325","geometry":{"type":"Point","coordinates":[37.548331,55.738896]},"properties":{"osm_id":"node/1064016325","station_name":"Студенческая","access_kind":"entrance","station_osm_id":"node/241158415","entrance_ref":"1","network":"Московский метрополитен","match_rule":"stop_area_station","source":"OpenStreetMap/Overpass","source_snapshot":"2026-09-17T11:36:49Z"}},{"type":"Feature","id":"node/1067491057","geometry":{"type":"Point","coordinates":[37.641472,55.822423]},"properties":{"osm_id":"node/1067491057","station_name":"ВДНХ","access_kind":"entrance","station_osm_id":"node/5202107574","entrance_ref":"1","network":"Московский метрополитен","match_rule":"stop_area_station","source":"OpenStreetMap/Overpass","source_snapshot":"2026-09-17T11:36:49Z"}},{"type":"Feature","id":"node/10699743653","geometry":{"type":"Point","coordinates":[37.617962,55.797683]},"properties":{"osm_id":"node/10699743653","station_name":"Марьина Роща","access_kind":"entrance","station_osm_id":"node/10702624107","entrance_ref":"6","network":"Московский метрополитен","match_rule":"stop_area_station","source":"OpenStreetMap/Overpass","source_snapshot":"2026-09-17T11:36:49Z"}},{"type":"Feature","id":"node/10699743654","geometry":{"type":"Point","coordinates":[37.617721,55.797731]},"properties":{"osm_id":"node/10699743654","station_name":"Марьина Роща","access_kind":"entrance","station_osm_id":"node/10702624107","entrance_ref":"6","network":"Московский метрополитен","match_rule":"stop_area_station","source":"OpenStreetMap/Overpass","source_snapshot":"2026-09-17T11:36:49Z"}},{"type":"Feature","id":"node/10702230745","geometry":{"type":"Point","coordinates":[37.704335,55.684303]},"properties":{"osm_id":"node/10702230745","station_name":"Нагатинский Затон","access_kind":"entrance","station_osm_id":"node/10702213026","entrance_ref":"1","network":"Московский метрополитен","match_rule":"stop_area_station","source":"OpenStreetMap/Overpass","source_snapshot":"2026-09-17T11:36:49Z"}},{"type":"Feature","id":"node/10702295420","geometry":{"type":"Point","coordinates":[37.68098,55.789655]},"properties":{"osm_id":"node/10702295420","station_name":"Сокольники","access_kind":"entrance","station_osm_id":"node/10703951288","entrance_ref":"4","network":"Московский метрополитен","match_rule":"stop_area_station","source":"OpenStreetMap/Overpass","source_snapshot":"2026-09-17T11:36:49Z"}},{"type":"Feature","id":"node/10702320937","geometry":{"type":"Point","coordinates":[37.683096,55.674988]},"properties":{"osm_id":"node/10702320937","station_name":"Кленовый бульвар","access_kind":"entrance","station_osm_id":"node/10702213023","entrance_ref":"2","network":"Московский метрополитен","match_rule":"stop_area_station","source":"OpenStreetMap/Overpass","source_snapshot":"2026-09-17T11:36:49Z"}},{"type":"Feature","id":"node/10704647338","geometry":{"type":"Point","coordinates":[37.728586,55.694537]},"properties":{"osm_id":"node/10704647338","station_name":"Печатники","access_kind":"entrance","station_osm_id":"node/10702442752","entrance_ref":"1","network":"Московский метрополитен","match_rule":"stop_area_station","source":"OpenStreetMap/Overpass","source_snapshot":"2026-09-17T11:36:49Z"}},{"type":"Feature","id":"node/10704647339","geometry":{"type":"Point","coordinates":[37.728159,55.708541]},"properties":{"osm_id":"node/10704647339","station_name":"Текстильщики","access_kind":"entrance","station_osm_id":"node/10702471714","entrance_ref":"8","network":"Московский метрополитен","match_rule":"stop_area_station","source":"OpenStreetMap/Overpass","source_snapshot":"2026-09-17T11:36:49Z"}},{"type":"Feature","id":"node/10704647340","geometry":{"type":"Point","coordinates":[37.728426,55.706371]},"properties":{"osm_id":"node/10704647340","station_name":"Текстильщики","access_kind":"entrance","station_osm_id":"node/10702471714","entrance_ref":"9","network":"Московский метрополитен","match_rule":"stop_area_station","source":"OpenStreetMap/Overpass","source_snapshot":"2026-09-17T11:36:49Z"}},{"type":"Feature","id":"node/10704653378","geometry":{"type":"Point","coordinates":[37.633526,55.792515]},"properties":{"osm_id":"node/10704653378","station_name":"Рижская","access_kind":"entrance","station_osm_id":"node/10702624108","entrance_ref":"2","network":"Московский метрополитен","match_rule":"stop_area_station","source":"OpenStreetMap/Overpass","source_snapshot":"2026-09-17T11:36:49Z"}},{"type":"Feature","id":"node/10753291079","geometry":{"type":"Point","coordinates":[37.546409,55.879072]},"properties":{"osm_id":"node/10753291079","station_name":"Яхромская","access_kind":"entrance","station_osm_id":"node/11174673548","entrance_ref":"3","network":"Московский метрополитен","match_rule":"stop_area_station","source":"OpenStreetMap/Overpass","source_snapshot":"2026-09-17T11:36:49Z"}},{"type":"Feature","id":"node/10753291081","geometry":{"type":"Point","coordinates":[37.545306,55.878852]},"properties":{"osm_id":"node/10753291081","station_name":"Яхромская","access_kind":"entrance","station_osm_id":"node/11174673548","entrance_ref":"4","network":"Московский метрополитен","match_rule":"stop_area_station","source":"OpenStreetMap/Overpass","source_snapshot":"2026-09-17T11:36:49Z"}},{"type":"Feature","id":"node/1088129205","geometry":{"type":"Point","coordinates":[37.745108,55.7697]},"properties":{"osm_id":"node/1088129205","station_name":"Соколиная Гора","access_kind":"entrance","station_osm_id":"relation/6604090","entrance_ref":"2","network":"МЦК","match_rule":"stop_area_relation","source":"OpenStreetMap/Overpass","source_snapshot":"2026-09-17T11:36:49Z"}},{"type":"Feature","id":"node/10913951885","geometry":{"type":"Point","coordinates":[37.462964,55.695904]},"properties":{"osm_id":"node/10913951885","station_name":"Аминьевская","access_kind":"entrance","station_osm_id":"node/9315693031","entrance_ref":"6","network":"Московский метрополитен","match_rule":"stop_area_station","source":"OpenStreetMap/Overpass","source_snapshot":"2026-09-17T11:36:49Z"}},{"type":"Feature","id":"node/10913951890","geometry":{"type":"Point","coordinates":[37.464091,55.695843]},"properties":{"osm_id":"node/10913951890","station_name":"Аминьевская","access_kind":"entrance","station_osm_id":"node/9315693031","entrance_ref":"5","network":"Московский метрополитен","match_rule":"stop_area_station","source":"OpenStreetMap/Overpass","source_snapshot":"2026-09-17T11:36:49Z"}},{"type":"Feature","id":"node/10948712017","geometry":{"type":"Point","coordinates":[37.725637,55.693721]},"properties":{"osm_id":"node/10948712017","station_name":"Печатники","access_kind":"entrance","station_osm_id":"node/296949278","entrance_ref":"2","network":"Московский метрополитен","match_rule":"stop_area_station","source":"OpenStreetMap/Overpass","source_snapshot":"2026-09-17T11:36:49Z"}},{"type":"Feature","id":"node/1106708027","geometry":{"type":"Point","coordinates":[37.63608,55.792336]},"properties":{"osm_id":"node/1106708027","station_name":"Рижская","access_kind":"entrance","station_osm_id":"node/10702624108","entrance_ref":"1","network":"Московский метрополитен","match_rule":"stop_area_station","source":"OpenStreetMap/Overpass","source_snapshot":"2026-09-17T11:36:49Z"}},{"type":"Feature","id":"node/1108318088","geometry":{"type":"Point","coordinates":[37.586575,55.896646]},"properties":{"osm_id":"node/1108318088","station_name":"Алтуфьево","access_kind":"entrance","station_osm_id":"node/296957238","entrance_ref":"7","network":"Московский метрополитен","match_rule":"stop_area_station","source":"OpenStreetMap/Overpass","source_snapshot":"2026-09-17T11:36:49Z"}},{"type":"Feature","id":"node/1108318091","geometry":{"type":"Point","coordinates":[37.587849,55.899233]},"properties":{"osm_id":"node/1108318091","station_name":"Алтуфьево","access_kind":"entrance","station_osm_id":"node/296957238","entrance_ref":"3","network":"Московский метрополитен","match_rule":"stop_area_station","source":"OpenStreetMap/Overpass","source_snapshot":"2026-09-17T11:36:49Z"}},{"type":"Feature","id":"node/1108318110","geometry":{"type":"Point","coordinates":[37.587835,55.898743]},"properties":{"osm_id":"node/1108318110","station_name":"Алтуфьево","access_kind":"entrance","station_osm_id":"node/296957238","entrance_ref":"4","network":"Московский метрополитен","match_rule":"stop_area_station","source":"OpenStreetMap/Overpass","source_snapshot":"2026-09-17T11:36:49Z"}},{"type":"Feature","id":"node/1108318114","geometry":{"type":"Point","coordinates":[37.58642,55.899025]},"properties":{"osm_id":"node/1108318114","station_name":"Алтуфьево","access_kind":"entrance","station_osm_id":"node/296957238","entrance_ref":"2","network":"Московский метрополитен","match_rule":"stop_area_station","source":"OpenStreetMap/Overpass","source_snapshot":"2026-09-17T11:36:49Z"}},{"type":"Feature","id":"node/1108318123","geometry":{"type":"Point","coordinates":[37.586449,55.898769]},"properties":{"osm_id":"node/1108318123","station_name":"Алтуфьево","access_kind":"entrance","station_osm_id":"node/296957238","entrance_ref":"1","network":"Московский метрополитен","match_rule":"stop_area_station","source":"OpenStreetMap/Overpass","source_snapshot":"2026-09-17T11:36:49Z"}},{"type":"Feature","id":"node/1108318132","geometry":{"type":"Point","coordinates":[37.587814,55.897066]},"properties":{"osm_id":"node/1108318132","station_name":"Алтуфьево","access_kind":"entrance","station_osm_id":"node/296957238","entrance_ref":"5","network":"Московский метрополитен","match_rule":"stop_area_station","source":"OpenStreetMap/Overpass","source_snapshot":"2026-09-17T11:36:49Z"}},{"type":"Feature","id":"node/1108318146","geometry":{"type":"Point","coordinates":[37.587802,55.896619]},"properties":{"osm_id":"node/1108318146","station_name":"Алтуфьево","access_kind":"entrance","station_osm_id":"node/296957238","entrance_ref":"6","network":"Московский метрополитен","match_rule":"stop_area_station","source":"OpenStreetMap/Overpass","source_snapshot":"2026-09-17T11:36:49Z"}},{"type":"Feature","id":"node/1108318153","geometry":{"type":"Point","coordinates":[37.586587,55.897085]},"properties":{"osm_id":"node/1108318153","station_name":"Алтуфьево","access_kind":"entrance","station_osm_id":"node/296957238","entrance_ref":"8","network":"Московский метрополитен","match_rule":"stop_area_station","source":"OpenStreetMap/Overpass","source_snapshot":"2026-09-17T11:36:49Z"}},{"type":"Feature","id":"node/1108323749","geometry":{"type":"Point","coordinates":[37.604247,55.883871]},"properties":{"osm_id":"node/1108323749","station_name":"Бибирево","access_kind":"entrance","station_osm_id":"node/296957239","entrance_ref":"5","network":"Московский метрополитен","match_rule":"stop_area_station","source":"OpenStreetMap/Overpass","source_snapshot":"2026-09-17T11:36:49Z"}},{"type":"Feature","id":"node/1108323757","geometry":{"type":"Point","coordinates":[37.604784,55.884101]},"properties":{"osm_id":"node/1108323757","station_name":"Бибирево","access_kind":"entrance","station_osm_id":"node/296957239","entrance_ref":"6","network":"Московский метрополитен","match_rule":"stop_area_station","source":"OpenStreetMap/Overpass","source_snapshot":"2026-09-17T11:36:49Z"}},{"type":"Feature","id":"node/1108323762","geometry":{"type":"Point","coordinates":[37.604893,55.883376]},"properties":{"osm_id":"node/1108323762","station_name":"Бибирево","access_kind":"entrance","station_osm_id":"node/296957239","entrance_ref":"3","network":"Московский метрополитен","match_rule":"stop_area_station","source":"OpenStreetMap/Overpass","source_snapshot":"2026-09-17T11:36:49Z"}},{"type":"Feature","id":"node/1108323782","geometry":{"type":"Point","coordinates":[37.605422,55.883603]},"properties":{"osm_id":"node/1108323782","station_name":"Бибирево","access_kind":"entrance","station_osm_id":"node/296957239","entrance_ref":"4","network":"Московский метрополитен","match_rule":"stop_area_station","source":"OpenStreetMap/Overpass","source_snapshot":"2026-09-17T11:36:49Z"}},{"type":"Feature","id":"node/1108323794","geometry":{"type":"Point","coordinates":[37.60167,55.884206]},"properties":{"osm_id":"node/1108323794","station_name":"Бибирево","access_kind":"entrance","station_osm_id":"node/296957239","entrance_ref":"1","network":"Московский метрополитен","match_rule":"stop_area_station","source":"OpenStreetMap/Overpass","source_snapshot":"2026-09-17T11:36:49Z"}},{"type":"Feature","id":"node/1108390619","geometry":{"type":"Point","coordinates":[37.632098,55.772246]},"properties":{"osm_id":"node/1108390619","station_name":"Сухаревская","access_kind":"entrance","station_osm_id":"node/277499849","entrance_ref":"1","network":"Московский метрополитен","match_rule":"stop_area_station","source":"OpenStreetMap/Overpass","source_snapshot":"2026-09-17T11:36:49Z"}},{"type":"Feature","id":"node/1108414684","geometry":{"type":"Point","coordinates":[37.407704,55.755311]},"properties":{"osm_id":"node/1108414684","station_name":"Крылатское","access_kind":"entrance","station_osm_id":"node/6939665011","entrance_ref":"7","network":"Московский метрополитен","match_rule":"stop_area_station","source":"OpenStreetMap/Overpass","source_snapshot":"2026-09-17T11:36:49Z"}},{"type":"Feature","id":"node/1108417037","geometry":{"type":"Point","coordinates":[37.596443,55.769247]},"properties":{"osm_id":"node/1108417037","station_name":"Маяковская","access_kind":"entrance","station_osm_id":"node/291687455","entrance_ref":"4","network":"Московский метрополитен","match_rule":"stop_area_station","source":"OpenStreetMap/Overpass","source_snapshot":"2026-09-17T11:36:49Z"}},{"type":"Feature","id":"node/1108424175","geometry":{"type":"Point","coordinates":[37.657925,55.777309]},"properties":{"osm_id":"node/1108424175","station_name":"Комсомольская","access_kind":"entrance","station_osm_id":"node/267335088","entrance_ref":"5","network":"Московский метрополитен","match_rule":"stop_area_station","source":"OpenStreetMap/Overpass","source_snapshot":"2026-09-17T11:36:49Z"}},{"type":"Feature","id":"node/1108433000","geometry":{"type":"Point","coordinates":[37.751736,55.758545]},"properties":{"osm_id":"node/1108433000","station_name":"Шоссе Энтузиастов","access_kind":"entrance","station_osm_id":"node/255744578","entrance_ref":"4","network":"Московский метрополитен","match_rule":"stop_area_station","source":"OpenStreetMap/Overpass","source_snapshot":"2026-09-17T11:36:49Z"}},{"type":"Feature","id":"node/1108433004","geometry":{"type":"Point","coordinates":[37.751795,55.75845]},"properties":{"osm_id":"node/1108433004","station_name":"Шоссе Энтузиастов","access_kind":"entrance","station_osm_id":"node/255744578","entrance_ref":"2","network":"Московский метрополитен","match_rule":"stop_area_station","source":"OpenStreetMap/Overpass","source_snapshot":"2026-09-17T11:36:49Z"}},{"type":"Feature","id":"node/1108433007","geometry":{"type":"Point","coordinates":[37.752032,55.757416]},"properties":{"osm_id":"node/1108433007","station_name":"Шоссе Энтузиастов","access_kind":"entrance","station_osm_id":"node/255744578","entrance_ref":"1","network":"Московский метрополитен","match_rule":"stop_area_station","source":"OpenStreetMap/Overpass","source_snapshot":"2026-09-17T11:36:49Z"}},{"type":"Feature","id":"node/1108433008","geometry":{"type":"Point","coordinates":[37.751197,55.75844]},"properties":{"osm_id":"node/1108433008","station_name":"Шоссе Энтузиастов","access_kind":"entrance","station_osm_id":"node/255744578","entrance_ref":"3","network":"Московский метрополитен","match_rule":"stop_area_station","source":"OpenStreetMap/Overpass","source_snapshot":"2026-09-17T11:36:49Z"}},{"type":"Feature","id":"node/1110303821","geometry":{"type":"Point","coordinates":[37.705294,55.781921]},"properties":{"osm_id":"node/1110303821","station_name":"Электрозаводская","access_kind":"entrance","station_osm_id":"node/242546355","entrance_ref":"1","network":"Московский метрополитен","match_rule":"stop_area_station","source":"OpenStreetMap/Overpass","source_snapshot":"2026-09-17T11:36:49Z"}},{"type":"Feature","id":"node/1111110441","geometry":{"type":"Point","coordinates":[37.638694,55.80797]},"properties":{"osm_id":"node/1111110441","station_name":"Алексеевская","access_kind":"entrance","station_osm_id":"node/5202107562","entrance_ref":"1","network":"Московский метрополитен","match_rule":"stop_area_station","source":"OpenStreetMap/Overpass","source_snapshot":"2026-09-17T11:36:49Z"}},{"type":"Feature","id":"node/1111110455","geometry":{"type":"Point","coordinates":[37.638517,55.807715]},"properties":{"osm_id":"node/1111110455","station_name":"Алексеевская","access_kind":"entrance","station_osm_id":"node/5202107562","entrance_ref":"1","network":"Московский метрополитен","match_rule":"stop_area_station","source":"OpenStreetMap/Overpass","source_snapshot":"2026-09-17T11:36:49Z"}},{"type":"Feature","id":"node/1113594610","geometry":{"type":"Point","coordinates":[37.594549,55.771159]},"properties":{"osm_id":"node/1113594610","station_name":"Маяковская","access_kind":"entrance","station_osm_id":"node/291687455","entrance_ref":"1","network":"Московский метрополитен","match_rule":"stop_area_station","source":"OpenStreetMap/Overpass","source_snapshot":"2026-09-17T11:36:49Z"}},{"type":"Feature","id":"node/11172243635","geometry":{"type":"Point","coordinates":[37.297685,55.625044]},"properties":{"osm_id":"node/11172243635","station_name":"Пыхтино","access_kind":"entrance","station_osm_id":"node/11171697213","entrance_ref":"1","network":"Московский метрополитен","match_rule":"stop_area_station","source":"OpenStreetMap/Overpass","source_snapshot":"2026-09-17T11:36:49Z"}},{"type":"Feature","id":"node/11172547363","geometry":{"type":"Point","coordinates":[37.288012,55.605599]},"properties":{"osm_id":"node/11172547363","station_name":"Аэропорт Внуково","access_kind":"entrance","station_osm_id":"node/11171729958","entrance_ref":"1","network":"Московский метрополитен","match_rule":"stop_area_station","source":"OpenStreetMap/Overpass","source_snapshot":"2026-09-17T11:36:49Z"}},{"type":"Feature","id":"node/11175174612","geometry":{"type":"Point","coordinates":[37.545221,55.88102]},"properties":{"osm_id":"node/11175174612","station_name":"Яхромская","access_kind":"entrance","station_osm_id":"node/11174673548","entrance_ref":"1","network":"Московский метрополитен","match_rule":"stop_area_station","source":"OpenStreetMap/Overpass","source_snapshot":"2026-09-17T11:36:49Z"}},{"type":"Feature","id":"node/11175242517","geometry":{"type":"Point","coordinates":[37.543952,55.897137]},"properties":{"osm_id":"node/11175242517","station_name":"Лианозово","access_kind":"entrance","station_osm_id":"node/11174673551","entrance_ref":"1","network":"Московский метрополитен","match_rule":"stop_area_station","source":"OpenStreetMap/Overpass","source_snapshot":"2026-09-17T11:36:49Z"}},{"type":"Feature","id":"node/11183681472","geometry":{"type":"Point","coordinates":[37.547426,55.899616]},"properties":{"osm_id":"node/11183681472","station_name":"Лианозово","access_kind":"entrance","station_osm_id":"node/11174673551","entrance_ref":"8","network":"Московский метрополитен","match_rule":"stop_area_station","source":"OpenStreetMap/Overpass","source_snapshot":"2026-09-17T11:36:49Z"}},{"type":"Feature","id":"node/11183681479","geometry":{"type":"Point","coordinates":[37.547477,55.89966]},"properties":{"osm_id":"node/11183681479","station_name":"Лианозово","access_kind":"entrance","station_osm_id":"node/11174673551","entrance_ref":"8","network":"Московский метрополитен","match_rule":"stop_area_station","source":"OpenStreetMap/Overpass","source_snapshot":"2026-09-17T11:36:49Z"}},{"type":"Feature","id":"node/11183681511","geometry":{"type":"Point","coordinates":[37.546905,55.899179]},"properties":{"osm_id":"node/11183681511","station_name":"Лианозово","access_kind":"entrance","station_osm_id":"node/11174673551","entrance_ref":"7","network":"Московский метрополитен","match_rule":"stop_area_station","source":"OpenStreetMap/Overpass","source_snapshot":"2026-09-17T11:36:49Z"}},{"type":"Feature","id":"node/11183681526","geometry":{"type":"Point","coordinates":[37.545428,55.899115]},"properties":{"osm_id":"node/11183681526","station_name":"Лианозово","access_kind":"entrance","station_osm_id":"node/11174673551","entrance_ref":"6","network":"Московский метрополитен","match_rule":"stop_area_station","source":"OpenStreetMap/Overpass","source_snapshot":"2026-09-17T11:36:49Z"}},{"type":"Feature","id":"node/11184007749","geometry":{"type":"Point","coordinates":[37.544215,55.880814]},"properties":{"osm_id":"node/11184007749","station_name":"Яхромская","access_kind":"entrance","station_osm_id":"node/11174673548","entrance_ref":"2","network":"Московский метрополитен","match_rule":"stop_area_station","source":"OpenStreetMap/Overpass","source_snapshot":"2026-09-17T11:36:49Z"}},{"type":"Feature","id":"node/11184042106","geometry":{"type":"Point","coordinates":[37.546432,55.920868]},"properties":{"osm_id":"node/11184042106","station_name":"Физтех","access_kind":"entrance","station_osm_id":"node/11174639393","entrance_ref":"2","network":"Московский метрополитен","match_rule":"stop_area_station","source":"OpenStreetMap/Overpass","source_snapshot":"2026-09-17T11:36:49Z"}},{"type":"Feature","id":"node/11184042109","geometry":{"type":"Point","coordinates":[37.546199,55.920892]},"properties":{"osm_id":"node/11184042109","station_name":"Физтех","access_kind":"entrance","station_osm_id":"node/11174639393","entrance_ref":"2","network":"Московский метрополитен","match_rule":"stop_area_station","source":"OpenStreetMap/Overpass","source_snapshot":"2026-09-17T11:36:49Z"}},{"type":"Feature","id":"node/1122406369","geometry":{"type":"Point","coordinates":[37.572399,55.687217]},"properties":{"osm_id":"node/1122406369","station_name":"Академическая","access_kind":"entrance","station_osm_id":"node/282413851","entrance_ref":"4","network":"Московский метрополитен","match_rule":"stop_area_station","source":"OpenStreetMap/Overpass","source_snapshot":"2026-09-17T11:36:49Z"}},{"type":"Feature","id":"node/1122406371","geometry":{"type":"Point","coordinates":[37.572124,55.686962]},"properties":{"osm_id":"node/1122406371","station_name":"Академическая","access_kind":"entrance","station_osm_id":"node/282413851","entrance_ref":"3","network":"Московский метрополитен","match_rule":"stop_area_station","source":"OpenStreetMap/Overpass","source_snapshot":"2026-09-17T11:36:49Z"}},{"type":"Feature","id":"node/1123668136","geometry":{"type":"Point","coordinates":[37.660047,55.758047]},"properties":{"osm_id":"node/1123668136","station_name":"Курская","access_kind":"entrance","station_osm_id":"node/5202107570","entrance_ref":"2","network":"Московский метрополитен","match_rule":"stop_area_station","source":"OpenStreetMap/Overpass","source_snapshot":"2026-09-17T11:36:49Z"}},{"type":"Feature","id":"node/1123766417","geometry":{"type":"Point","coordinates":[37.660977,55.758754]},"properties":{"osm_id":"node/1123766417","station_name":"Курская","access_kind":"entrance","station_osm_id":"node/5202107570","entrance_ref":"4.2","network":"Московский метрополитен","match_rule":"stop_area_station","source":"OpenStreetMap/Overpass","source_snapshot":"2026-09-17T11:36:49Z"}},{"type":"Feature","id":"node/1125342029","geometry":{"type":"Point","coordinates":[37.717297,55.609868]},"properties":{"osm_id":"node/1125342029","station_name":"Домодедовская","access_kind":"entrance","station_osm_id":"node/305486163","entrance_ref":"10","network":"Московский метрополитен","match_rule":"stop_area_station","source":"OpenStreetMap/Overpass","source_snapshot":"2026-09-17T11:36:49Z"}},{"type":"Feature","id":"node/1132662779","geometry":{"type":"Point","coordinates":[37.783343,55.787935]},"properties":{"osm_id":"node/1132662779","station_name":"Измайловская","access_kind":"entrance","station_osm_id":"node/2692857848","entrance_ref":"1","network":"Московский метрополитен","match_rule":"stop_area_station","source":"OpenStreetMap/Overpass","source_snapshot":"2026-09-17T11:36:49Z"}},{"type":"Feature","id":"node/1135715827","geometry":{"type":"Point","coordinates":[37.581812,55.748941]},"properties":{"osm_id":"node/1135715827","station_name":"Смоленская","access_kind":"entrance","station_osm_id":"node/291687197","entrance_ref":"1","network":"Московский метрополитен","match_rule":"stop_area_station","source":"OpenStreetMap/Overpass","source_snapshot":"2026-09-17T11:36:49Z"}},{"type":"Feature","id":"node/1145491275","geometry":{"type":"Point","coordinates":[37.613951,55.781616]},"properties":{"osm_id":"node/1145491275","station_name":"Достоевская","access_kind":"entrance","station_osm_id":"node/773136972","entrance_ref":"1","network":"Московский метрополитен","match_rule":"stop_area_station","source":"OpenStreetMap/Overpass","source_snapshot":"2026-09-17T11:36:49Z"}},{"type":"Feature","id":"node/1149349090","geometry":{"type":"Point","coordinates":[37.655638,55.773836]},"properties":{"osm_id":"node/1149349090","station_name":"Комсомольская","access_kind":"entrance","station_osm_id":"node/297148038","entrance_ref":"4","network":"Московский метрополитен","match_rule":"stop_area_station","source":"OpenStreetMap/Overpass","source_snapshot":"2026-09-17T11:36:49Z"}},{"type":"Feature","id":"node/1149349158","geometry":{"type":"Point","coordinates":[37.655895,55.773534]},"properties":{"osm_id":"node/1149349158","station_name":"Комсомольская","access_kind":"entrance","station_osm_id":"node/297148038","entrance_ref":"4","network":"Московский метрополитен","match_rule":"stop_area_station","source":"OpenStreetMap/Overpass","source_snapshot":"2026-09-17T11:36:49Z"}},{"type":"Feature","id":"node/1156115883","geometry":{"type":"Point","coordinates":[37.483411,55.66477]},"properties":{"osm_id":"node/1156115883","station_name":"Юго-Западная","access_kind":"entrance","station_osm_id":"node/309752486","entrance_ref":"6","network":"Московский метрополитен","match_rule":"stop_area_station","source":"OpenStreetMap/Overpass","source_snapshot":"2026-09-17T11:36:49Z"}},{"type":"Feature","id":"node/1156126347","geometry":{"type":"Point","coordinates":[37.504807,55.676675]},"properties":{"osm_id":"node/1156126347","station_name":"Проспект Вернадского","access_kind":"entrance","station_osm_id":"node/349930322","entrance_ref":"2","network":"Московский метрополитен","match_rule":"stop_area_station","source":"OpenStreetMap/Overpass","source_snapshot":"2026-09-17T11:36:49Z"}},{"type":"Feature","id":"node/1156126348","geometry":{"type":"Point","coordinates":[37.504528,55.676524]},"properties":{"osm_id":"node/1156126348","station_name":"Проспект Вернадского","access_kind":"entrance","station_osm_id":"node/349930322","entrance_ref":"1","network":"Московский метрополитен","match_rule":"stop_area_station","source":"OpenStreetMap/Overpass","source_snapshot":"2026-09-17T11:36:49Z"}},{"type":"Feature","id":"node/1156126351","geometry":{"type":"Point","coordinates":[37.505429,55.676009]},"properties":{"osm_id":"node/1156126351","station_name":"Проспект Вернадского","access_kind":"entrance","station_osm_id":"node/349930322","entrance_ref":"6","network":"Московский метрополитен","match_rule":"stop_area_station","source":"OpenStreetMap/Overpass","source_snapshot":"2026-09-17T11:36:49Z"}},{"type":"Feature","id":"node/1156126352","geometry":{"type":"Point","coordinates":[37.505063,55.676221]},"properties":{"osm_id":"node/1156126352","station_name":"Проспект Вернадского","access_kind":"entrance","station_osm_id":"node/349930322","entrance_ref":"4","network":"Московский метрополитен","match_rule":"stop_area_station","source":"OpenStreetMap/Overpass","source_snapshot":"2026-09-17T11:36:49Z"}},{"type":"Feature","id":"node/1156521057","geometry":{"type":"Point","coordinates":[37.71738,55.796439]},"properties":{"osm_id":"node/1156521057","station_name":"Преображенская площадь","access_kind":"entrance","station_osm_id":"node/265949958","entrance_ref":"3","network":"Московский метрополитен","match_rule":"stop_area_station","source":"OpenStreetMap/Overpass","source_snapshot":"2026-09-17T11:36:49Z"}},{"type":"Feature","id":"node/1157637178","geometry":{"type":"Point","coordinates":[37.666095,55.779981]},"properties":{"osm_id":"node/1157637178","station_name":"Красносельская","access_kind":"entrance","station_osm_id":"node/267335089","entrance_ref":"1","network":"Московский метрополитен","match_rule":"stop_area_station","source":"OpenStreetMap/Overpass","source_snapshot":"2026-09-17T11:36:49Z"}},{"type":"Feature","id":"node/1157753889","geometry":{"type":"Point","coordinates":[37.696085,55.717349]},"properties":{"osm_id":"node/1157753889","station_name":"Угрешская","access_kind":"entrance","station_osm_id":"relation/6604101","entrance_ref":"1","network":"МЦК","match_rule":"stop_area_relation","source":"OpenStreetMap/Overpass","source_snapshot":"2026-09-17T11:36:49Z"}},{"type":"Feature","id":"node/1157754034","geometry":{"type":"Point","coordinates":[37.695694,55.718079]},"properties":{"osm_id":"node/1157754034","station_name":"Угрешская","access_kind":"entrance","station_osm_id":"relation/6604101","entrance_ref":"2","network":"МЦК","match_rule":"stop_area_relation","source":"OpenStreetMap/Overpass","source_snapshot":"2026-09-17T11:36:49Z"}},{"type":"Feature","id":"node/1157754136","geometry":{"type":"Point","coordinates":[37.694647,55.718512]},"properties":{"osm_id":"node/1157754136","station_name":"Угрешская","access_kind":"entrance","station_osm_id":"relation/6604101","entrance_ref":"3","network":"МЦК","match_rule":"stop_area_relation","source":"OpenStreetMap/Overpass","source_snapshot":"2026-09-17T11:36:49Z"}},{"type":"Feature","id":"node/1163403988","geometry":{"type":"Point","coordinates":[37.55639,55.600459]},"properties":{"osm_id":"node/1163403988","station_name":"Битцевский парк","access_kind":"entrance","station_osm_id":"node/2591402980","entrance_ref":"1","network":"Московский метрополитен","match_rule":"stop_area_station","source":"OpenStreetMap/Overpass","source_snapshot":"2026-09-17T11:36:49Z"}},{"type":"Feature","id":"node/1163427541","geometry":{"type":"Point","coordinates":[37.531399,55.606179]},"properties":{"osm_id":"node/1163427541","station_name":"Ясенево","access_kind":"entrance","station_osm_id":"node/264162888","entrance_ref":"5","network":"Московский метрополитен","match_rule":"stop_area_station","source":"OpenStreetMap/Overpass","source_snapshot":"2026-09-17T11:36:49Z"}},{"type":"Feature","id":"node/1163546850","geometry":{"type":"Point","coordinates":[37.553693,55.669692]},"properties":{"osm_id":"node/1163546850","station_name":"Новые Черёмушки","access_kind":"entrance","station_osm_id":"node/259786806","entrance_ref":"4","network":"Московский метрополитен","match_rule":"stop_area_station","source":"OpenStreetMap/Overpass","source_snapshot":"2026-09-17T11:36:49Z"}},{"type":"Feature","id":"node/1163546852","geometry":{"type":"Point","coordinates":[37.554235,55.669508]},"properties":{"osm_id":"node/1163546852","station_name":"Новые Черёмушки","access_kind":"entrance","station_osm_id":"node/259786806","entrance_ref":"1","network":"Московский метрополитен","match_rule":"stop_area_station","source":"OpenStreetMap/Overpass","source_snapshot":"2026-09-17T11:36:49Z"}},{"type":"Feature","id":"node/1163546854","geometry":{"type":"Point","coordinates":[37.55544,55.671306]},"properties":{"osm_id":"node/1163546854","station_name":"Новые Черёмушки","access_kind":"entrance","station_osm_id":"node/259786806","entrance_ref":"6","network":"Московский метрополитен","match_rule":"stop_area_station","source":"OpenStreetMap/Overpass","source_snapshot":"2026-09-17T11:36:49Z"}},{"type":"Feature","id":"node/1163546862","geometry":{"type":"Point","coordinates":[37.553439,55.669455]},"properties":{"osm_id":"node/1163546862","station_name":"Новые Черёмушки","access_kind":"entrance","station_osm_id":"node/259786806","entrance_ref":"3","network":"Московский метрополитен","match_rule":"stop_area_station","source":"OpenStreetMap/Overpass","source_snapshot":"2026-09-17T11:36:49Z"}},{"type":"Feature","id":"node/1163546872","geometry":{"type":"Point","coordinates":[37.555699,55.670861]},"properties":{"osm_id":"node/1163546872","station_name":"Новые Черёмушки","access_kind":"entrance","station_osm_id":"node/259786806","entrance_ref":"8","network":"Московский метрополитен","match_rule":"stop_area_station","source":"OpenStreetMap/Overpass","source_snapshot":"2026-09-17T11:36:49Z"}},{"type":"Feature","id":"node/1163546910","geometry":{"type":"Point","coordinates":[37.555967,55.671111]},"properties":{"osm_id":"node/1163546910","station_name":"Новые Черёмушки","access_kind":"entrance","station_osm_id":"node/259786806","entrance_ref":"7","network":"Московский метрополитен","match_rule":"stop_area_station","source":"OpenStreetMap/Overpass","source_snapshot":"2026-09-17T11:36:49Z"}},{"type":"Feature","id":"node/1163546913","geometry":{"type":"Point","coordinates":[37.55516,55.671047]},"properties":{"osm_id":"node/1163546913","station_name":"Новые Черёмушки","access_kind":"entrance","station_osm_id":"node/259786806","entrance_ref":"5","network":"Московский метрополитен","match_rule":"stop_area_station","source":"OpenStreetMap/Overpass","source_snapshot":"2026-09-17T11:36:49Z"}},{"type":"Feature","id":"node/1163546916","geometry":{"type":"Point","coordinates":[37.553985,55.669279]},"properties":{"osm_id":"node/1163546916","station_name":"Новые Черёмушки","access_kind":"entrance","station_osm_id":"node/259786806","entrance_ref":"2","network":"Московский метрополитен","match_rule":"stop_area_station","source":"OpenStreetMap/Overpass","source_snapshot":"2026-09-17T11:36:49Z"}},{"type":"Feature","id":"node/1165285286","geometry":{"type":"Point","coordinates":[37.56393,55.678541]},"properties":{"osm_id":"node/1165285286","station_name":"Профсоюзная","access_kind":"entrance","station_osm_id":"node/282414382","entrance_ref":"8","network":"Московский метрополитен","match_rule":"stop_area_station","source":"OpenStreetMap/Overpass","source_snapshot":"2026-09-17T11:36:49Z"}},{"type":"Feature","id":"node/1165285291","geometry":{"type":"Point","coordinates":[37.562385,55.677127]},"properties":{"osm_id":"node/1165285291","station_name":"Профсоюзная","access_kind":"entrance","station_osm_id":"node/282414382","entrance_ref":"1","network":"Московский метрополитен","match_rule":"stop_area_station","source":"OpenStreetMap/Overpass","source_snapshot":"2026-09-17T11:36:49Z"}},{"type":"Feature","id":"node/1165285297","geometry":{"type":"Point","coordinates":[37.561838,55.677299]},"properties":{"osm_id":"node/1165285297","station_name":"Профсоюзная","access_kind":"entrance","station_osm_id":"node/282414382","entrance_ref":"4","network":"Московский метрополитен","match_rule":"stop_area_station","source":"OpenStreetMap/Overpass","source_snapshot":"2026-09-17T11:36:49Z"}},{"type":"Feature","id":"node/1165285298","geometry":{"type":"Point","coordinates":[37.563371,55.678728]},"properties":{"osm_id":"node/1165285298","station_name":"Профсоюзная","access_kind":"entrance","station_osm_id":"node/282414382","entrance_ref":"5","network":"Московский метрополитен","match_rule":"stop_area_station","source":"OpenStreetMap/Overpass","source_snapshot":"2026-09-17T11:36:49Z"}},{"type":"Feature","id":"node/1165295805","geometry":{"type":"Point","coordinates":[37.572842,55.686778]},"properties":{"osm_id":"node/1165295805","station_name":"Академическая","access_kind":"entrance","station_osm_id":"node/282413851","entrance_ref":"2","network":"Московский метрополитен","match_rule":"stop_area_station","source":"OpenStreetMap/Overpass","source_snapshot":"2026-09-17T11:36:49Z"}},{"type":"Feature","id":"node/1165295819","geometry":{"type":"Point","coordinates":[37.573886,55.688584]},"properties":{"osm_id":"node/1165295819","station_name":"Академическая","access_kind":"entrance","station_osm_id":"node/282413851","entrance_ref":"5","network":"Московский метрополитен","match_rule":"stop_area_station","source":"OpenStreetMap/Overpass","source_snapshot":"2026-09-17T11:36:49Z"}},{"type":"Feature","id":"node/1165295820","geometry":{"type":"Point","coordinates":[37.574496,55.688322]},"properties":{"osm_id":"node/1165295820","station_name":"Академическая","access_kind":"entrance","station_osm_id":"node/282413851","entrance_ref":"8","network":"Московский метрополитен","match_rule":"stop_area_station","source":"OpenStreetMap/Overpass","source_snapshot":"2026-09-17T11:36:49Z"}},{"type":"Feature","id":"node/1166354046","geometry":{"type":"Point","coordinates":[37.631865,55.756985]},"properties":{"osm_id":"node/1166354046","station_name":"Китай-город","access_kind":"entrance","station_osm_id":"node/5176322726","entrance_ref":"7","network":"Московский метрополитен","match_rule":"stop_area_station","source":"OpenStreetMap/Overpass","source_snapshot":"2026-09-17T11:36:49Z"}},{"type":"Feature","id":"node/1166354047","geometry":{"type":"Point","coordinates":[37.632047,55.757208]},"properties":{"osm_id":"node/1166354047","station_name":"Китай-город","access_kind":"entrance","station_osm_id":"node/5176322726","entrance_ref":"6","network":"Московский метрополитен","match_rule":"stop_area_station","source":"OpenStreetMap/Overpass","source_snapshot":"2026-09-17T11:36:49Z"}},{"type":"Feature","id":"node/1167964908","geometry":{"type":"Point","coordinates":[37.668345,55.73223]},"properties":{"osm_id":"node/1167964908","station_name":"Пролетарская","access_kind":"entrance","station_osm_id":"node/253016891","entrance_ref":"3","network":"Московский метрополитен","match_rule":"stop_area_station","source":"OpenStreetMap/Overpass","source_snapshot":"2026-09-17T11:36:49Z"}},{"type":"Feature","id":"node/1167964910","geometry":{"type":"Point","coordinates":[37.66797,55.732432]},"properties":{"osm_id":"node/1167964910","station_name":"Пролетарская","access_kind":"entrance","station_osm_id":"node/253016891","entrance_ref":"2","network":"Московский метрополитен","match_rule":"stop_area_station","source":"OpenStreetMap/Overpass","source_snapshot":"2026-09-17T11:36:49Z"}},{"type":"Feature","id":"node/1167964924","geometry":{"type":"Point","coordinates":[37.667822,55.731896]},"properties":{"osm_id":"node/1167964924","station_name":"Пролетарская","access_kind":"entrance","station_osm_id":"node/253016891","entrance_ref":"1","network":"Московский метрополитен","match_rule":"stop_area_station","source":"OpenStreetMap/Overpass","source_snapshot":"2026-09-17T11:36:49Z"}},{"type":"Feature","id":"node/1167980160","geometry":{"type":"Point","coordinates":[37.664008,55.73165]},"properties":{"osm_id":"node/1167980160","station_name":"Пролетарская","access_kind":"entrance","station_osm_id":"node/253016891","entrance_ref":"5","network":"Московский метрополитен","match_rule":"stop_area_station","source":"OpenStreetMap/Overpass","source_snapshot":"2026-09-17T11:36:49Z"}},{"type":"Feature","id":"node/1167980183","geometry":{"type":"Point","coordinates":[37.664439,55.731778]},"properties":{"osm_id":"node/1167980183","station_name":"Пролетарская","access_kind":"entrance","station_osm_id":"node/253016891","entrance_ref":"4","network":"Московский метрополитен","match_rule":"stop_area_station","source":"OpenStreetMap/Overpass","source_snapshot":"2026-09-17T11:36:49Z"}},{"type":"Feature","id":"node/1167980185","geometry":{"type":"Point","coordinates":[37.664538,55.731174]},"properties":{"osm_id":"node/1167980185","station_name":"Пролетарская","access_kind":"entrance","station_osm_id":"node/253016891","entrance_ref":"9","network":"Московский метрополитен","match_rule":"stop_area_station","source":"OpenStreetMap/Overpass","source_snapshot":"2026-09-17T11:36:49Z"}},{"type":"Feature","id":"node/1167980206","geometry":{"type":"Point","coordinates":[37.665004,55.731314]},"properties":{"osm_id":"node/1167980206","station_name":"Пролетарская","access_kind":"entrance","station_osm_id":"node/253016891","entrance_ref":"8","network":"Московский метрополитен","match_rule":"stop_area_station","source":"OpenStreetMap/Overpass","source_snapshot":"2026-09-17T11:36:49Z"}},{"type":"Feature","id":"node/1167980210","geometry":{"type":"Point","coordinates":[37.664247,55.731423]},"properties":{"osm_id":"node/1167980210","station_name":"Пролетарская","access_kind":"entrance","station_osm_id":"node/253016891","entrance_ref":"7","network":"Московский метрополитен","match_rule":"stop_area_station","source":"OpenStreetMap/Overpass","source_snapshot":"2026-09-17T11:36:49Z"}},{"type":"Feature","id":"node/1167989637","geometry":{"type":"Point","coordinates":[37.677208,55.717666]},"properties":{"osm_id":"node/1167989637","station_name":"Дубровка","access_kind":"entrance","station_osm_id":"node/296947185","entrance_ref":"2","network":"Московский метрополитен","match_rule":"stop_area_station","source":"OpenStreetMap/Overpass","source_snapshot":"2026-09-17T11:36:49Z"}},{"type":"Feature","id":"node/1167989645","geometry":{"type":"Point","coordinates":[37.676188,55.717857]},"properties":{"osm_id":"node/1167989645","station_name":"Дубровка","access_kind":"entrance","station_osm_id":"node/296947185","entrance_ref":"3","network":"Московский метрополитен","match_rule":"stop_area_station","source":"OpenStreetMap/Overpass","source_snapshot":"2026-09-17T11:36:49Z"}},{"type":"Feature","id":"node/1167999174","geometry":{"type":"Point","coordinates":[37.727792,55.692915]},"properties":{"osm_id":"node/1167999174","station_name":"Печатники","access_kind":"entrance","station_osm_id":"node/296949278","entrance_ref":"5","network":"Московский метрополитен","match_rule":"stop_area_station","source":"OpenStreetMap/Overpass","source_snapshot":"2026-09-17T11:36:49Z"}},{"type":"Feature","id":"node/1168171993","geometry":{"type":"Point","coordinates":[37.763105,55.676878]},"properties":{"osm_id":"node/1168171993","station_name":"Люблино","access_kind":"entrance","station_osm_id":"node/296949285","entrance_ref":"6","network":"Московский метрополитен","match_rule":"stop_area_station","source":"OpenStreetMap/Overpass","source_snapshot":"2026-09-17T11:36:49Z"}},{"type":"Feature","id":"node/1168172052","geometry":{"type":"Point","coordinates":[37.760983,55.674404]},"properties":{"osm_id":"node/1168172052","station_name":"Люблино","access_kind":"entrance","station_osm_id":"node/296949285","entrance_ref":"1","network":"Московский метрополитен","match_rule":"stop_area_station","source":"OpenStreetMap/Overpass","source_snapshot":"2026-09-17T11:36:49Z"}},{"type":"Feature","id":"node/1168205136","geometry":{"type":"Point","coordinates":[37.749743,55.659269]},"properties":{"osm_id":"node/1168205136","station_name":"Братиславская","access_kind":"entrance","station_osm_id":"node/333159878","entrance_ref":"1","network":"Московский метрополитен","match_rule":"stop_area_station","source":"OpenStreetMap/Overpass","source_snapshot":"2026-09-17T11:36:49Z"}},{"type":"Feature","id":"node/11710520413","geometry":{"type":"Point","coordinates":[37.484854,55.688602]},"properties":{"osm_id":"node/11710520413","station_name":"Мичуринский проспект","access_kind":"entrance","station_osm_id":"node/9315693028","entrance_ref":"3","network":"Московский метрополитен","match_rule":"stop_area_station","source":"OpenStreetMap/Overpass","source_snapshot":"2026-09-17T11:36:49Z"}},{"type":"Feature","id":"node/1172222279","geometry":{"type":"Point","coordinates":[37.577868,55.569926]},"properties":{"osm_id":"node/1172222279","station_name":"Бульвар Дмитрия Донского","access_kind":"entrance","station_osm_id":"node/309741697","entrance_ref":"10","network":"Московский метрополитен","match_rule":"stop_area_station","source":"OpenStreetMap/Overpass","source_snapshot":"2026-09-17T11:36:49Z"}},{"type":"Feature","id":"node/1172222296","geometry":{"type":"Point","coordinates":[37.578137,55.570305]},"properties":{"osm_id":"node/1172222296","station_name":"Бульвар Дмитрия Донского","access_kind":"entrance","station_osm_id":"node/309741697","entrance_ref":"9","network":"Московский метрополитен","match_rule":"stop_area_station","source":"OpenStreetMap/Overpass","source_snapshot":"2026-09-17T11:36:49Z"}},{"type":"Feature","id":"node/1172222301","geometry":{"type":"Point","coordinates":[37.577062,55.570091]},"properties":{"osm_id":"node/1172222301","station_name":"Бульвар Дмитрия Донского","access_kind":"entrance","station_osm_id":"node/309741697","entrance_ref":"6","network":"Московский метрополитен","match_rule":"stop_area_station","source":"OpenStreetMap/Overpass","source_snapshot":"2026-09-17T11:36:49Z"}},{"type":"Feature","id":"node/1172222305","geometry":{"type":"Point","coordinates":[37.576677,55.570659]},"properties":{"osm_id":"node/1172222305","station_name":"Бульвар Дмитрия Донского","access_kind":"entrance","station_osm_id":"node/309741697","entrance_ref":"8","network":"Московский метрополитен","match_rule":"stop_area_station","source":"OpenStreetMap/Overpass","source_snapshot":"2026-09-17T11:36:49Z"}},{"type":"Feature","id":"node/1172222311","geometry":{"type":"Point","coordinates":[37.57637,55.570254]},"properties":{"osm_id":"node/1172222311","station_name":"Бульвар Дмитрия Донского","access_kind":"entrance","station_osm_id":"node/309741697","entrance_ref":"7","network":"Московский метрополитен","match_rule":"stop_area_station","source":"OpenStreetMap/Overpass","source_snapshot":"2026-09-17T11:36:49Z"}},{"type":"Feature","id":"node/1174247763","geometry":{"type":"Point","coordinates":[37.600144,55.595807]},"properties":{"osm_id":"node/1174247763","station_name":"Улица Академика Янгеля","access_kind":"entrance","station_osm_id":"node/296953139","entrance_ref":"4","network":"Московский метрополитен","match_rule":"stop_area_station","source":"OpenStreetMap/Overpass","source_snapshot":"2026-09-17T11:36:49Z"}},{"type":"Feature","id":"node/1174247765","geometry":{"type":"Point","coordinates":[37.600427,55.594521]},"properties":{"osm_id":"node/1174247765","station_name":"Улица Академика Янгеля","access_kind":"entrance","station_osm_id":"node/296953139","entrance_ref":"1","network":"Московский метрополитен","match_rule":"stop_area_station","source":"OpenStreetMap/Overpass","source_snapshot":"2026-09-17T11:36:49Z"}},{"type":"Feature","id":"node/1174247791","geometry":{"type":"Point","coordinates":[37.601062,55.594308]},"properties":{"osm_id":"node/1174247791","station_name":"Улица Академика Янгеля","access_kind":"entrance","station_osm_id":"node/296953139","entrance_ref":"2","network":"Московский метрополитен","match_rule":"stop_area_station","source":"OpenStreetMap/Overpass","source_snapshot":"2026-09-17T11:36:49Z"}},{"type":"Feature","id":"node/1174247801","geometry":{"type":"Point","coordinates":[37.601839,55.594196]},"properties":{"osm_id":"node/1174247801","station_name":"Улица Академика Янгеля","access_kind":"entrance","station_osm_id":"node/296953139","entrance_ref":"3","network":"Московский метрополитен","match_rule":"stop_area_station","source":"OpenStreetMap/Overpass","source_snapshot":"2026-09-17T11:36:49Z"}},{"type":"Feature","id":"node/1174247807","geometry":{"type":"Point","coordinates":[37.601224,55.596217]},"properties":{"osm_id":"node/1174247807","station_name":"Улица Академика Янгеля","access_kind":"entrance","station_osm_id":"node/296953139","entrance_ref":"5","network":"Московский метрополитен","match_rule":"stop_area_station","source":"OpenStreetMap/Overpass","source_snapshot":"2026-09-17T11:36:49Z"}},{"type":"Feature","id":"node/1174288646","geometry":{"type":"Point","coordinates":[37.604864,55.613675]},"properties":{"osm_id":"node/1174288646","station_name":"Пражская","access_kind":"entrance","station_osm_id":"node/296953138","entrance_ref":"10","network":"Московский метрополитен","match_rule":"stop_area_station","source":"OpenStreetMap/Overpass","source_snapshot":"2026-09-17T11:36:49Z"}},{"type":"Feature","id":"node/1174288654","geometry":{"type":"Point","coordinates":[37.604656,55.613272]},"properties":{"osm_id":"node/1174288654","station_name":"Пражская","access_kind":"entrance","station_osm_id":"node/296953138","entrance_ref":"9","network":"Московский метрополитен","match_rule":"stop_area_station","source":"OpenStreetMap/Overpass","source_snapshot":"2026-09-17T11:36:49Z"}},{"type":"Feature","id":"node/1174288699","geometry":{"type":"Point","coordinates":[37.604197,55.613335]},"properties":{"osm_id":"node/1174288699","station_name":"Пражская","access_kind":"entrance","station_osm_id":"node/296953138","entrance_ref":"11","network":"Московский метрополитен","match_rule":"stop_area_station","source":"OpenStreetMap/Overpass","source_snapshot":"2026-09-17T11:36:49Z"}},{"type":"Feature","id":"node/1174288709","geometry":{"type":"Point","coordinates":[37.604395,55.613731]},"properties":{"osm_id":"node/1174288709","station_name":"Пражская","access_kind":"entrance","station_osm_id":"node/296953138","entrance_ref":"12","network":"Московский метрополитен","match_rule":"stop_area_station","source":"OpenStreetMap/Overpass","source_snapshot":"2026-09-17T11:36:49Z"}},{"type":"Feature","id":"node/1174317895","geometry":{"type":"Point","coordinates":[37.607974,55.62113]},"properties":{"osm_id":"node/1174317895","station_name":"Южная","access_kind":"entrance","station_osm_id":"node/296953137","entrance_ref":"3","network":"Московский метрополитен","match_rule":"stop_area_station","source":"OpenStreetMap/Overpass","source_snapshot":"2026-09-17T11:36:49Z"}},{"type":"Feature","id":"node/1174317899","geometry":{"type":"Point","coordinates":[37.60846,55.623348]},"properties":{"osm_id":"node/1174317899","station_name":"Южная","access_kind":"entrance","station_osm_id":"node/296953137","entrance_ref":"5","network":"Московский метрополитен","match_rule":"stop_area_station","source":"OpenStreetMap/Overpass","source_snapshot":"2026-09-17T11:36:49Z"}},{"type":"Feature","id":"node/1174485338","geometry":{"type":"Point","coordinates":[37.597193,55.652607]},"properties":{"osm_id":"node/1174485338","station_name":"Каховская","access_kind":"entrance","station_osm_id":"node/314679443","entrance_ref":"5","network":"Московский метрополитен","match_rule":"stop_area_station","source":"OpenStreetMap/Overpass","source_snapshot":"2026-09-17T11:36:49Z"}},{"type":"Feature","id":"node/1174485350","geometry":{"type":"Point","coordinates":[37.596415,55.652907]},"properties":{"osm_id":"node/1174485350","station_name":"Каховская","access_kind":"entrance","station_osm_id":"node/314679443","entrance_ref":"7","network":"Московский метрополитен","match_rule":"stop_area_station","source":"OpenStreetMap/Overpass","source_snapshot":"2026-09-17T11:36:49Z"}},{"type":"Feature","id":"node/1174505789","geometry":{"type":"Point","coordinates":[37.611457,55.673073]},"properties":{"osm_id":"node/1174505789","station_name":"Нагорная","access_kind":"entrance","station_osm_id":"node/296953133","entrance_ref":"2","network":"Московский метрополитен","match_rule":"stop_area_station","source":"OpenStreetMap/Overpass","source_snapshot":"2026-09-17T11:36:49Z"}},{"type":"Feature","id":"node/1174523570","geometry":{"type":"Point","coordinates":[37.620883,55.682362]},"properties":{"osm_id":"node/1174523570","station_name":"Нагатинская","access_kind":"entrance","station_osm_id":"node/296953132","entrance_ref":"3","network":"Московский метрополитен","match_rule":"stop_area_station","source":"OpenStreetMap/Overpass","source_snapshot":"2026-09-17T11:36:49Z"}},{"type":"Feature","id":"node/1174523577","geometry":{"type":"Point","coordinates":[37.620988,55.681722]},"properties":{"osm_id":"node/1174523577","station_name":"Нагатинская","access_kind":"entrance","station_osm_id":"node/296953132","entrance_ref":"2","network":"Московский метрополитен","match_rule":"stop_area_station","source":"OpenStreetMap/Overpass","source_snapshot":"2026-09-17T11:36:49Z"}},{"type":"Feature","id":"node/1185728425","geometry":{"type":"Point","coordinates":[37.581389,55.808095]},"properties":{"osm_id":"node/1185728425","station_name":"Дмитровская","access_kind":"entrance","station_osm_id":"node/296956168","entrance_ref":"3","network":"Московский метрополитен","match_rule":"stop_area_station","source":"OpenStreetMap/Overpass","source_snapshot":"2026-09-17T11:36:49Z"}},{"type":"Feature","id":"node/1185728433","geometry":{"type":"Point","coordinates":[37.581918,55.808177]},"properties":{"osm_id":"node/1185728433","station_name":"Дмитровская","access_kind":"entrance","station_osm_id":"node/296956168","entrance_ref":"4","network":"Московский метрополитен","match_rule":"stop_area_station","source":"OpenStreetMap/Overpass","source_snapshot":"2026-09-17T11:36:49Z"}},{"type":"Feature","id":"node/1185925467","geometry":{"type":"Point","coordinates":[37.574342,55.81903]},"properties":{"osm_id":"node/1185925467","station_name":"Тимирязевская","access_kind":"entrance","station_osm_id":"node/296956167","entrance_ref":"4","network":"Московский метрополитен","match_rule":"stop_area_station","source":"OpenStreetMap/Overpass","source_snapshot":"2026-09-17T11:36:49Z"}},{"type":"Feature","id":"node/1185925473","geometry":{"type":"Point","coordinates":[37.574534,55.818674]},"properties":{"osm_id":"node/1185925473","station_name":"Тимирязевская","access_kind":"entrance","station_osm_id":"node/296956167","entrance_ref":"3","network":"Московский метрополитен","match_rule":"stop_area_station","source":"OpenStreetMap/Overpass","source_snapshot":"2026-09-17T11:36:49Z"}},{"type":"Feature","id":"node/1185925474","geometry":{"type":"Point","coordinates":[37.575149,55.818748]},"properties":{"osm_id":"node/1185925474","station_name":"Тимирязевская","access_kind":"entrance","station_osm_id":"node/296956167","entrance_ref":"1","network":"Московский метрополитен","match_rule":"stop_area_station","source":"OpenStreetMap/Overpass","source_snapshot":"2026-09-17T11:36:49Z"}},{"type":"Feature","id":"node/1185925489","geometry":{"type":"Point","coordinates":[37.574936,55.819141]},"properties":{"osm_id":"node/1185925489","station_name":"Тимирязевская","access_kind":"entrance","station_osm_id":"node/296956167","entrance_ref":"2","network":"Московский метрополитен","match_rule":"stop_area_station","source":"OpenStreetMap/Overpass","source_snapshot":"2026-09-17T11:36:49Z"}},{"type":"Feature","id":"node/1191123610","geometry":{"type":"Point","coordinates":[37.497346,55.743584]},"properties":{"osm_id":"node/1191123610","station_name":"Багратионовская","access_kind":"entrance","station_osm_id":"node/241158281","entrance_ref":"1","network":"Московский метрополитен","match_rule":"stop_area_station","source":"OpenStreetMap/Overpass","source_snapshot":"2026-09-17T11:36:49Z"}},{"type":"Feature","id":"node/1191123625","geometry":{"type":"Point","coordinates":[37.498153,55.743877]},"properties":{"osm_id":"node/1191123625","station_name":"Багратионовская","access_kind":"entrance","station_osm_id":"node/241158281","entrance_ref":"2","network":"Московский метрополитен","match_rule":"stop_area_station","source":"OpenStreetMap/Overpass","source_snapshot":"2026-09-17T11:36:49Z"}},{"type":"Feature","id":"node/1191305781","geometry":{"type":"Point","coordinates":[37.483714,55.739587]},"properties":{"osm_id":"node/1191305781","station_name":"Филёвский парк","access_kind":"entrance","station_osm_id":"node/241158259","entrance_ref":"2","network":"Московский метрополитен","match_rule":"stop_area_station","source":"OpenStreetMap/Overpass","source_snapshot":"2026-09-17T11:36:49Z"}},{"type":"Feature","id":"node/1196771460","geometry":{"type":"Point","coordinates":[37.560471,55.765425]},"properties":{"osm_id":"node/1196771460","station_name":"Улица 1905 года","access_kind":"entrance","station_osm_id":"node/296959509","entrance_ref":"2","network":"Московский метрополитен","match_rule":"stop_area_station","source":"OpenStreetMap/Overpass","source_snapshot":"2026-09-17T11:36:49Z"}},{"type":"Feature","id":"node/1196793233","geometry":{"type":"Point","coordinates":[37.656447,55.740617]},"properties":{"osm_id":"node/1196793233","station_name":"Марксистская","access_kind":"entrance","station_osm_id":"node/276191577","entrance_ref":"5","network":"Московский метрополитен","match_rule":"stop_area_station","source":"OpenStreetMap/Overpass","source_snapshot":"2026-09-17T11:36:49Z"}},{"type":"Feature","id":"node/1196793234","geometry":{"type":"Point","coordinates":[37.652978,55.739263]},"properties":{"osm_id":"node/1196793234","station_name":"Таганская","access_kind":"entrance","station_osm_id":"node/253016890","entrance_ref":"2","network":"Московский метрополитен","match_rule":"stop_area_station","source":"OpenStreetMap/Overpass","source_snapshot":"2026-09-17T11:36:49Z"}},{"type":"Feature","id":"node/1196793238","geometry":{"type":"Point","coordinates":[37.653625,55.739449]},"properties":{"osm_id":"node/1196793238","station_name":"Таганская","access_kind":"entrance","station_osm_id":"node/253016890","entrance_ref":"4","network":"Московский метрополитен","match_rule":"stop_area_station","source":"OpenStreetMap/Overpass","source_snapshot":"2026-09-17T11:36:49Z"}},{"type":"Feature","id":"node/1196793263","geometry":{"type":"Point","coordinates":[37.653663,55.742363]},"properties":{"osm_id":"node/1196793263","station_name":"Таганская","access_kind":"entrance","station_osm_id":"node/296045315","entrance_ref":"1","network":"Московский метрополитен","match_rule":"stop_area_station","source":"OpenStreetMap/Overpass","source_snapshot":"2026-09-17T11:36:49Z"}},{"type":"Feature","id":"node/1196793268","geometry":{"type":"Point","coordinates":[37.653398,55.739726]},"properties":{"osm_id":"node/1196793268","station_name":"Таганская","access_kind":"entrance","station_osm_id":"node/253016890","entrance_ref":"3","network":"Московский метрополитен","match_rule":"stop_area_station","source":"OpenStreetMap/Overpass","source_snapshot":"2026-09-17T11:36:49Z"}},{"type":"Feature","id":"node/1196793270","geometry":{"type":"Point","coordinates":[37.656792,55.741068]},"properties":{"osm_id":"node/1196793270","station_name":"Марксистская","access_kind":"entrance","station_osm_id":"node/276191577","entrance_ref":"6","network":"Московский метрополитен","match_rule":"stop_area_station","source":"OpenStreetMap/Overpass","source_snapshot":"2026-09-17T11:36:49Z"}},{"type":"Feature","id":"node/1196801507","geometry":{"type":"Point","coordinates":[37.68561,55.725518]},"properties":{"osm_id":"node/1196801507","station_name":"Волгоградский проспект","access_kind":"entrance","station_osm_id":"node/253016892","entrance_ref":"3","network":"Московский метрополитен","match_rule":"stop_area_station","source":"OpenStreetMap/Overpass","source_snapshot":"2026-09-17T11:36:49Z"}},{"type":"Feature","id":"node/1196811998","geometry":{"type":"Point","coordinates":[37.733666,55.708978]},"properties":{"osm_id":"node/1196811998","station_name":"Текстильщики","access_kind":"entrance","station_osm_id":"node/253016893","entrance_ref":"2","network":"Московский метрополитен","match_rule":"stop_area_station","source":"OpenStreetMap/Overpass","source_snapshot":"2026-09-17T11:36:49Z"}},{"type":"Feature","id":"node/1196811999","geometry":{"type":"Point","coordinates":[37.733623,55.709559]},"properties":{"osm_id":"node/1196811999","station_name":"Текстильщики","access_kind":"entrance","station_osm_id":"node/253016893","entrance_ref":"4","network":"Московский метрополитен","match_rule":"stop_area_station","source":"OpenStreetMap/Overpass","source_snapshot":"2026-09-17T11:36:49Z"}},{"type":"Feature","id":"node/1196812001","geometry":{"type":"Point","coordinates":[37.733156,55.708975]},"properties":{"osm_id":"node/1196812001","station_name":"Текстильщики","access_kind":"entrance","station_osm_id":"node/253016893","entrance_ref":"1","network":"Московский метрополитен","match_rule":"stop_area_station","source":"OpenStreetMap/Overpass","source_snapshot":"2026-09-17T11:36:49Z"}},{"type":"Feature","id":"node/1196812002","geometry":{"type":"Point","coordinates":[37.729852,55.708195]},"properties":{"osm_id":"node/1196812002","station_name":"Текстильщики","access_kind":"entrance","station_osm_id":"node/253016893","entrance_ref":"5","network":"Московский метрополитен","match_rule":"stop_area_station","source":"OpenStreetMap/Overpass","source_snapshot":"2026-09-17T11:36:49Z"}},{"type":"Feature","id":"node/1196812003","geometry":{"type":"Point","coordinates":[37.733128,55.709555]},"properties":{"osm_id":"node/1196812003","station_name":"Текстильщики","access_kind":"entrance","station_osm_id":"node/253016893","entrance_ref":"3","network":"Московский метрополитен","match_rule":"stop_area_station","source":"OpenStreetMap/Overpass","source_snapshot":"2026-09-17T11:36:49Z"}},{"type":"Feature","id":"node/1196822991","geometry":{"type":"Point","coordinates":[37.763981,55.706006]},"properties":{"osm_id":"node/1196822991","station_name":"Кузьминки","access_kind":"entrance","station_osm_id":"node/253016894","entrance_ref":"7","network":"Московский метрополитен","match_rule":"stop_area_station","source":"OpenStreetMap/Overpass","source_snapshot":"2026-09-17T11:36:49Z"}},{"type":"Feature","id":"node/1196822993","geometry":{"type":"Point","coordinates":[37.76704,55.70485]},"properties":{"osm_id":"node/1196822993","station_name":"Кузьминки","access_kind":"entrance","station_osm_id":"node/253016894","entrance_ref":"4","network":"Московский метрополитен","match_rule":"stop_area_station","source":"OpenStreetMap/Overpass","source_snapshot":"2026-09-17T11:36:49Z"}},{"type":"Feature","id":"node/1196822999","geometry":{"type":"Point","coordinates":[37.763751,55.705287]},"properties":{"osm_id":"node/1196822999","station_name":"Кузьминки","access_kind":"entrance","station_osm_id":"node/253016894","entrance_ref":"6","network":"Московский метрополитен","match_rule":"stop_area_station","source":"OpenStreetMap/Overpass","source_snapshot":"2026-09-17T11:36:49Z"}},{"type":"Feature","id":"node/1196823015","geometry":{"type":"Point","coordinates":[37.767279,55.705589]},"properties":{"osm_id":"node/1196823015","station_name":"Кузьминки","access_kind":"entrance","station_osm_id":"node/253016894","entrance_ref":"1","network":"Московский метрополитен","match_rule":"stop_area_station","source":"OpenStreetMap/Overpass","source_snapshot":"2026-09-17T11:36:49Z"}},{"type":"Feature","id":"node/1196823031","geometry":{"type":"Point","coordinates":[37.767747,55.705525]},"properties":{"osm_id":"node/1196823031","station_name":"Кузьминки","access_kind":"entrance","station_osm_id":"node/253016894","entrance_ref":"2","network":"Московский метрополитен","match_rule":"stop_area_station","source":"OpenStreetMap/Overpass","source_snapshot":"2026-09-17T11:36:49Z"}},{"type":"Feature","id":"node/1196823037","geometry":{"type":"Point","coordinates":[37.764352,55.70596]},"properties":{"osm_id":"node/1196823037","station_name":"Кузьминки","access_kind":"entrance","station_osm_id":"node/253016894","entrance_ref":"8","network":"Московский метрополитен","match_rule":"stop_area_station","source":"OpenStreetMap/Overpass","source_snapshot":"2026-09-17T11:36:49Z"}},{"type":"Feature","id":"node/1196823051","geometry":{"type":"Point","coordinates":[37.764141,55.705238]},"properties":{"osm_id":"node/1196823051","station_name":"Кузьминки","access_kind":"entrance","station_osm_id":"node/253016894","entrance_ref":"5","network":"Московский метрополитен","match_rule":"stop_area_station","source":"OpenStreetMap/Overpass","source_snapshot":"2026-09-17T11:36:49Z"}},{"type":"Feature","id":"node/1196823054","geometry":{"type":"Point","coordinates":[37.767463,55.704793]},"properties":{"osm_id":"node/1196823054","station_name":"Кузьминки","access_kind":"entrance","station_osm_id":"node/253016894","entrance_ref":"3","network":"Московский метрополитен","match_rule":"stop_area_station","source":"OpenStreetMap/Overpass","source_snapshot":"2026-09-17T11:36:49Z"}},{"type":"Feature","id":"node/1196826497","geometry":{"type":"Point","coordinates":[37.792721,55.716255]},"properties":{"osm_id":"node/1196826497","station_name":"Рязанский проспект","access_kind":"entrance","station_osm_id":"node/253017004","entrance_ref":"2","network":"Московский метрополитен","match_rule":"stop_area_station","source":"OpenStreetMap/Overpass","source_snapshot":"2026-09-17T11:36:49Z"}},{"type":"Feature","id":"node/1198099741","geometry":{"type":"Point","coordinates":[37.742969,55.613465]},"properties":{"osm_id":"node/1198099741","station_name":"Красногвардейская","access_kind":"entrance","station_osm_id":"node/300120212","entrance_ref":"5","network":"Московский метрополитен","match_rule":"stop_area_station","source":"OpenStreetMap/Overpass","source_snapshot":"2026-09-17T11:36:49Z"}},{"type":"Feature","id":"node/1198099742","geometry":{"type":"Point","coordinates":[37.742925,55.614022]},"properties":{"osm_id":"node/1198099742","station_name":"Красногвардейская","access_kind":"entrance","station_osm_id":"node/300120212","entrance_ref":"8","network":"Московский метрополитен","match_rule":"stop_area_station","source":"OpenStreetMap/Overpass","source_snapshot":"2026-09-17T11:36:49Z"}},{"type":"Feature","id":"node/1198099760","geometry":{"type":"Point","coordinates":[37.746024,55.614185]},"properties":{"osm_id":"node/1198099760","station_name":"Красногвардейская","access_kind":"entrance","station_osm_id":"node/300120212","entrance_ref":"1","network":"Московский метрополитен","match_rule":"stop_area_station","source":"OpenStreetMap/Overpass","source_snapshot":"2026-09-17T11:36:49Z"}},{"type":"Feature","id":"node/1198099767","geometry":{"type":"Point","coordinates":[37.746135,55.613611]},"properties":{"osm_id":"node/1198099767","station_name":"Красногвардейская","access_kind":"entrance","station_osm_id":"node/300120212","entrance_ref":"4","network":"Московский метрополитен","match_rule":"stop_area_station","source":"OpenStreetMap/Overpass","source_snapshot":"2026-09-17T11:36:49Z"}},{"type":"Feature","id":"node/1198429826","geometry":{"type":"Point","coordinates":[37.720484,55.610794]},"properties":{"osm_id":"node/1198429826","station_name":"Домодедовская","access_kind":"entrance","station_osm_id":"node/305486163","entrance_ref":"3","network":"Московский метрополитен","match_rule":"stop_area_station","source":"OpenStreetMap/Overpass","source_snapshot":"2026-09-17T11:36:49Z"}},{"type":"Feature","id":"node/1198429827","geometry":{"type":"Point","coordinates":[37.718255,55.61001]},"properties":{"osm_id":"node/1198429827","station_name":"Домодедовская","access_kind":"entrance","station_osm_id":"node/305486163","entrance_ref":"12","network":"Московский метрополитен","match_rule":"stop_area_station","source":"OpenStreetMap/Overpass","source_snapshot":"2026-09-17T11:36:49Z"}},{"type":"Feature","id":"node/1198520069","geometry":{"type":"Point","coordinates":[37.66282,55.676734]},"properties":{"osm_id":"node/1198520069","station_name":"Коломенская","access_kind":"entrance","station_osm_id":"node/292147581","entrance_ref":"3","network":"Московский метрополитен","match_rule":"stop_area_station","source":"OpenStreetMap/Overpass","source_snapshot":"2026-09-17T11:36:49Z"}},{"type":"Feature","id":"node/1198540317","geometry":{"type":"Point","coordinates":[37.658275,55.708411]},"properties":{"osm_id":"node/1198540317","station_name":"Автозаводская","access_kind":"entrance","station_osm_id":"node/292146578","entrance_ref":"2","network":"Московский метрополитен","match_rule":"stop_area_station","source":"OpenStreetMap/Overpass","source_snapshot":"2026-09-17T11:36:49Z"}},{"type":"Feature","id":"node/1199159501","geometry":{"type":"Point","coordinates":[37.583629,55.747884]},"properties":{"osm_id":"node/1199159501","station_name":"Смоленская","access_kind":"entrance","station_osm_id":"node/252828224","entrance_ref":"1","network":"Московский метрополитен","match_rule":"stop_area_station","source":"OpenStreetMap/Overpass","source_snapshot":"2026-09-17T11:36:49Z"}},{"type":"Feature","id":"node/1202264315","geometry":{"type":"Point","coordinates":[37.614318,55.757098]},"properties":{"osm_id":"node/1202264315","station_name":"Охотный ряд","access_kind":"entrance","station_osm_id":"node/267335315","entrance_ref":"2","network":"Московский метрополитен","match_rule":"stop_area_station","source":"OpenStreetMap/Overpass","source_snapshot":"2026-09-17T11:36:49Z"}},{"type":"Feature","id":"node/1202308507","geometry":{"type":"Point","coordinates":[37.638548,55.764835]},"properties":{"osm_id":"node/1202308507","station_name":"Чистые пруды","access_kind":"entrance","station_osm_id":"node/267335317","entrance_ref":"1","network":"Московский метрополитен","match_rule":"stop_area_station","source":"OpenStreetMap/Overpass","source_snapshot":"2026-09-17T11:36:49Z"}},{"type":"Feature","id":"node/1208945643","geometry":{"type":"Point","coordinates":[37.360383,55.847057]},"properties":{"osm_id":"node/1208945643","station_name":"Митино","access_kind":"entrance","station_osm_id":"node/596129560","entrance_ref":"7","network":"Московский метрополитен","match_rule":"stop_area_station","source":"OpenStreetMap/Overpass","source_snapshot":"2026-09-17T11:36:49Z"}},{"type":"Feature","id":"node/1208945648","geometry":{"type":"Point","coordinates":[37.361336,55.846799]},"properties":{"osm_id":"node/1208945648","station_name":"Митино","access_kind":"entrance","station_osm_id":"node/596129560","entrance_ref":"6","network":"Московский метрополитен","match_rule":"stop_area_station","source":"OpenStreetMap/Overpass","source_snapshot":"2026-09-17T11:36:49Z"}},{"type":"Feature","id":"node/1208945655","geometry":{"type":"Point","coordinates":[37.359405,55.846215]},"properties":{"osm_id":"node/1208945655","station_name":"Митино","access_kind":"entrance","station_osm_id":"node/596129560","entrance_ref":"3","network":"Московский метрополитен","match_rule":"stop_area_station","source":"OpenStreetMap/Overpass","source_snapshot":"2026-09-17T11:36:49Z"}},{"type":"Feature","id":"node/1208945662","geometry":{"type":"Point","coordinates":[37.36001,55.845984]},"properties":{"osm_id":"node/1208945662","station_name":"Митино","access_kind":"entrance","station_osm_id":"node/596129560","entrance_ref":"2","network":"Московский метрополитен","match_rule":"stop_area_station","source":"OpenStreetMap/Overpass","source_snapshot":"2026-09-17T11:36:49Z"}},{"type":"Feature","id":"node/1211770635","geometry":{"type":"Point","coordinates":[37.383344,55.834688]},"properties":{"osm_id":"node/1211770635","station_name":"Волоколамская","access_kind":"entrance","station_osm_id":"node/5202107568","entrance_ref":"2","network":"Московский метрополитен","match_rule":"stop_area_station","source":"OpenStreetMap/Overpass","source_snapshot":"2026-09-17T11:36:49Z"}},{"type":"Feature","id":"node/12118540495","geometry":{"type":"Point","coordinates":[37.495849,55.553937]},"properties":{"osm_id":"node/12118540495","station_name":"Потапово","access_kind":"entrance","station_osm_id":"node/12157560726","entrance_ref":"1","network":"Московский метрополитен","match_rule":"stop_area_station","source":"OpenStreetMap/Overpass","source_snapshot":"2026-09-17T11:36:49Z"}},{"type":"Feature","id":"node/12118540498","geometry":{"type":"Point","coordinates":[37.495369,55.553559]},"properties":{"osm_id":"node/12118540498","station_name":"Потапово","access_kind":"entrance","station_osm_id":"node/12157560726","entrance_ref":"1","network":"Московский метрополитен","match_rule":"stop_area_station","source":"OpenStreetMap/Overpass","source_snapshot":"2026-09-17T11:36:49Z"}},{"type":"Feature","id":"node/12118543438","geometry":{"type":"Point","coordinates":[37.49688,55.553952]},"properties":{"osm_id":"node/12118543438","station_name":"Потапово","access_kind":"entrance","station_osm_id":"node/12157560726","entrance_ref":"2","network":"Московский метрополитен","match_rule":"stop_area_station","source":"OpenStreetMap/Overpass","source_snapshot":"2026-09-17T11:36:49Z"}},{"type":"Feature","id":"node/12118543441","geometry":{"type":"Point","coordinates":[37.497143,55.553616]},"properties":{"osm_id":"node/12118543441","station_name":"Потапово","access_kind":"entrance","station_osm_id":"node/12157560726","entrance_ref":"2","network":"Московский метрополитен","match_rule":"stop_area_station","source":"OpenStreetMap/Overpass","source_snapshot":"2026-09-17T11:36:49Z"}},{"type":"Feature","id":"node/12118611278","geometry":{"type":"Point","coordinates":[37.490047,55.553589]},"properties":{"osm_id":"node/12118611278","station_name":"Потапово","access_kind":"entrance","station_osm_id":"node/12157560726","entrance_ref":"7","network":"Московский метрополитен","match_rule":"stop_area_station","source":"OpenStreetMap/Overpass","source_snapshot":"2026-09-17T11:36:49Z"}},{"type":"Feature","id":"node/12118645353","geometry":{"type":"Point","coordinates":[37.490675,55.553543]},"properties":{"osm_id":"node/12118645353","station_name":"Потапово","access_kind":"entrance","station_osm_id":"node/12157560726","entrance_ref":"6","network":"Московский метрополитен","match_rule":"stop_area_station","source":"OpenStreetMap/Overpass","source_snapshot":"2026-09-17T11:36:49Z"}},{"type":"Feature","id":"node/12120659716","geometry":{"type":"Point","coordinates":[37.491052,55.551841]},"properties":{"osm_id":"node/12120659716","station_name":"Потапово","access_kind":"entrance","station_osm_id":"node/12157560726","entrance_ref":"5","network":"Московский метрополитен","match_rule":"stop_area_station","source":"OpenStreetMap/Overpass","source_snapshot":"2026-09-17T11:36:49Z"}},{"type":"Feature","id":"node/12120669435","geometry":{"type":"Point","coordinates":[37.496824,55.552072]},"properties":{"osm_id":"node/12120669435","station_name":"Потапово","access_kind":"entrance","station_osm_id":"node/12157560726","entrance_ref":"4","network":"Московский метрополитен","match_rule":"stop_area_station","source":"OpenStreetMap/Overpass","source_snapshot":"2026-09-17T11:36:49Z"}},{"type":"Feature","id":"node/12120669438","geometry":{"type":"Point","coordinates":[37.496367,55.551738]},"properties":{"osm_id":"node/12120669438","station_name":"Потапово","access_kind":"entrance","station_osm_id":"node/12157560726","entrance_ref":"4","network":"Московский метрополитен","match_rule":"stop_area_station","source":"OpenStreetMap/Overpass","source_snapshot":"2026-09-17T11:36:49Z"}},{"type":"Feature","id":"node/12120669448","geometry":{"type":"Point","coordinates":[37.495181,55.551687]},"properties":{"osm_id":"node/12120669448","station_name":"Потапово","access_kind":"entrance","station_osm_id":"node/12157560726","entrance_ref":"3","network":"Московский метрополитен","match_rule":"stop_area_station","source":"OpenStreetMap/Overpass","source_snapshot":"2026-09-17T11:36:49Z"}},{"type":"Feature","id":"node/12120669452","geometry":{"type":"Point","coordinates":[37.495009,55.551988]},"properties":{"osm_id":"node/12120669452","station_name":"Потапово","access_kind":"entrance","station_osm_id":"node/12157560726","entrance_ref":"3","network":"Московский метрополитен","match_rule":"stop_area_station","source":"OpenStreetMap/Overpass","source_snapshot":"2026-09-17T11:36:49Z"}},{"type":"Feature","id":"node/1215199088","geometry":{"type":"Point","coordinates":[37.515631,55.804341]},"properties":{"osm_id":"node/1215199088","station_name":"Сокол","access_kind":"entrance","station_osm_id":"node/5202107576","entrance_ref":"6","network":"Московский метрополитен","match_rule":"stop_area_station","source":"OpenStreetMap/Overpass","source_snapshot":"2026-09-17T11:36:49Z"}},{"type":"Feature","id":"node/1215209963","geometry":{"type":"Point","coordinates":[37.4979,55.820065]},"properties":{"osm_id":"node/1215209963","station_name":"Войковская","access_kind":"entrance","station_osm_id":"node/266835845","entrance_ref":"1","network":"Московский метрополитен","match_rule":"stop_area_station","source":"OpenStreetMap/Overpass","source_snapshot":"2026-09-17T11:36:49Z"}},{"type":"Feature","id":"node/1215209976","geometry":{"type":"Point","coordinates":[37.498203,55.817893]},"properties":{"osm_id":"node/1215209976","station_name":"Войковская","access_kind":"entrance","station_osm_id":"node/266835845","entrance_ref":"4","network":"Московский метрополитен","match_rule":"stop_area_station","source":"OpenStreetMap/Overpass","source_snapshot":"2026-09-17T11:36:49Z"}},{"type":"Feature","id":"node/1215209978","geometry":{"type":"Point","coordinates":[37.496815,55.819634]},"properties":{"osm_id":"node/1215209978","station_name":"Войковская","access_kind":"entrance","station_osm_id":"node/266835845","entrance_ref":"2","network":"Московский метрополитен","match_rule":"stop_area_station","source":"OpenStreetMap/Overpass","source_snapshot":"2026-09-17T11:36:49Z"}},{"type":"Feature","id":"node/1215233470","geometry":{"type":"Point","coordinates":[37.361229,55.846285]},"properties":{"osm_id":"node/1215233470","station_name":"Митино","access_kind":"entrance","station_osm_id":"node/596129560","entrance_ref":"5","network":"Московский метрополитен","match_rule":"stop_area_station","source":"OpenStreetMap/Overpass","source_snapshot":"2026-09-17T11:36:49Z"}},{"type":"Feature","id":"node/1215233474","geometry":{"type":"Point","coordinates":[37.359274,55.846495]},"properties":{"osm_id":"node/1215233474","station_name":"Митино","access_kind":"entrance","station_osm_id":"node/596129560","entrance_ref":"4","network":"Московский метрополитен","match_rule":"stop_area_station","source":"OpenStreetMap/Overpass","source_snapshot":"2026-09-17T11:36:49Z"}},{"type":"Feature","id":"node/1215233487","geometry":{"type":"Point","coordinates":[37.360628,55.845942]},"properties":{"osm_id":"node/1215233487","station_name":"Митино","access_kind":"entrance","station_osm_id":"node/596129560","entrance_ref":"1","network":"Московский метрополитен","match_rule":"stop_area_station","source":"OpenStreetMap/Overpass","source_snapshot":"2026-09-17T11:36:49Z"}},{"type":"Feature","id":"node/1215233531","geometry":{"type":"Point","coordinates":[37.3638,55.844667]},"properties":{"osm_id":"node/1215233531","station_name":"Митино","access_kind":"entrance","station_osm_id":"node/596129560","entrance_ref":"9","network":"Московский метрополитен","match_rule":"stop_area_station","source":"OpenStreetMap/Overpass","source_snapshot":"2026-09-17T11:36:49Z"}},{"type":"Feature","id":"node/1215233539","geometry":{"type":"Point","coordinates":[37.363708,55.845599]},"properties":{"osm_id":"node/1215233539","station_name":"Митино","access_kind":"entrance","station_osm_id":"node/596129560","entrance_ref":"8","network":"Московский метрополитен","match_rule":"stop_area_station","source":"OpenStreetMap/Overpass","source_snapshot":"2026-09-17T11:36:49Z"}},{"type":"Feature","id":"node/1215233547","geometry":{"type":"Point","coordinates":[37.363332,55.844853]},"properties":{"osm_id":"node/1215233547","station_name":"Митино","access_kind":"entrance","station_osm_id":"node/596129560","entrance_ref":"10","network":"Московский метрополитен","match_rule":"stop_area_station","source":"OpenStreetMap/Overpass","source_snapshot":"2026-09-17T11:36:49Z"}},{"type":"Feature","id":"node/1215253508","geometry":{"type":"Point","coordinates":[37.407361,55.757371]},"properties":{"osm_id":"node/1215253508","station_name":"Крылатское","access_kind":"entrance","station_osm_id":"node/6939665011","entrance_ref":"1","network":"Московский метрополитен","match_rule":"stop_area_station","source":"OpenStreetMap/Overpass","source_snapshot":"2026-09-17T11:36:49Z"}},{"type":"Feature","id":"node/1215749870","geometry":{"type":"Point","coordinates":[37.517782,55.735936]},"properties":{"osm_id":"node/1215749870","station_name":"Парк Победы","access_kind":"entrance","station_osm_id":"node/10852613370","entrance_ref":"4","network":"Московский метрополитен","match_rule":"stop_area_station","source":"OpenStreetMap/Overpass","source_snapshot":"2026-09-17T11:36:49Z"}},{"type":"Feature","id":"node/12158644456","geometry":{"type":"Point","coordinates":[37.603969,55.812731]},"properties":{"osm_id":"node/12158644456","station_name":"Бутырская","access_kind":"entrance","station_osm_id":"node/4847996860","entrance_ref":"4","network":"Московский метрополитен","match_rule":"stop_area_station","source":"OpenStreetMap/Overpass","source_snapshot":"2026-09-17T11:36:49Z"}},{"type":"Feature","id":"node/12158654813","geometry":{"type":"Point","coordinates":[37.600788,55.814216]},"properties":{"osm_id":"node/12158654813","station_name":"Бутырская","access_kind":"entrance","station_osm_id":"node/4847996860","entrance_ref":"2","network":"Московский метрополитен","match_rule":"stop_area_station","source":"OpenStreetMap/Overpass","source_snapshot":"2026-09-17T11:36:49Z"}},{"type":"Feature","id":"node/12158654814","geometry":{"type":"Point","coordinates":[37.600775,55.814209]},"properties":{"osm_id":"node/12158654814","station_name":"Бутырская","access_kind":"entrance","station_osm_id":"node/4847996860","entrance_ref":"2","network":"Московский метрополитен","match_rule":"stop_area_station","source":"OpenStreetMap/Overpass","source_snapshot":"2026-09-17T11:36:49Z"}},{"type":"Feature","id":"node/12158654815","geometry":{"type":"Point","coordinates":[37.600749,55.814197]},"properties":{"osm_id":"node/12158654815","station_name":"Бутырская","access_kind":"entrance","station_osm_id":"node/4847996860","entrance_ref":"2","network":"Московский метрополитен","match_rule":"stop_area_station","source":"OpenStreetMap/Overpass","source_snapshot":"2026-09-17T11:36:49Z"}},{"type":"Feature","id":"node/12158654816","geometry":{"type":"Point","coordinates":[37.600762,55.814203]},"properties":{"osm_id":"node/12158654816","station_name":"Бутырская","access_kind":"entrance","station_osm_id":"node/4847996860","entrance_ref":"2","network":"Московский метрополитен","match_rule":"stop_area_station","source":"OpenStreetMap/Overpass","source_snapshot":"2026-09-17T11:36:49Z"}},{"type":"Feature","id":"node/12163526261","geometry":{"type":"Point","coordinates":[37.523361,55.672812]},"properties":{"osm_id":"node/12163526261","station_name":"Новаторская","access_kind":"entrance","station_osm_id":"node/12163102815","entrance_ref":"7","network":"Московский метрополитен","match_rule":"stop_area_station","source":"OpenStreetMap/Overpass","source_snapshot":"2026-09-17T11:36:49Z"}},{"type":"Feature","id":"node/12163527797","geometry":{"type":"Point","coordinates":[37.523415,55.673528]},"properties":{"osm_id":"node/12163527797","station_name":"Новаторская","access_kind":"entrance","station_osm_id":"node/12163102815","entrance_ref":"8","network":"Московский метрополитен","match_rule":"stop_area_station","source":"OpenStreetMap/Overpass","source_snapshot":"2026-09-17T11:36:49Z"}},{"type":"Feature","id":"node/12163539725","geometry":{"type":"Point","coordinates":[37.521241,55.671214]},"properties":{"osm_id":"node/12163539725","station_name":"Новаторская","access_kind":"entrance","station_osm_id":"node/12163102815","entrance_ref":"6","network":"Московский метрополитен","match_rule":"stop_area_station","source":"OpenStreetMap/Overpass","source_snapshot":"2026-09-17T11:36:49Z"}},{"type":"Feature","id":"node/12163540799","geometry":{"type":"Point","coordinates":[37.507345,55.64912]},"properties":{"osm_id":"node/12163540799","station_name":"Университет дружбы народов","access_kind":"entrance","station_osm_id":"node/12163102812","entrance_ref":"1","network":"Московский метрополитен","match_rule":"stop_area_station","source":"OpenStreetMap/Overpass","source_snapshot":"2026-09-17T11:36:49Z"}},{"type":"Feature","id":"node/12163540827","geometry":{"type":"Point","coordinates":[37.507521,55.649187]},"properties":{"osm_id":"node/12163540827","station_name":"Университет дружбы народов","access_kind":"entrance","station_osm_id":"node/12163102812","entrance_ref":"1","network":"Московский метрополитен","match_rule":"stop_area_station","source":"OpenStreetMap/Overpass","source_snapshot":"2026-09-17T11:36:49Z"}},{"type":"Feature","id":"node/12163637820","geometry":{"type":"Point","coordinates":[37.486058,55.626461]},"properties":{"osm_id":"node/12163637820","station_name":"Генерала Тюленева","access_kind":"entrance","station_osm_id":"node/12163102808","entrance_ref":"1","network":"Московский метрополитен","match_rule":"stop_area_station","source":"OpenStreetMap/Overpass","source_snapshot":"2026-09-17T11:36:49Z"}},{"type":"Feature","id":"node/12163661532","geometry":{"type":"Point","coordinates":[37.48689,55.626567]},"properties":{"osm_id":"node/12163661532","station_name":"Генерала Тюленева","access_kind":"entrance","station_osm_id":"node/12163102808","entrance_ref":"2","network":"Московский метрополитен","match_rule":"stop_area_station","source":"OpenStreetMap/Overpass","source_snapshot":"2026-09-17T11:36:49Z"}},{"type":"Feature","id":"node/12163661533","geometry":{"type":"Point","coordinates":[37.486807,55.626589]},"properties":{"osm_id":"node/12163661533","station_name":"Генерала Тюленева","access_kind":"entrance","station_osm_id":"node/12163102808","entrance_ref":"2","network":"Московский метрополитен","match_rule":"stop_area_station","source":"OpenStreetMap/Overpass","source_snapshot":"2026-09-17T11:36:49Z"}},{"type":"Feature","id":"node/12163672770","geometry":{"type":"Point","coordinates":[37.481997,55.618187]},"properties":{"osm_id":"node/12163672770","station_name":"Тютчевская","access_kind":"entrance","station_osm_id":"node/12163102805","entrance_ref":"1","network":"Московский метрополитен","match_rule":"stop_area_station","source":"OpenStreetMap/Overpass","source_snapshot":"2026-09-17T11:36:49Z"}},{"type":"Feature","id":"node/12165751296","geometry":{"type":"Point","coordinates":[37.481833,55.617986]},"properties":{"osm_id":"node/12165751296","station_name":"Тютчевская","access_kind":"entrance","station_osm_id":"node/12163102805","entrance_ref":"1","network":"Московский метрополитен","match_rule":"stop_area_station","source":"OpenStreetMap/Overpass","source_snapshot":"2026-09-17T11:36:49Z"}},{"type":"Feature","id":"node/12166719221","geometry":{"type":"Point","coordinates":[37.520002,55.670112]},"properties":{"osm_id":"node/12166719221","station_name":"Новаторская","access_kind":"entrance","station_osm_id":"node/9315693022","entrance_ref":"3","network":"Московский метрополитен","match_rule":"stop_area_station","source":"OpenStreetMap/Overpass","source_snapshot":"2026-09-17T11:36:49Z"}},{"type":"Feature","id":"node/12166885732","geometry":{"type":"Point","coordinates":[37.520211,55.670606]},"properties":{"osm_id":"node/12166885732","station_name":"Новаторская","access_kind":"entrance","station_osm_id":"node/9315693022","entrance_ref":"4","network":"Московский метрополитен","match_rule":"stop_area_station","source":"OpenStreetMap/Overpass","source_snapshot":"2026-09-17T11:36:49Z"}},{"type":"Feature","id":"node/12166885736","geometry":{"type":"Point","coordinates":[37.519562,55.670887]},"properties":{"osm_id":"node/12166885736","station_name":"Новаторская","access_kind":"entrance","station_osm_id":"node/12163102815","entrance_ref":"5","network":"Московский метрополитен","match_rule":"stop_area_station","source":"OpenStreetMap/Overpass","source_snapshot":"2026-09-17T11:36:49Z"}},{"type":"Feature","id":"node/1223496847","geometry":{"type":"Point","coordinates":[37.624273,55.761439]},"properties":{"osm_id":"node/1223496847","station_name":"Кузнецкий Мост","access_kind":"entrance","station_osm_id":"node/252934400","entrance_ref":"1","network":"Московский метрополитен","match_rule":"stop_area_station","source":"OpenStreetMap/Overpass","source_snapshot":"2026-09-17T11:36:49Z"}},{"type":"Feature","id":"node/12240841887","geometry":{"type":"Point","coordinates":[37.593337,55.735138]},"properties":{"osm_id":"node/12240841887","station_name":"Парк Культуры","access_kind":"entrance","station_osm_id":"node/5176445915","entrance_ref":"1","network":"Московский метрополитен","match_rule":"stop_area_station","source":"OpenStreetMap/Overpass","source_snapshot":"2026-09-17T11:36:49Z"}},{"type":"Feature","id":"node/1225311676","geometry":{"type":"Point","coordinates":[37.542608,55.750097]},"properties":{"osm_id":"node/1225311676","station_name":"Деловой центр","access_kind":"entrance","station_osm_id":"node/253045735","entrance_ref":"4","network":"Московский метрополитен","match_rule":"stop_area_station","source":"OpenStreetMap/Overpass","source_snapshot":"2026-09-17T11:36:49Z"}},{"type":"Feature","id":"node/1225407444","geometry":{"type":"Point","coordinates":[37.576504,55.81904]},"properties":{"osm_id":"node/1225407444","station_name":"Тимирязевская","access_kind":"entrance","station_osm_id":"node/296956167","entrance_ref":"5","network":"Московский метрополитен","match_rule":"stop_area_station","source":"OpenStreetMap/Overpass","source_snapshot":"2026-09-17T11:36:49Z"}},{"type":"Feature","id":"node/1225408020","geometry":{"type":"Point","coordinates":[37.575907,55.819835]},"properties":{"osm_id":"node/1225408020","station_name":"Тимирязевская","access_kind":"entrance","station_osm_id":"node/296956167","entrance_ref":"6","network":"Московский метрополитен","match_rule":"stop_area_station","source":"OpenStreetMap/Overpass","source_snapshot":"2026-09-17T11:36:49Z"}},{"type":"Feature","id":"node/1237885220","geometry":{"type":"Point","coordinates":[37.659962,55.756155]},"properties":{"osm_id":"node/1237885220","station_name":"Курская","access_kind":"entrance","station_osm_id":"node/1123660474","entrance_ref":"6","network":"Московский метрополитен","match_rule":"stop_area_station","source":"OpenStreetMap/Overpass","source_snapshot":"2026-09-17T11:36:49Z"}},{"type":"Feature","id":"node/12401813564","geometry":{"type":"Point","coordinates":[37.58918,55.84608]},"properties":{"osm_id":"node/12401813564","station_name":"Владыкино","access_kind":"entrance","station_osm_id":"node/297291268","entrance_ref":"2","network":"Московский метрополитен","match_rule":"stop_area_station","source":"OpenStreetMap/Overpass","source_snapshot":"2026-09-17T11:36:49Z"}},{"type":"Feature","id":"node/12422780306","geometry":{"type":"Point","coordinates":[37.641631,55.8223]},"properties":{"osm_id":"node/12422780306","station_name":"ВДНХ","access_kind":"entrance","station_osm_id":"node/5202107574","entrance_ref":"1","network":"Московский метрополитен","match_rule":"stop_area_station","source":"OpenStreetMap/Overpass","source_snapshot":"2026-09-17T11:36:49Z"}},{"type":"Feature","id":"node/12422780507","geometry":{"type":"Point","coordinates":[37.639591,55.819948]},"properties":{"osm_id":"node/12422780507","station_name":"ВДНХ","access_kind":"entrance","station_osm_id":"node/5202107574","entrance_ref":"2","network":"Московский метрополитен","match_rule":"stop_area_station","source":"OpenStreetMap/Overpass","source_snapshot":"2026-09-17T11:36:49Z"}},{"type":"Feature","id":"node/12437533457","geometry":{"type":"Point","coordinates":[37.547098,55.922844]},"properties":{"osm_id":"node/12437533457","station_name":"Физтех","access_kind":"entrance","station_osm_id":"node/11174639393","entrance_ref":"1","network":"Московский метрополитен","match_rule":"stop_area_station","source":"OpenStreetMap/Overpass","source_snapshot":"2026-09-17T11:36:49Z"}},{"type":"Feature","id":"node/12437533458","geometry":{"type":"Point","coordinates":[37.546845,55.922872]},"properties":{"osm_id":"node/12437533458","station_name":"Физтех","access_kind":"entrance","station_osm_id":"node/11174639393","entrance_ref":"1","network":"Московский метрополитен","match_rule":"stop_area_station","source":"OpenStreetMap/Overpass","source_snapshot":"2026-09-17T11:36:49Z"}},{"type":"Feature","id":"node/12458764859","geometry":{"type":"Point","coordinates":[37.465114,55.559989]},"properties":{"osm_id":"node/12458764859","station_name":"Новомосковская","access_kind":"entrance","station_osm_id":"node/12460750157","entrance_ref":"5","network":"Московский метрополитен","match_rule":"stop_area_station","source":"OpenStreetMap/Overpass","source_snapshot":"2026-09-17T11:36:49Z"}},{"type":"Feature","id":"node/12463428703","geometry":{"type":"Point","coordinates":[37.716315,55.753807]},"properties":{"osm_id":"node/12463428703","station_name":"Авиамоторная","access_kind":"entrance","station_osm_id":"node/7340764980","entrance_ref":"11","network":"Московский метрополитен","match_rule":"stop_area_station","source":"OpenStreetMap/Overpass","source_snapshot":"2026-09-17T11:36:49Z"}},{"type":"Feature","id":"node/12463428705","geometry":{"type":"Point","coordinates":[37.716169,55.754429]},"properties":{"osm_id":"node/12463428705","station_name":"Авиамоторная","access_kind":"entrance","station_osm_id":"node/7340764980","entrance_ref":"12","network":"Московский метрополитен","match_rule":"stop_area_station","source":"OpenStreetMap/Overpass","source_snapshot":"2026-09-17T11:36:49Z"}},{"type":"Feature","id":"node/12464232574","geometry":{"type":"Point","coordinates":[37.715649,55.754339]},"properties":{"osm_id":"node/12464232574","station_name":"Авиамоторная","access_kind":"entrance","station_osm_id":"node/7340764980","entrance_ref":"13","network":"Московский метрополитен","match_rule":"stop_area_station","source":"OpenStreetMap/Overpass","source_snapshot":"2026-09-17T11:36:49Z"}},{"type":"Feature","id":"node/12473610516","geometry":{"type":"Point","coordinates":[37.479358,55.597996]},"properties":{"osm_id":"node/12473610516","station_name":"Корниловская","access_kind":"entrance","station_osm_id":"node/12460750155","entrance_ref":"1","network":"Московский метрополитен","match_rule":"stop_area_station","source":"OpenStreetMap/Overpass","source_snapshot":"2026-09-17T11:36:49Z"}},{"type":"Feature","id":"node/12479342230","geometry":{"type":"Point","coordinates":[37.682729,55.674852]},"properties":{"osm_id":"node/12479342230","station_name":"Кленовый бульвар","access_kind":"entrance","station_osm_id":"node/10702213023","entrance_ref":"2","network":"Московский метрополитен","match_rule":"stop_area_station","source":"OpenStreetMap/Overpass","source_snapshot":"2026-09-17T11:36:49Z"}},{"type":"Feature","id":"node/12479342262","geometry":{"type":"Point","coordinates":[37.681646,55.674937]},"properties":{"osm_id":"node/12479342262","station_name":"Кленовый бульвар","access_kind":"entrance","station_osm_id":"node/10702213023","entrance_ref":"1","network":"Московский метрополитен","match_rule":"stop_area_station","source":"OpenStreetMap/Overpass","source_snapshot":"2026-09-17T11:36:49Z"}},{"type":"Feature","id":"node/12479342267","geometry":{"type":"Point","coordinates":[37.681222,55.674859]},"properties":{"osm_id":"node/12479342267","station_name":"Кленовый бульвар","access_kind":"entrance","station_osm_id":"node/10702213023","entrance_ref":"1","network":"Московский метрополитен","match_rule":"stop_area_station","source":"OpenStreetMap/Overpass","source_snapshot":"2026-09-17T11:36:49Z"}},{"type":"Feature","id":"node/12480211790","geometry":{"type":"Point","coordinates":[37.72557,55.693742]},"properties":{"osm_id":"node/12480211790","station_name":"Печатники","access_kind":"entrance","station_osm_id":"node/296949278","entrance_ref":"2","network":"Московский метрополитен","match_rule":"stop_area_station","source":"OpenStreetMap/Overpass","source_snapshot":"2026-09-17T11:36:49Z"}},{"type":"Feature","id":"node/12484753482","geometry":{"type":"Point","coordinates":[37.468163,55.573818]},"properties":{"osm_id":"node/12484753482","station_name":"Коммунарка","access_kind":"entrance","station_osm_id":"node/12460750156","entrance_ref":"1","network":"Московский метрополитен","match_rule":"stop_area_station","source":"OpenStreetMap/Overpass","source_snapshot":"2026-09-17T11:36:49Z"}},{"type":"Feature","id":"node/12484753490","geometry":{"type":"Point","coordinates":[37.466814,55.573409]},"properties":{"osm_id":"node/12484753490","station_name":"Коммунарка","access_kind":"entrance","station_osm_id":"node/12460750156","entrance_ref":"2","network":"Московский метрополитен","match_rule":"stop_area_station","source":"OpenStreetMap/Overpass","source_snapshot":"2026-09-17T11:36:49Z"}},{"type":"Feature","id":"node/12485188902","geometry":{"type":"Point","coordinates":[37.480163,55.599339]},"properties":{"osm_id":"node/12485188902","station_name":"Корниловская","access_kind":"entrance","station_osm_id":"node/12460750155","entrance_ref":"2","network":"Московский метрополитен","match_rule":"stop_area_station","source":"OpenStreetMap/Overpass","source_snapshot":"2026-09-17T11:36:49Z"}},{"type":"Feature","id":"node/12498089751","geometry":{"type":"Point","coordinates":[37.541639,55.54503]},"properties":{"osm_id":"node/12498089751","station_name":"Бульвар Адмирала Ушакова","access_kind":"entrance","station_osm_id":"node/296932668","entrance_ref":"1","network":"Московский метрополитен","match_rule":"stop_area_station","source":"OpenStreetMap/Overpass","source_snapshot":"2026-09-17T11:36:49Z"}},{"type":"Feature","id":"node/12498089780","geometry":{"type":"Point","coordinates":[37.541672,55.545115]},"properties":{"osm_id":"node/12498089780","station_name":"Бульвар Адмирала Ушакова","access_kind":"entrance","station_osm_id":"node/296932668","entrance_ref":"1","network":"Московский метрополитен","match_rule":"stop_area_station","source":"OpenStreetMap/Overpass","source_snapshot":"2026-09-17T11:36:49Z"}},{"type":"Feature","id":"node/1252399151","geometry":{"type":"Point","coordinates":[37.534284,55.740595]},"properties":{"osm_id":"node/1252399151","station_name":"Кутузовская","access_kind":"entrance","station_osm_id":"node/241158369","entrance_ref":"4","network":"Московский метрополитен","match_rule":"stop_area_station","source":"OpenStreetMap/Overpass","source_snapshot":"2026-09-17T11:36:49Z"}},{"type":"Feature","id":"node/1257169353","geometry":{"type":"Point","coordinates":[37.620233,55.756779]},"properties":{"osm_id":"node/1257169353","station_name":"Площадь Революции","access_kind":"entrance","station_osm_id":"node/242546475","entrance_ref":"10","network":"Московский метрополитен","match_rule":"stop_area_station","source":"OpenStreetMap/Overpass","source_snapshot":"2026-09-17T11:36:49Z"}},{"type":"Feature","id":"node/1259640792","geometry":{"type":"Point","coordinates":[37.744604,55.769641]},"properties":{"osm_id":"node/1259640792","station_name":"Соколиная Гора","access_kind":"entrance","station_osm_id":"relation/6604090","entrance_ref":"1","network":"МЦК","match_rule":"stop_area_relation","source":"OpenStreetMap/Overpass","source_snapshot":"2026-09-17T11:36:49Z"}},{"type":"Feature","id":"node/1264983893","geometry":{"type":"Point","coordinates":[37.621166,55.653527]},"properties":{"osm_id":"node/1264983893","station_name":"Варшавская","access_kind":"entrance","station_osm_id":"node/10702113003","entrance_ref":"3","network":"Московский метрополитен","match_rule":"stop_area_station","source":"OpenStreetMap/Overpass","source_snapshot":"2026-09-17T11:36:49Z"}},{"type":"Feature","id":"node/1272306024","geometry":{"type":"Point","coordinates":[37.531821,55.801321]},"properties":{"osm_id":"node/1272306024","station_name":"Аэропорт","access_kind":"entrance","station_osm_id":"node/266835847","entrance_ref":"3","network":"Московский метрополитен","match_rule":"stop_area_station","source":"OpenStreetMap/Overpass","source_snapshot":"2026-09-17T11:36:49Z"}},{"type":"Feature","id":"node/1277435590","geometry":{"type":"Point","coordinates":[37.637548,55.765665]},"properties":{"osm_id":"node/1277435590","station_name":"Тургеневская","access_kind":"entrance","station_osm_id":"node/277499850","entrance_ref":"5","network":"Московский метрополитен","match_rule":"stop_area_station","source":"OpenStreetMap/Overpass","source_snapshot":"2026-09-17T11:36:49Z"}},{"type":"Feature","id":"node/12811151512","geometry":{"type":"Point","coordinates":[37.547831,55.900149]},"properties":{"osm_id":"node/12811151512","station_name":"Лианозово","access_kind":"entrance","station_osm_id":"node/11174673551","entrance_ref":"10","network":"Московский метрополитен","match_rule":"stop_area_station","source":"OpenStreetMap/Overpass","source_snapshot":"2026-09-17T11:36:49Z"}},{"type":"Feature","id":"node/12811151513","geometry":{"type":"Point","coordinates":[37.547343,55.900326]},"properties":{"osm_id":"node/12811151513","station_name":"Лианозово","access_kind":"entrance","station_osm_id":"node/11174673551","entrance_ref":"9","network":"Московский метрополитен","match_rule":"stop_area_station","source":"OpenStreetMap/Overpass","source_snapshot":"2026-09-17T11:36:49Z"}},{"type":"Feature","id":"node/12811151514","geometry":{"type":"Point","coordinates":[37.548071,55.900275]},"properties":{"osm_id":"node/12811151514","station_name":"Лианозово","access_kind":"entrance","station_osm_id":"node/11174673551","entrance_ref":"12","network":"Московский метрополитен","match_rule":"stop_area_station","source":"OpenStreetMap/Overpass","source_snapshot":"2026-09-17T11:36:49Z"}},{"type":"Feature","id":"node/12811151515","geometry":{"type":"Point","coordinates":[37.547213,55.900612]},"properties":{"osm_id":"node/12811151515","station_name":"Лианозово","access_kind":"entrance","station_osm_id":"node/11174673551","entrance_ref":"11","network":"Московский метрополитен","match_rule":"stop_area_station","source":"OpenStreetMap/Overpass","source_snapshot":"2026-09-17T11:36:49Z"}},{"type":"Feature","id":"node/1289488565","geometry":{"type":"Point","coordinates":[37.436924,55.827418]},"properties":{"osm_id":"node/1289488565","station_name":"Тушинская","access_kind":"entrance","station_osm_id":"node/296959504","entrance_ref":"1","network":"Московский метрополитен","match_rule":"stop_area_station","source":"OpenStreetMap/Overpass","source_snapshot":"2026-09-17T11:36:49Z"}},{"type":"Feature","id":"node/1289488567","geometry":{"type":"Point","coordinates":[37.437404,55.827317]},"properties":{"osm_id":"node/1289488567","station_name":"Тушинская","access_kind":"entrance","station_osm_id":"node/296959504","entrance_ref":"2","network":"Московский метрополитен","match_rule":"stop_area_station","source":"OpenStreetMap/Overpass","source_snapshot":"2026-09-17T11:36:49Z"}},{"type":"Feature","id":"node/1300925772","geometry":{"type":"Point","coordinates":[37.719397,55.783014]},"properties":{"osm_id":"node/1300925772","station_name":"Семёновская","access_kind":"entrance","station_osm_id":"node/68937012","entrance_ref":"1","network":"Московский метрополитен","match_rule":"stop_area_station","source":"OpenStreetMap/Overpass","source_snapshot":"2026-09-17T11:36:49Z"}},{"type":"Feature","id":"node/1300925776","geometry":{"type":"Point","coordinates":[37.71923,55.783148]},"properties":{"osm_id":"node/1300925776","station_name":"Семёновская","access_kind":"entrance","station_osm_id":"node/68937012","entrance_ref":"1","network":"Московский метрополитен","match_rule":"stop_area_station","source":"OpenStreetMap/Overpass","source_snapshot":"2026-09-17T11:36:49Z"}},{"type":"Feature","id":"node/13121949254","geometry":{"type":"Point","coordinates":[37.625842,55.758981]},"properties":{"osm_id":"node/13121949254","station_name":"Лубянка","access_kind":"entrance","station_osm_id":"node/267335316","entrance_ref":"10","network":"Московский метрополитен","match_rule":"stop_area_station","source":"OpenStreetMap/Overpass","source_snapshot":"2026-09-17T11:36:49Z"}},{"type":"Feature","id":"node/13139461184","geometry":{"type":"Point","coordinates":[37.540798,55.684564]},"properties":{"osm_id":"node/13139461184","station_name":"Вавиловская","access_kind":"entrance","station_osm_id":"node/13143504742","entrance_ref":"2","network":"Московский метрополитен","match_rule":"stop_area_station","source":"OpenStreetMap/Overpass","source_snapshot":"2026-09-17T11:36:49Z"}},{"type":"Feature","id":"node/13139469564","geometry":{"type":"Point","coordinates":[37.540074,55.684057]},"properties":{"osm_id":"node/13139469564","station_name":"Вавиловская","access_kind":"entrance","station_osm_id":"node/13143504742","entrance_ref":"1","network":"Московский метрополитен","match_rule":"stop_area_station","source":"OpenStreetMap/Overpass","source_snapshot":"2026-09-17T11:36:49Z"}},{"type":"Feature","id":"node/13140741275","geometry":{"type":"Point","coordinates":[37.542489,55.685764]},"properties":{"osm_id":"node/13140741275","station_name":"Вавиловская","access_kind":"entrance","station_osm_id":"node/13143504742","entrance_ref":"4","network":"Московский метрополитен","match_rule":"stop_area_station","source":"OpenStreetMap/Overpass","source_snapshot":"2026-09-17T11:36:49Z"}},{"type":"Feature","id":"node/13141233384","geometry":{"type":"Point","coordinates":[37.64327,55.696172]},"properties":{"osm_id":"node/13141233384","station_name":"ЗИЛ","access_kind":"entrance","station_osm_id":"node/13141233387","entrance_ref":"1","network":"Московский метрополитен","match_rule":"stop_area_station","source":"OpenStreetMap/Overpass","source_snapshot":"2026-09-17T11:36:49Z"}},{"type":"Feature","id":"node/13141233385","geometry":{"type":"Point","coordinates":[37.643989,55.696547]},"properties":{"osm_id":"node/13141233385","station_name":"ЗИЛ","access_kind":"entrance","station_osm_id":"node/13141233387","entrance_ref":"2","network":"Московский метрополитен","match_rule":"stop_area_station","source":"OpenStreetMap/Overpass","source_snapshot":"2026-09-17T11:36:49Z"}},{"type":"Feature","id":"node/13141233388","geometry":{"type":"Point","coordinates":[37.643651,55.696383]},"properties":{"osm_id":"node/13141233388","station_name":"ЗИЛ","access_kind":"entrance","station_osm_id":"node/13141233387","entrance_ref":null,"network":"Московский метрополитен","match_rule":"stop_area_station","source":"OpenStreetMap/Overpass","source_snapshot":"2026-09-17T11:36:49Z"}},{"type":"Feature","id":"node/13143504734","geometry":{"type":"Point","coordinates":[37.577562,55.686794]},"properties":{"osm_id":"node/13143504734","station_name":"Академическая","access_kind":"entrance","station_osm_id":"node/13141822043","entrance_ref":"11","network":"Московский метрополитен","match_rule":"stop_area_station","source":"OpenStreetMap/Overpass","source_snapshot":"2026-09-17T11:36:49Z"}},{"type":"Feature","id":"node/13143504735","geometry":{"type":"Point","coordinates":[37.575242,55.687578]},"properties":{"osm_id":"node/13143504735","station_name":"Академическая","access_kind":"entrance","station_osm_id":"node/13141822043","entrance_ref":"9","network":"Московский метрополитен","match_rule":"stop_area_station","source":"OpenStreetMap/Overpass","source_snapshot":"2026-09-17T11:36:49Z"}},{"type":"Feature","id":"node/1329545118","geometry":{"type":"Point","coordinates":[37.649538,55.655619]},"properties":{"osm_id":"node/1329545118","station_name":"Каширская","access_kind":"entrance","station_osm_id":"node/5174653609","entrance_ref":"3","network":"Московский метрополитен","match_rule":"stop_area_station","source":"OpenStreetMap/Overpass","source_snapshot":"2026-09-17T11:36:49Z"}},{"type":"Feature","id":"node/1335317906","geometry":{"type":"Point","coordinates":[37.63604,55.731458]},"properties":{"osm_id":"node/1335317906","station_name":"Павелецкая","access_kind":"entrance","station_osm_id":"node/292019996","entrance_ref":"1","network":"Московский метрополитен","match_rule":"stop_area_station","source":"OpenStreetMap/Overpass","source_snapshot":"2026-09-17T11:36:49Z"}},{"type":"Feature","id":"node/1337338700","geometry":{"type":"Point","coordinates":[37.670637,55.621524]},"properties":{"osm_id":"node/1337338700","station_name":"Царицыно","access_kind":"entrance","station_osm_id":"node/308993196","entrance_ref":"4","network":"Московский метрополитен","match_rule":"stop_area_station","source":"OpenStreetMap/Overpass","source_snapshot":"2026-09-17T11:36:49Z"}},{"type":"Feature","id":"node/13430459665","geometry":{"type":"Point","coordinates":[37.539353,55.684347]},"properties":{"osm_id":"node/13430459665","station_name":"Вавиловская","access_kind":"entrance","station_osm_id":"node/13143504742","entrance_ref":"3","network":"Московский метрополитен","match_rule":"stop_area_station","source":"OpenStreetMap/Overpass","source_snapshot":"2026-09-17T11:36:49Z"}},{"type":"Feature","id":"node/13448997476","geometry":{"type":"Point","coordinates":[37.574593,55.687006]},"properties":{"osm_id":"node/13448997476","station_name":"Академическая","access_kind":"entrance","station_osm_id":"node/13141822043","entrance_ref":"10","network":"Московский метрополитен","match_rule":"stop_area_station","source":"OpenStreetMap/Overpass","source_snapshot":"2026-09-17T11:36:49Z"}},{"type":"Feature","id":"node/13448997479","geometry":{"type":"Point","coordinates":[37.576954,55.686292]},"properties":{"osm_id":"node/13448997479","station_name":"Академическая","access_kind":"entrance","station_osm_id":"node/13141822043","entrance_ref":"12","network":"Московский метрополитен","match_rule":"stop_area_station","source":"OpenStreetMap/Overpass","source_snapshot":"2026-09-17T11:36:49Z"}},{"type":"Feature","id":"node/13462541384","geometry":{"type":"Point","coordinates":[37.61052,55.689747]},"properties":{"osm_id":"node/13462541384","station_name":"Крымская","access_kind":"entrance","station_osm_id":"relation/7588495","entrance_ref":"1","network":null,"match_rule":"stop_area_relation","source":"OpenStreetMap/Overpass","source_snapshot":"2026-09-17T11:36:49Z"}},{"type":"Feature","id":"node/13462541385","geometry":{"type":"Point","coordinates":[37.606839,55.690117]},"properties":{"osm_id":"node/13462541385","station_name":"Крымская","access_kind":"entrance","station_osm_id":"relation/7588495","entrance_ref":"2","network":null,"match_rule":"stop_area_relation","source":"OpenStreetMap/Overpass","source_snapshot":"2026-09-17T11:36:49Z"}},{"type":"Feature","id":"node/135832376","geometry":{"type":"Point","coordinates":[37.678758,55.772346]},"properties":{"osm_id":"node/135832376","station_name":"Бауманская","access_kind":"entrance","station_osm_id":"node/242546356","entrance_ref":"1","network":"Московский метрополитен","match_rule":"stop_area_station","source":"OpenStreetMap/Overpass","source_snapshot":"2026-09-17T11:36:49Z"}},{"type":"Feature","id":"node/1370944300","geometry":{"type":"Point","coordinates":[37.54311,55.897994]},"properties":{"osm_id":"node/1370944300","station_name":"Лианозово","access_kind":"entrance","station_osm_id":"node/11174673551","entrance_ref":"5","network":"Московский метрополитен","match_rule":"stop_area_station","source":"OpenStreetMap/Overpass","source_snapshot":"2026-09-17T11:36:49Z"}},{"type":"Feature","id":"node/1370944301","geometry":{"type":"Point","coordinates":[37.543112,55.897689]},"properties":{"osm_id":"node/1370944301","station_name":"Лианозово","access_kind":"entrance","station_osm_id":"node/11174673551","entrance_ref":"4","network":"Московский метрополитен","match_rule":"stop_area_station","source":"OpenStreetMap/Overpass","source_snapshot":"2026-09-17T11:36:49Z"}},{"type":"Feature","id":"node/1370944302","geometry":{"type":"Point","coordinates":[37.543776,55.897973]},"properties":{"osm_id":"node/1370944302","station_name":"Лианозово","access_kind":"entrance","station_osm_id":"node/11174673551","entrance_ref":"3","network":"Московский метрополитен","match_rule":"stop_area_station","source":"OpenStreetMap/Overpass","source_snapshot":"2026-09-17T11:36:49Z"}},{"type":"Feature","id":"node/1370944303","geometry":{"type":"Point","coordinates":[37.543757,55.897668]},"properties":{"osm_id":"node/1370944303","station_name":"Лианозово","access_kind":"entrance","station_osm_id":"node/11174673551","entrance_ref":"2","network":"Московский метрополитен","match_rule":"stop_area_station","source":"OpenStreetMap/Overpass","source_snapshot":"2026-09-17T11:36:49Z"}},{"type":"Feature","id":"node/1391039126","geometry":{"type":"Point","coordinates":[37.517137,55.777472]},"properties":{"osm_id":"node/1391039126","station_name":"Полежаевская","access_kind":"entrance","station_osm_id":"node/296959507","entrance_ref":"2","network":"Московский метрополитен","match_rule":"stop_area_station","source":"OpenStreetMap/Overpass","source_snapshot":"2026-09-17T11:36:49Z"}},{"type":"Feature","id":"node/1397056133","geometry":{"type":"Point","coordinates":[37.549249,55.774393]},"properties":{"osm_id":"node/1397056133","station_name":"Беговая","access_kind":"entrance","station_osm_id":"node/296959508","entrance_ref":"3","network":"Московский метрополитен","match_rule":"stop_area_station","source":"OpenStreetMap/Overpass","source_snapshot":"2026-09-17T11:36:49Z"}},{"type":"Feature","id":"node/13994405541","geometry":{"type":"Point","coordinates":[37.514969,55.537801]},"properties":{"osm_id":"node/13994405541","station_name":"Бунинская аллея","access_kind":"entrance","station_osm_id":"node/296932673","entrance_ref":null,"network":"Московский метрополитен","match_rule":"stop_area_station","source":"OpenStreetMap/Overpass","source_snapshot":"2026-09-17T11:36:49Z"}},{"type":"Feature","id":"node/13994450681","geometry":{"type":"Point","coordinates":[37.531993,55.542219]},"properties":{"osm_id":"node/13994450681","station_name":"Улица Горчакова","access_kind":"entrance","station_osm_id":"node/296932670","entrance_ref":"1","network":"Московский метрополитен","match_rule":"stop_area_station","source":"OpenStreetMap/Overpass","source_snapshot":"2026-09-17T11:36:49Z"}},{"type":"Feature","id":"node/13994450692","geometry":{"type":"Point","coordinates":[37.553005,55.54769]},"properties":{"osm_id":"node/13994450692","station_name":"Улица Скобелевская","access_kind":"entrance","station_osm_id":"node/296932663","entrance_ref":"1","network":"Московский метрополитен","match_rule":"stop_area_station","source":"OpenStreetMap/Overpass","source_snapshot":"2026-09-17T11:36:49Z"}},{"type":"Feature","id":"node/1400255234","geometry":{"type":"Point","coordinates":[37.617557,55.758791]},"properties":{"osm_id":"node/1400255234","station_name":"Охотный ряд","access_kind":"entrance","station_osm_id":"node/267335315","entrance_ref":"8","network":"Московский метрополитен","match_rule":"stop_area_station","source":"OpenStreetMap/Overpass","source_snapshot":"2026-09-17T11:36:49Z"}},{"type":"Feature","id":"node/14008495958","geometry":{"type":"Point","coordinates":[37.48368,55.739624]},"properties":{"osm_id":"node/14008495958","station_name":"Филёвский парк","access_kind":"entrance","station_osm_id":"node/241158259","entrance_ref":"2","network":"Московский метрополитен","match_rule":"stop_area_station","source":"OpenStreetMap/Overpass","source_snapshot":"2026-09-17T11:36:49Z"}},{"type":"Feature","id":"node/14008495959","geometry":{"type":"Point","coordinates":[37.48296,55.739369]},"properties":{"osm_id":"node/14008495959","station_name":"Филёвский парк","access_kind":"entrance","station_osm_id":"node/241158259","entrance_ref":"1","network":"Московский метрополитен","match_rule":"stop_area_station","source":"OpenStreetMap/Overpass","source_snapshot":"2026-09-17T11:36:49Z"}},{"type":"Feature","id":"node/14017449858","geometry":{"type":"Point","coordinates":[37.535019,55.691622]},"properties":{"osm_id":"node/14017449858","station_name":"Университет","access_kind":"entrance","station_osm_id":"node/309752494","entrance_ref":"2","network":"Московский метрополитен","match_rule":"stop_area_station","source":"OpenStreetMap/Overpass","source_snapshot":"2026-09-17T11:36:49Z"}},{"type":"Feature","id":"node/14019672747","geometry":{"type":"Point","coordinates":[37.744461,55.802797]},"properties":{"osm_id":"node/14019672747","station_name":"Черкизовская","access_kind":"entrance","station_osm_id":"node/265949956","entrance_ref":"1","network":"Московский метрополитен","match_rule":"stop_area_station","source":"OpenStreetMap/Overpass","source_snapshot":"2026-09-17T11:36:49Z"}},{"type":"Feature","id":"node/14023263030","geometry":{"type":"Point","coordinates":[37.486703,55.687988]},"properties":{"osm_id":"node/14023263030","station_name":"Мичуринский проспект","access_kind":"entrance","station_osm_id":"node/9315693028","entrance_ref":"4","network":"Московский метрополитен","match_rule":"nearest_station","source":"OpenStreetMap/Overpass","source_snapshot":"2026-09-17T11:36:49Z"}},{"type":"Feature","id":"node/14030719994","geometry":{"type":"Point","coordinates":[37.607194,55.690096]},"properties":{"osm_id":"node/14030719994","station_name":"Крымская","access_kind":"entrance","station_osm_id":"relation/7588495","entrance_ref":"2","network":null,"match_rule":"stop_area_relation","source":"OpenStreetMap/Overpass","source_snapshot":"2026-09-17T11:36:49Z"}},{"type":"Feature","id":"node/14039055927","geometry":{"type":"Point","coordinates":[37.548564,55.774375]},"properties":{"osm_id":"node/14039055927","station_name":"Беговая","access_kind":"entrance","station_osm_id":"node/296959508","entrance_ref":"3","network":"Московский метрополитен","match_rule":"stop_area_station","source":"OpenStreetMap/Overpass","source_snapshot":"2026-09-17T11:36:49Z"}},{"type":"Feature","id":"node/14155464824","geometry":{"type":"Point","coordinates":[37.475227,55.783953]},"properties":{"osm_id":"node/14155464824","station_name":"Бульвар Генерала Карбышева","access_kind":"entrance","station_osm_id":"node/14157457959","entrance_ref":"4","network":"Московский метрополитен","match_rule":"nearest_station","source":"OpenStreetMap/Overpass","source_snapshot":"2026-09-17T11:36:49Z"}},{"type":"Feature","id":"node/14155477211","geometry":{"type":"Point","coordinates":[37.47512,55.783622]},"properties":{"osm_id":"node/14155477211","station_name":"Бульвар Генерала Карбышева","access_kind":"entrance","station_osm_id":"node/14157457959","entrance_ref":"3","network":"Московский метрополитен","match_rule":"nearest_station","source":"OpenStreetMap/Overpass","source_snapshot":"2026-09-17T11:36:49Z"}},{"type":"Feature","id":"node/14157457955","geometry":{"type":"Point","coordinates":[37.509431,55.766083]},"properties":{"osm_id":"node/14157457955","station_name":"Звенигородская","access_kind":"station","station_osm_id":"node/14157457955","entrance_ref":null,"network":"Московский метрополитен","match_rule":"station_fallback","source":"OpenStreetMap/Overpass","source_snapshot":"2026-09-17T11:36:49Z"}},{"type":"Feature","id":"node/1421150701","geometry":{"type":"Point","coordinates":[37.679197,55.772366]},"properties":{"osm_id":"node/1421150701","station_name":"Бауманская","access_kind":"entrance","station_osm_id":"node/242546356","entrance_ref":"1","network":"Московский метрополитен","match_rule":"stop_area_station","source":"OpenStreetMap/Overpass","source_snapshot":"2026-09-17T11:36:49Z"}},{"type":"Feature","id":"node/1423525189","geometry":{"type":"Point","coordinates":[37.561423,55.711717]},"properties":{"osm_id":"node/1423525189","station_name":"Воробьёвы горы","access_kind":"entrance","station_osm_id":"node/297335182","entrance_ref":"4","network":"Московский метрополитен","match_rule":"stop_area_station","source":"OpenStreetMap/Overpass","source_snapshot":"2026-09-17T11:36:49Z"}},{"type":"Feature","id":"node/1451245456","geometry":{"type":"Point","coordinates":[37.494662,55.792638]},"properties":{"osm_id":"node/1451245456","station_name":"Октябрьское Поле","access_kind":"entrance","station_osm_id":"node/309748905","entrance_ref":"7","network":"Московский метрополитен","match_rule":"stop_area_station","source":"OpenStreetMap/Overpass","source_snapshot":"2026-09-17T11:36:49Z"}},{"type":"Feature","id":"node/1451245461","geometry":{"type":"Point","coordinates":[37.495009,55.79288]},"properties":{"osm_id":"node/1451245461","station_name":"Октябрьское Поле","access_kind":"entrance","station_osm_id":"node/309748905","entrance_ref":"6","network":"Московский метрополитен","match_rule":"stop_area_station","source":"OpenStreetMap/Overpass","source_snapshot":"2026-09-17T11:36:49Z"}},{"type":"Feature","id":"node/1451245463","geometry":{"type":"Point","coordinates":[37.494224,55.792863]},"properties":{"osm_id":"node/1451245463","station_name":"Октябрьское Поле","access_kind":"entrance","station_osm_id":"node/309748905","entrance_ref":"8","network":"Московский метрополитен","match_rule":"stop_area_station","source":"OpenStreetMap/Overpass","source_snapshot":"2026-09-17T11:36:49Z"}},{"type":"Feature","id":"node/1451245474","geometry":{"type":"Point","coordinates":[37.494578,55.793101]},"properties":{"osm_id":"node/1451245474","station_name":"Октябрьское Поле","access_kind":"entrance","station_osm_id":"node/309748905","entrance_ref":"5","network":"Московский метрополитен","match_rule":"stop_area_station","source":"OpenStreetMap/Overpass","source_snapshot":"2026-09-17T11:36:49Z"}},{"type":"Feature","id":"node/1451245531","geometry":{"type":"Point","coordinates":[37.492345,55.793956]},"properties":{"osm_id":"node/1451245531","station_name":"Октябрьское Поле","access_kind":"entrance","station_osm_id":"node/309748905","entrance_ref":"1","network":"Московский метрополитен","match_rule":"stop_area_station","source":"OpenStreetMap/Overpass","source_snapshot":"2026-09-17T11:36:49Z"}},{"type":"Feature","id":"node/1451245536","geometry":{"type":"Point","coordinates":[37.492639,55.794133]},"properties":{"osm_id":"node/1451245536","station_name":"Октябрьское Поле","access_kind":"entrance","station_osm_id":"node/309748905","entrance_ref":"4","network":"Московский метрополитен","match_rule":"stop_area_station","source":"OpenStreetMap/Overpass","source_snapshot":"2026-09-17T11:36:49Z"}},{"type":"Feature","id":"node/1451245540","geometry":{"type":"Point","coordinates":[37.491916,55.794177]},"properties":{"osm_id":"node/1451245540","station_name":"Октябрьское Поле","access_kind":"entrance","station_osm_id":"node/309748905","entrance_ref":"2","network":"Московский метрополитен","match_rule":"stop_area_station","source":"OpenStreetMap/Overpass","source_snapshot":"2026-09-17T11:36:49Z"}},{"type":"Feature","id":"node/1451245546","geometry":{"type":"Point","coordinates":[37.49221,55.794355]},"properties":{"osm_id":"node/1451245546","station_name":"Октябрьское Поле","access_kind":"entrance","station_osm_id":"node/309748905","entrance_ref":"3","network":"Московский метрополитен","match_rule":"stop_area_station","source":"OpenStreetMap/Overpass","source_snapshot":"2026-09-17T11:36:49Z"}},{"type":"Feature","id":"node/1453858452","geometry":{"type":"Point","coordinates":[37.548987,55.772953]},"properties":{"osm_id":"node/1453858452","station_name":"Беговая","access_kind":"entrance","station_osm_id":"node/296959508","entrance_ref":"6","network":"Московский метрополитен","match_rule":"stop_area_station","source":"OpenStreetMap/Overpass","source_snapshot":"2026-09-17T11:36:49Z"}},{"type":"Feature","id":"node/1463007396","geometry":{"type":"Point","coordinates":[37.608044,55.765579]},"properties":{"osm_id":"node/1463007396","station_name":"Пушкинская","access_kind":"entrance","station_osm_id":"node/362156015","entrance_ref":"12","network":"Московский метрополитен","match_rule":"stop_area_station","source":"OpenStreetMap/Overpass","source_snapshot":"2026-09-17T11:36:49Z"}},{"type":"Feature","id":"node/1470892775","geometry":{"type":"Point","coordinates":[37.601685,55.745037]},"properties":{"osm_id":"node/1470892775","station_name":"Кропоткинская","access_kind":"entrance","station_osm_id":"node/278692957","entrance_ref":"1","network":"Московский метрополитен","match_rule":"stop_area_station","source":"OpenStreetMap/Overpass","source_snapshot":"2026-09-17T11:36:49Z"}},{"type":"Feature","id":"node/1470908849","geometry":{"type":"Point","coordinates":[37.610798,55.752572]},"properties":{"osm_id":"node/1470908849","station_name":"Александровский сад","access_kind":"entrance","station_osm_id":"node/253228506","entrance_ref":"3","network":"Московский метрополитен","match_rule":"stop_area_station","source":"OpenStreetMap/Overpass","source_snapshot":"2026-09-17T11:36:49Z"}},{"type":"Feature","id":"node/1475286275","geometry":{"type":"Point","coordinates":[37.634162,55.791477]},"properties":{"osm_id":"node/1475286275","station_name":"Рижская","access_kind":"entrance","station_osm_id":"node/10702624108","entrance_ref":"5","network":"Московский метрополитен","match_rule":"stop_area_station","source":"OpenStreetMap/Overpass","source_snapshot":"2026-09-17T11:36:49Z"}},{"type":"Feature","id":"node/1488574289","geometry":{"type":"Point","coordinates":[37.517091,55.735818]},"properties":{"osm_id":"node/1488574289","station_name":"Парк Победы","access_kind":"entrance","station_osm_id":"node/10852613370","entrance_ref":"5","network":"Московский метрополитен","match_rule":"stop_area_station","source":"OpenStreetMap/Overpass","source_snapshot":"2026-09-17T11:36:49Z"}},{"type":"Feature","id":"node/1528703987","geometry":{"type":"Point","coordinates":[37.74346,55.632306]},"properties":{"osm_id":"node/1528703987","station_name":"Борисово","access_kind":"entrance","station_osm_id":"node/1527999919","entrance_ref":"1","network":"Московский метрополитен","match_rule":"stop_area_station","source":"OpenStreetMap/Overpass","source_snapshot":"2026-09-17T11:36:49Z"}},{"type":"Feature","id":"node/1528703989","geometry":{"type":"Point","coordinates":[37.744577,55.634124]},"properties":{"osm_id":"node/1528703989","station_name":"Борисово","access_kind":"entrance","station_osm_id":"node/1527999919","entrance_ref":"2","network":"Московский метрополитен","match_rule":"stop_area_station","source":"OpenStreetMap/Overpass","source_snapshot":"2026-09-17T11:36:49Z"}},{"type":"Feature","id":"node/1528704000","geometry":{"type":"Point","coordinates":[37.74388,55.622225]},"properties":{"osm_id":"node/1528704000","station_name":"Шипиловская","access_kind":"entrance","station_osm_id":"node/1527999934","entrance_ref":"5","network":"Московский метрополитен","match_rule":"stop_area_station","source":"OpenStreetMap/Overpass","source_snapshot":"2026-09-17T11:36:49Z"}},{"type":"Feature","id":"node/1529678016","geometry":{"type":"Point","coordinates":[37.742418,55.622094]},"properties":{"osm_id":"node/1529678016","station_name":"Шипиловская","access_kind":"entrance","station_osm_id":"node/1527999934","entrance_ref":"4","network":"Московский метрополитен","match_rule":"stop_area_station","source":"OpenStreetMap/Overpass","source_snapshot":"2026-09-17T11:36:49Z"}},{"type":"Feature","id":"node/1529699432","geometry":{"type":"Point","coordinates":[37.743172,55.620324]},"properties":{"osm_id":"node/1529699432","station_name":"Шипиловская","access_kind":"entrance","station_osm_id":"node/1527999934","entrance_ref":"3","network":"Московский метрополитен","match_rule":"stop_area_station","source":"OpenStreetMap/Overpass","source_snapshot":"2026-09-17T11:36:49Z"}},{"type":"Feature","id":"node/1529699445","geometry":{"type":"Point","coordinates":[37.744173,55.620388]},"properties":{"osm_id":"node/1529699445","station_name":"Шипиловская","access_kind":"entrance","station_osm_id":"node/1527999934","entrance_ref":"1","network":"Московский метрополитен","match_rule":"stop_area_station","source":"OpenStreetMap/Overpass","source_snapshot":"2026-09-17T11:36:49Z"}},{"type":"Feature","id":"node/1529779183","geometry":{"type":"Point","coordinates":[37.744859,55.611006]},"properties":{"osm_id":"node/1529779183","station_name":"Зябликово","access_kind":"entrance","station_osm_id":"node/1527999927","entrance_ref":"11","network":"Московский метрополитен","match_rule":"stop_area_station","source":"OpenStreetMap/Overpass","source_snapshot":"2026-09-17T11:36:49Z"}},{"type":"Feature","id":"node/1538298793","geometry":{"type":"Point","coordinates":[37.597206,55.769602]},"properties":{"osm_id":"node/1538298793","station_name":"Маяковская","access_kind":"entrance","station_osm_id":"node/291687455","entrance_ref":"2","network":"Московский метрополитен","match_rule":"stop_area_station","source":"OpenStreetMap/Overpass","source_snapshot":"2026-09-17T11:36:49Z"}},{"type":"Feature","id":"node/1545854861","geometry":{"type":"Point","coordinates":[37.622024,55.653727]},"properties":{"osm_id":"node/1545854861","station_name":"Варшавская","access_kind":"entrance","station_osm_id":"node/10702113003","entrance_ref":null,"network":"Московский метрополитен","match_rule":"stop_area_station","source":"OpenStreetMap/Overpass","source_snapshot":"2026-09-17T11:36:49Z"}},{"type":"Feature","id":"node/154709089","geometry":{"type":"Point","coordinates":[37.587635,55.708565]},"properties":{"osm_id":"node/154709089","station_name":"Ленинский проспект","access_kind":"entrance","station_osm_id":"node/282411334","entrance_ref":"2","network":"Московский метрополитен","match_rule":"stop_area_station","source":"OpenStreetMap/Overpass","source_snapshot":"2026-09-17T11:36:49Z"}},{"type":"Feature","id":"node/1566761502","geometry":{"type":"Point","coordinates":[37.605995,55.764733]},"properties":{"osm_id":"node/1566761502","station_name":"Тверская","access_kind":"entrance","station_osm_id":"node/292144111","entrance_ref":"8","network":"Московский метрополитен","match_rule":"stop_area_station","source":"OpenStreetMap/Overpass","source_snapshot":"2026-09-17T11:36:49Z"}},{"type":"Feature","id":"node/1598671405","geometry":{"type":"Point","coordinates":[37.610065,55.623503]},"properties":{"osm_id":"node/1598671405","station_name":"Южная","access_kind":"entrance","station_osm_id":"node/296953137","entrance_ref":"7","network":"Московский метрополитен","match_rule":"stop_area_station","source":"OpenStreetMap/Overpass","source_snapshot":"2026-09-17T11:36:49Z"}},{"type":"Feature","id":"node/1598671409","geometry":{"type":"Point","coordinates":[37.609047,55.623554]},"properties":{"osm_id":"node/1598671409","station_name":"Южная","access_kind":"entrance","station_osm_id":"node/296953137","entrance_ref":"6","network":"Московский метрополитен","match_rule":"stop_area_station","source":"OpenStreetMap/Overpass","source_snapshot":"2026-09-17T11:36:49Z"}},{"type":"Feature","id":"node/1601879057","geometry":{"type":"Point","coordinates":[37.607919,55.639852]},"properties":{"osm_id":"node/1601879057","station_name":"Чертановская","access_kind":"entrance","station_osm_id":"node/296953136","entrance_ref":"1","network":"Московский метрополитен","match_rule":"stop_area_station","source":"OpenStreetMap/Overpass","source_snapshot":"2026-09-17T11:36:49Z"}},{"type":"Feature","id":"node/1615679559","geometry":{"type":"Point","coordinates":[37.614319,55.781318]},"properties":{"osm_id":"node/1615679559","station_name":"Достоевская","access_kind":"entrance","station_osm_id":"node/773136972","entrance_ref":"2","network":"Московский метрополитен","match_rule":"stop_area_station","source":"OpenStreetMap/Overpass","source_snapshot":"2026-09-17T11:36:49Z"}},{"type":"Feature","id":"node/1626979243","geometry":{"type":"Point","coordinates":[37.705551,55.782111]},"properties":{"osm_id":"node/1626979243","station_name":"Электрозаводская","access_kind":"entrance","station_osm_id":"node/242546355","entrance_ref":"1","network":"Московский метрополитен","match_rule":"stop_area_station","source":"OpenStreetMap/Overpass","source_snapshot":"2026-09-17T11:36:49Z"}},{"type":"Feature","id":"node/1627082237","geometry":{"type":"Point","coordinates":[37.67693,55.718035]},"properties":{"osm_id":"node/1627082237","station_name":"Дубровка","access_kind":"entrance","station_osm_id":"node/296947185","entrance_ref":"1","network":"Московский метрополитен","match_rule":"stop_area_station","source":"OpenStreetMap/Overpass","source_snapshot":"2026-09-17T11:36:49Z"}},{"type":"Feature","id":"node/1627082330","geometry":{"type":"Point","coordinates":[37.687761,55.724579]},"properties":{"osm_id":"node/1627082330","station_name":"Волгоградский проспект","access_kind":"entrance","station_osm_id":"node/253016892","entrance_ref":"2","network":"Московский метрополитен","match_rule":"stop_area_station","source":"OpenStreetMap/Overpass","source_snapshot":"2026-09-17T11:36:49Z"}},{"type":"Feature","id":"node/1628094404","geometry":{"type":"Point","coordinates":[37.613432,55.781215]},"properties":{"osm_id":"node/1628094404","station_name":"Достоевская","access_kind":"entrance","station_osm_id":"node/773136972","entrance_ref":"3","network":"Московский метрополитен","match_rule":"stop_area_station","source":"OpenStreetMap/Overpass","source_snapshot":"2026-09-17T11:36:49Z"}},{"type":"Feature","id":"node/1651494993","geometry":{"type":"Point","coordinates":[37.637759,55.843823]},"properties":{"osm_id":"node/1651494993","station_name":"Ботанический сад","access_kind":"entrance","station_osm_id":"node/268521591","entrance_ref":"1","network":"Московский метрополитен","match_rule":"stop_area_station","source":"OpenStreetMap/Overpass","source_snapshot":"2026-09-17T11:36:49Z"}},{"type":"Feature","id":"node/1672869493","geometry":{"type":"Point","coordinates":[37.561055,55.711874]},"properties":{"osm_id":"node/1672869493","station_name":"Воробьёвы горы","access_kind":"entrance","station_osm_id":"node/297335182","entrance_ref":"3","network":"Московский метрополитен","match_rule":"stop_area_station","source":"OpenStreetMap/Overpass","source_snapshot":"2026-09-17T11:36:49Z"}},{"type":"Feature","id":"node/1673508123","geometry":{"type":"Point","coordinates":[37.408617,55.757643]},"properties":{"osm_id":"node/1673508123","station_name":"Крылатское","access_kind":"entrance","station_osm_id":"node/6939665011","entrance_ref":"4","network":"Московский метрополитен","match_rule":"stop_area_station","source":"OpenStreetMap/Overpass","source_snapshot":"2026-09-17T11:36:49Z"}},{"type":"Feature","id":"node/1673508169","geometry":{"type":"Point","coordinates":[37.408555,55.75814]},"properties":{"osm_id":"node/1673508169","station_name":"Крылатское","access_kind":"entrance","station_osm_id":"node/6939665011","entrance_ref":"3","network":"Московский метрополитен","match_rule":"stop_area_station","source":"OpenStreetMap/Overpass","source_snapshot":"2026-09-17T11:36:49Z"}},{"type":"Feature","id":"node/1689003750","geometry":{"type":"Point","coordinates":[37.602743,55.596036]},"properties":{"osm_id":"node/1689003750","station_name":"Улица Академика Янгеля","access_kind":"entrance","station_osm_id":"node/296953139","entrance_ref":"7","network":"Московский метрополитен","match_rule":"stop_area_station","source":"OpenStreetMap/Overpass","source_snapshot":"2026-09-17T11:36:49Z"}},{"type":"Feature","id":"node/1689003815","geometry":{"type":"Point","coordinates":[37.601954,55.596146]},"properties":{"osm_id":"node/1689003815","station_name":"Улица Академика Янгеля","access_kind":"entrance","station_osm_id":"node/296953139","entrance_ref":"6","network":"Московский метрополитен","match_rule":"stop_area_station","source":"OpenStreetMap/Overpass","source_snapshot":"2026-09-17T11:36:49Z"}},{"type":"Feature","id":"node/1701650767","geometry":{"type":"Point","coordinates":[37.8185,55.715314]},"properties":{"osm_id":"node/1701650767","station_name":"Выхино","access_kind":"entrance","station_osm_id":"node/253016895","entrance_ref":"2","network":"Московский метрополитен","match_rule":"stop_area_station","source":"OpenStreetMap/Overpass","source_snapshot":"2026-09-17T11:36:49Z"}},{"type":"Feature","id":"node/170533049","geometry":{"type":"Point","coordinates":[37.647881,55.654463]},"properties":{"osm_id":"node/170533049","station_name":"Каширская","access_kind":"entrance","station_osm_id":"node/10852613373","entrance_ref":"1","network":"Московский метрополитен","match_rule":"stop_area_station","source":"OpenStreetMap/Overpass","source_snapshot":"2026-09-17T11:36:49Z"}},{"type":"Feature","id":"node/1720330108","geometry":{"type":"Point","coordinates":[37.516834,55.804959]},"properties":{"osm_id":"node/1720330108","station_name":"Сокол","access_kind":"entrance","station_osm_id":"node/5202107576","entrance_ref":"4","network":"Московский метрополитен","match_rule":"stop_area_station","source":"OpenStreetMap/Overpass","source_snapshot":"2026-09-17T11:36:49Z"}},{"type":"Feature","id":"node/1720330113","geometry":{"type":"Point","coordinates":[37.516343,55.805088]},"properties":{"osm_id":"node/1720330113","station_name":"Сокол","access_kind":"entrance","station_osm_id":"node/5202107576","entrance_ref":"3","network":"Московский метрополитен","match_rule":"stop_area_station","source":"OpenStreetMap/Overpass","source_snapshot":"2026-09-17T11:36:49Z"}},{"type":"Feature","id":"node/1740054681","geometry":{"type":"Point","coordinates":[37.657177,55.706326]},"properties":{"osm_id":"node/1740054681","station_name":"Автозаводская","access_kind":"entrance","station_osm_id":"node/292146578","entrance_ref":"1","network":"Московский метрополитен","match_rule":"stop_area_station","source":"OpenStreetMap/Overpass","source_snapshot":"2026-09-17T11:36:49Z"}},{"type":"Feature","id":"node/1746293226","geometry":{"type":"Point","coordinates":[37.440703,55.849208]},"properties":{"osm_id":"node/1746293226","station_name":"Сходненская","access_kind":"entrance","station_osm_id":"node/309750154","entrance_ref":"7","network":"Московский метрополитен","match_rule":"stop_area_station","source":"OpenStreetMap/Overpass","source_snapshot":"2026-09-17T11:36:49Z"}},{"type":"Feature","id":"node/175727206","geometry":{"type":"Point","coordinates":[37.799003,55.795722]},"properties":{"osm_id":"node/175727206","station_name":"Первомайская","access_kind":"entrance","station_osm_id":"node/2692882978","entrance_ref":"1","network":"Московский метрополитен","match_rule":"stop_area_station","source":"OpenStreetMap/Overpass","source_snapshot":"2026-09-17T11:36:49Z"}},{"type":"Feature","id":"node/175727207","geometry":{"type":"Point","coordinates":[37.799667,55.795738]},"properties":{"osm_id":"node/175727207","station_name":"Первомайская","access_kind":"entrance","station_osm_id":"node/2692882978","entrance_ref":"2","network":"Московский метрополитен","match_rule":"stop_area_station","source":"OpenStreetMap/Overpass","source_snapshot":"2026-09-17T11:36:49Z"}},{"type":"Feature","id":"node/1788476390","geometry":{"type":"Point","coordinates":[37.596169,55.581437]},"properties":{"osm_id":"node/1788476390","station_name":"Аннино","access_kind":"entrance","station_osm_id":"node/296953140","entrance_ref":"1","network":"Московский метрополитен","match_rule":"stop_area_station","source":"OpenStreetMap/Overpass","source_snapshot":"2026-09-17T11:36:49Z"}},{"type":"Feature","id":"node/1789932292","geometry":{"type":"Point","coordinates":[37.781247,55.719474]},"properties":{"osm_id":"node/1789932292","station_name":"Окская","access_kind":"entrance","station_osm_id":"node/7335380503","entrance_ref":"3","network":"Московский метрополитен","match_rule":"stop_area_station","source":"OpenStreetMap/Overpass","source_snapshot":"2026-09-17T11:36:49Z"}},{"type":"Feature","id":"node/1789932324","geometry":{"type":"Point","coordinates":[37.78096,55.719136]},"properties":{"osm_id":"node/1789932324","station_name":"Окская","access_kind":"entrance","station_osm_id":"node/7335380503","entrance_ref":"2","network":"Московский метрополитен","match_rule":"stop_area_station","source":"OpenStreetMap/Overpass","source_snapshot":"2026-09-17T11:36:49Z"}},{"type":"Feature","id":"node/1802999405","geometry":{"type":"Point","coordinates":[37.476558,55.854268]},"properties":{"osm_id":"node/1802999405","station_name":"Речной вокзал","access_kind":"entrance","station_osm_id":"node/266835841","entrance_ref":"2","network":"Московский метрополитен","match_rule":"stop_area_station","source":"OpenStreetMap/Overpass","source_snapshot":"2026-09-17T11:36:49Z"}},{"type":"Feature","id":"node/1802999415","geometry":{"type":"Point","coordinates":[37.475606,55.855721]},"properties":{"osm_id":"node/1802999415","station_name":"Речной вокзал","access_kind":"entrance","station_osm_id":"node/266835841","entrance_ref":"1","network":"Московский метрополитен","match_rule":"stop_area_station","source":"OpenStreetMap/Overpass","source_snapshot":"2026-09-17T11:36:49Z"}},{"type":"Feature","id":"node/1810710852","geometry":{"type":"Point","coordinates":[37.564441,55.742933]},"properties":{"osm_id":"node/1810710852","station_name":"Киевская","access_kind":"entrance","station_osm_id":"node/253375111","entrance_ref":"6","network":"Московский метрополитен","match_rule":"stop_area_station","source":"OpenStreetMap/Overpass","source_snapshot":"2026-09-17T11:36:49Z"}},{"type":"Feature","id":"node/1821068946","geometry":{"type":"Point","coordinates":[37.588885,55.794265]},"properties":{"osm_id":"node/1821068946","station_name":"Савёловская","access_kind":"entrance","station_osm_id":"node/296956169","entrance_ref":"2","network":"Московский метрополитен","match_rule":"stop_area_station","source":"OpenStreetMap/Overpass","source_snapshot":"2026-09-17T11:36:49Z"}},{"type":"Feature","id":"node/1890438394","geometry":{"type":"Point","coordinates":[37.862797,55.743918]},"properties":{"osm_id":"node/1890438394","station_name":"Новокосино","access_kind":"entrance","station_osm_id":"node/1890426555","entrance_ref":"4","network":"Московский метрополитен","match_rule":"stop_area_station","source":"OpenStreetMap/Overpass","source_snapshot":"2026-09-17T11:36:49Z"}},{"type":"Feature","id":"node/1890438397","geometry":{"type":"Point","coordinates":[37.862614,55.744173]},"properties":{"osm_id":"node/1890438397","station_name":"Новокосино","access_kind":"entrance","station_osm_id":"node/1890426555","entrance_ref":"3","network":"Московский метрополитен","match_rule":"stop_area_station","source":"OpenStreetMap/Overpass","source_snapshot":"2026-09-17T11:36:49Z"}},{"type":"Feature","id":"node/1890438401","geometry":{"type":"Point","coordinates":[37.865785,55.744421]},"properties":{"osm_id":"node/1890438401","station_name":"Новокосино","access_kind":"entrance","station_osm_id":"node/1890426555","entrance_ref":"2","network":"Московский метрополитен","match_rule":"stop_area_station","source":"OpenStreetMap/Overpass","source_snapshot":"2026-09-17T11:36:49Z"}},{"type":"Feature","id":"node/1890438432","geometry":{"type":"Point","coordinates":[37.86188,55.745484]},"properties":{"osm_id":"node/1890438432","station_name":"Новокосино","access_kind":"entrance","station_osm_id":"node/1890426555","entrance_ref":"5","network":"Московский метрополитен","match_rule":"stop_area_station","source":"OpenStreetMap/Overpass","source_snapshot":"2026-09-17T11:36:49Z"}},{"type":"Feature","id":"node/1891488440","geometry":{"type":"Point","coordinates":[37.598755,55.781403]},"properties":{"osm_id":"node/1891488440","station_name":"Менделеевская","access_kind":"entrance","station_osm_id":"node/296956170","entrance_ref":"2","network":"Московский метрополитен","match_rule":"stop_area_station","source":"OpenStreetMap/Overpass","source_snapshot":"2026-09-17T11:36:49Z"}},{"type":"Feature","id":"node/1891488443","geometry":{"type":"Point","coordinates":[37.598601,55.78159]},"properties":{"osm_id":"node/1891488443","station_name":"Менделеевская","access_kind":"entrance","station_osm_id":"node/296956170","entrance_ref":"3","network":"Московский метрополитен","match_rule":"stop_area_station","source":"OpenStreetMap/Overpass","source_snapshot":"2026-09-17T11:36:49Z"}},{"type":"Feature","id":"node/1891488447","geometry":{"type":"Point","coordinates":[37.599086,55.781936]},"properties":{"osm_id":"node/1891488447","station_name":"Менделеевская","access_kind":"entrance","station_osm_id":"node/296956170","entrance_ref":"4","network":"Московский метрополитен","match_rule":"stop_area_station","source":"OpenStreetMap/Overpass","source_snapshot":"2026-09-17T11:36:49Z"}},{"type":"Feature","id":"node/1900435806","geometry":{"type":"Point","coordinates":[37.747778,55.770255]},"properties":{"osm_id":"node/1900435806","station_name":"Соколиная Гора","access_kind":"entrance","station_osm_id":"relation/6604090","entrance_ref":"4","network":"МЦК","match_rule":"stop_area_relation","source":"OpenStreetMap/Overpass","source_snapshot":"2026-09-17T11:36:49Z"}},{"type":"Feature","id":"node/1900435807","geometry":{"type":"Point","coordinates":[37.746073,55.770123]},"properties":{"osm_id":"node/1900435807","station_name":"Соколиная Гора","access_kind":"entrance","station_osm_id":"relation/6604090","entrance_ref":"3","network":"МЦК","match_rule":"stop_area_relation","source":"OpenStreetMap/Overpass","source_snapshot":"2026-09-17T11:36:49Z"}},{"type":"Feature","id":"node/1913292169","geometry":{"type":"Point","coordinates":[37.74543,55.758999]},"properties":{"osm_id":"node/1913292169","station_name":"Шоссе Энтузиастов","access_kind":"entrance","station_osm_id":"relation/6604102","entrance_ref":"2","network":"МЦК","match_rule":"stop_area_relation","source":"OpenStreetMap/Overpass","source_snapshot":"2026-09-17T11:36:49Z"}},{"type":"Feature","id":"node/1939471693","geometry":{"type":"Point","coordinates":[37.597877,55.583622]},"properties":{"osm_id":"node/1939471693","station_name":"Аннино","access_kind":"entrance","station_osm_id":"node/296953140","entrance_ref":"4","network":"Московский метрополитен","match_rule":"stop_area_station","source":"OpenStreetMap/Overpass","source_snapshot":"2026-09-17T11:36:49Z"}},{"type":"Feature","id":"node/1939985750","geometry":{"type":"Point","coordinates":[37.730259,55.73121]},"properties":{"osm_id":"node/1939985750","station_name":"Нижегородская","access_kind":"entrance","station_osm_id":"node/10852613372","entrance_ref":"1","network":"Московский метрополитен","match_rule":"stop_area_station","source":"OpenStreetMap/Overpass","source_snapshot":"2026-09-17T11:36:49Z"}},{"type":"Feature","id":"node/198266597","geometry":{"type":"Point","coordinates":[37.497302,55.743633]},"properties":{"osm_id":"node/198266597","station_name":"Багратионовская","access_kind":"entrance","station_osm_id":"node/241158281","entrance_ref":"1","network":"Московский метрополитен","match_rule":"stop_area_station","source":"OpenStreetMap/Overpass","source_snapshot":"2026-09-17T11:36:49Z"}},{"type":"Feature","id":"node/198266758","geometry":{"type":"Point","coordinates":[37.498197,55.74383]},"properties":{"osm_id":"node/198266758","station_name":"Багратионовская","access_kind":"entrance","station_osm_id":"node/241158281","entrance_ref":"2","network":"Московский метрополитен","match_rule":"stop_area_station","source":"OpenStreetMap/Overpass","source_snapshot":"2026-09-17T11:36:49Z"}},{"type":"Feature","id":"node/198308457","geometry":{"type":"Point","coordinates":[37.582175,55.77726]},"properties":{"osm_id":"node/198308457","station_name":"Белорусская","access_kind":"entrance","station_osm_id":"node/1157975976","entrance_ref":"4","network":"Московский метрополитен","match_rule":"stop_area_station","source":"OpenStreetMap/Overpass","source_snapshot":"2026-09-17T11:36:49Z"}},{"type":"Feature","id":"node/1998862904","geometry":{"type":"Point","coordinates":[37.47584,55.85577]},"properties":{"osm_id":"node/1998862904","station_name":"Речной вокзал","access_kind":"entrance","station_osm_id":"node/266835841","entrance_ref":"1","network":"Московский метрополитен","match_rule":"stop_area_station","source":"OpenStreetMap/Overpass","source_snapshot":"2026-09-17T11:36:49Z"}},{"type":"Feature","id":"node/2026382938","geometry":{"type":"Point","coordinates":[37.486173,55.840558]},"properties":{"osm_id":"node/2026382938","station_name":"Водный стадион","access_kind":"entrance","station_osm_id":"node/266835844","entrance_ref":"1","network":"Московский метрополитен","match_rule":"stop_area_station","source":"OpenStreetMap/Overpass","source_snapshot":"2026-09-17T11:36:49Z"}},{"type":"Feature","id":"node/2026382951","geometry":{"type":"Point","coordinates":[37.487495,55.83915]},"properties":{"osm_id":"node/2026382951","station_name":"Водный стадион","access_kind":"entrance","station_osm_id":"node/266835844","entrance_ref":"2","network":"Московский метрополитен","match_rule":"stop_area_station","source":"OpenStreetMap/Overpass","source_snapshot":"2026-09-17T11:36:49Z"}},{"type":"Feature","id":"node/2026382976","geometry":{"type":"Point","coordinates":[37.486358,55.840604]},"properties":{"osm_id":"node/2026382976","station_name":"Водный стадион","access_kind":"entrance","station_osm_id":"node/266835844","entrance_ref":"1","network":"Московский метрополитен","match_rule":"stop_area_station","source":"OpenStreetMap/Overpass","source_snapshot":"2026-09-17T11:36:49Z"}},{"type":"Feature","id":"node/2032093532","geometry":{"type":"Point","coordinates":[37.756261,55.690664]},"properties":{"osm_id":"node/2032093532","station_name":"Волжская","access_kind":"entrance","station_osm_id":"node/296949283","entrance_ref":"2","network":"Московский метрополитен","match_rule":"stop_area_station","source":"OpenStreetMap/Overpass","source_snapshot":"2026-09-17T11:36:49Z"}},{"type":"Feature","id":"node/2082982530","geometry":{"type":"Point","coordinates":[37.616961,55.797091]},"properties":{"osm_id":"node/2082982530","station_name":"Марьина Роща","access_kind":"entrance","station_osm_id":"node/773136965","entrance_ref":"1","network":"Московский метрополитен","match_rule":"stop_area_station","source":"OpenStreetMap/Overpass","source_snapshot":"2026-09-17T11:36:49Z"}},{"type":"Feature","id":"node/2098362521","geometry":{"type":"Point","coordinates":[37.385376,55.823128]},"properties":{"osm_id":"node/2098362521","station_name":"Мякинино","access_kind":"entrance","station_osm_id":"node/5202107566","entrance_ref":"2","network":"Московский метрополитен","match_rule":"stop_area_station","source":"OpenStreetMap/Overpass","source_snapshot":"2026-09-17T11:36:49Z"}},{"type":"Feature","id":"node/2101832184","geometry":{"type":"Point","coordinates":[37.354204,55.854559]},"properties":{"osm_id":"node/2101832184","station_name":"Пятницкое шоссе","access_kind":"entrance","station_osm_id":"node/2101832212","entrance_ref":"3","network":"Московский метрополитен","match_rule":"stop_area_station","source":"OpenStreetMap/Overpass","source_snapshot":"2026-09-17T11:36:49Z"}},{"type":"Feature","id":"node/2101832191","geometry":{"type":"Point","coordinates":[37.352835,55.8549]},"properties":{"osm_id":"node/2101832191","station_name":"Пятницкое шоссе","access_kind":"entrance","station_osm_id":"node/2101832212","entrance_ref":"4","network":"Московский метрополитен","match_rule":"stop_area_station","source":"OpenStreetMap/Overpass","source_snapshot":"2026-09-17T11:36:49Z"}},{"type":"Feature","id":"node/2101832199","geometry":{"type":"Point","coordinates":[37.35307,55.855369]},"properties":{"osm_id":"node/2101832199","station_name":"Пятницкое шоссе","access_kind":"entrance","station_osm_id":"node/2101832212","entrance_ref":"5","network":"Московский метрополитен","match_rule":"stop_area_station","source":"OpenStreetMap/Overpass","source_snapshot":"2026-09-17T11:36:49Z"}},{"type":"Feature","id":"node/2101832230","geometry":{"type":"Point","coordinates":[37.355248,55.857261]},"properties":{"osm_id":"node/2101832230","station_name":"Пятницкое шоссе","access_kind":"entrance","station_osm_id":"node/2101832212","entrance_ref":"1","network":"Московский метрополитен","match_rule":"stop_area_station","source":"OpenStreetMap/Overpass","source_snapshot":"2026-09-17T11:36:49Z"}},{"type":"Feature","id":"node/2128888529","geometry":{"type":"Point","coordinates":[37.784858,55.75055]},"properties":{"osm_id":"node/2128888529","station_name":"Перово","access_kind":"entrance","station_osm_id":"node/255744332","entrance_ref":"4","network":"Московский метрополитен","match_rule":"stop_area_station","source":"OpenStreetMap/Overpass","source_snapshot":"2026-09-17T11:36:49Z"}},{"type":"Feature","id":"node/2128888532","geometry":{"type":"Point","coordinates":[37.785165,55.7506]},"properties":{"osm_id":"node/2128888532","station_name":"Перово","access_kind":"entrance","station_osm_id":"node/255744332","entrance_ref":"3","network":"Московский метрополитен","match_rule":"stop_area_station","source":"OpenStreetMap/Overpass","source_snapshot":"2026-09-17T11:36:49Z"}},{"type":"Feature","id":"node/2128888535","geometry":{"type":"Point","coordinates":[37.784213,55.750974]},"properties":{"osm_id":"node/2128888535","station_name":"Перово","access_kind":"entrance","station_osm_id":"node/255744332","entrance_ref":"5","network":"Московский метрополитен","match_rule":"stop_area_station","source":"OpenStreetMap/Overpass","source_snapshot":"2026-09-17T11:36:49Z"}},{"type":"Feature","id":"node/2128888539","geometry":{"type":"Point","coordinates":[37.785178,55.751153]},"properties":{"osm_id":"node/2128888539","station_name":"Перово","access_kind":"entrance","station_osm_id":"node/255744332","entrance_ref":"8","network":"Московский метрополитен","match_rule":"stop_area_station","source":"OpenStreetMap/Overpass","source_snapshot":"2026-09-17T11:36:49Z"}},{"type":"Feature","id":"node/2128890518","geometry":{"type":"Point","coordinates":[37.784441,55.751246]},"properties":{"osm_id":"node/2128890518","station_name":"Перово","access_kind":"entrance","station_osm_id":"node/255744332","entrance_ref":"6","network":"Московский метрополитен","match_rule":"stop_area_station","source":"OpenStreetMap/Overpass","source_snapshot":"2026-09-17T11:36:49Z"}},{"type":"Feature","id":"node/2145730000","geometry":{"type":"Point","coordinates":[37.605491,55.764277]},"properties":{"osm_id":"node/2145730000","station_name":"Тверская","access_kind":"entrance","station_osm_id":"node/292144111","entrance_ref":"10","network":"Московский метрополитен","match_rule":"stop_area_station","source":"OpenStreetMap/Overpass","source_snapshot":"2026-09-17T11:36:49Z"}},{"type":"Feature","id":"node/2145730131","geometry":{"type":"Point","coordinates":[37.606317,55.764873]},"properties":{"osm_id":"node/2145730131","station_name":"Тверская","access_kind":"entrance","station_osm_id":"node/292144111","entrance_ref":"7","network":"Московский метрополитен","match_rule":"stop_area_station","source":"OpenStreetMap/Overpass","source_snapshot":"2026-09-17T11:36:49Z"}},{"type":"Feature","id":"node/2160270808","geometry":{"type":"Point","coordinates":[37.515004,55.537729]},"properties":{"osm_id":"node/2160270808","station_name":"Бунинская аллея","access_kind":"entrance","station_osm_id":"node/296932673","entrance_ref":"1","network":"Московский метрополитен","match_rule":"stop_area_station","source":"OpenStreetMap/Overpass","source_snapshot":"2026-09-17T11:36:49Z"}},{"type":"Feature","id":"node/2160270812","geometry":{"type":"Point","coordinates":[37.744163,55.613429]},"properties":{"osm_id":"node/2160270812","station_name":"Зябликово","access_kind":"entrance","station_osm_id":"node/1527999927","entrance_ref":"10","network":"Московский метрополитен","match_rule":"stop_area_station","source":"OpenStreetMap/Overpass","source_snapshot":"2026-09-17T11:36:49Z"}},{"type":"Feature","id":"node/2160270817","geometry":{"type":"Point","coordinates":[37.745539,55.61351]},"properties":{"osm_id":"node/2160270817","station_name":"Зябликово","access_kind":"entrance","station_osm_id":"node/1527999927","entrance_ref":"9","network":"Московский метрополитен","match_rule":"stop_area_station","source":"OpenStreetMap/Overpass","source_snapshot":"2026-09-17T11:36:49Z"}},{"type":"Feature","id":"node/2160270820","geometry":{"type":"Point","coordinates":[37.532068,55.542217]},"properties":{"osm_id":"node/2160270820","station_name":"Улица Горчакова","access_kind":"entrance","station_osm_id":"node/296932670","entrance_ref":"1","network":"Московский метрополитен","match_rule":"stop_area_station","source":"OpenStreetMap/Overpass","source_snapshot":"2026-09-17T11:36:49Z"}},{"type":"Feature","id":"node/2160270824","geometry":{"type":"Point","coordinates":[37.553022,55.547689]},"properties":{"osm_id":"node/2160270824","station_name":"Улица Скобелевская","access_kind":"entrance","station_osm_id":"node/296932663","entrance_ref":"1","network":"Московский метрополитен","match_rule":"stop_area_station","source":"OpenStreetMap/Overpass","source_snapshot":"2026-09-17T11:36:49Z"}},{"type":"Feature","id":"node/2214977938","geometry":{"type":"Point","coordinates":[37.716681,55.611083]},"properties":{"osm_id":"node/2214977938","station_name":"Домодедовская","access_kind":"entrance","station_osm_id":"node/305486163","entrance_ref":"6","network":"Московский метрополитен","match_rule":"stop_area_station","source":"OpenStreetMap/Overpass","source_snapshot":"2026-09-17T11:36:49Z"}},{"type":"Feature","id":"node/2214977943","geometry":{"type":"Point","coordinates":[37.717925,55.611303]},"properties":{"osm_id":"node/2214977943","station_name":"Домодедовская","access_kind":"entrance","station_osm_id":"node/305486163","entrance_ref":"5","network":"Московский метрополитен","match_rule":"stop_area_station","source":"OpenStreetMap/Overpass","source_snapshot":"2026-09-17T11:36:49Z"}},{"type":"Feature","id":"node/2219647340","geometry":{"type":"Point","coordinates":[37.718096,55.611169]},"properties":{"osm_id":"node/2219647340","station_name":"Домодедовская","access_kind":"entrance","station_osm_id":"node/305486163","entrance_ref":"4","network":"Московский метрополитен","match_rule":"stop_area_station","source":"OpenStreetMap/Overpass","source_snapshot":"2026-09-17T11:36:49Z"}},{"type":"Feature","id":"node/2231456816","geometry":{"type":"Point","coordinates":[37.647753,55.654109]},"properties":{"osm_id":"node/2231456816","station_name":"Каширская","access_kind":"entrance","station_osm_id":"node/5174653609","entrance_ref":"1","network":"Московский метрополитен","match_rule":"stop_area_station","source":"OpenStreetMap/Overpass","source_snapshot":"2026-09-17T11:36:49Z"}},{"type":"Feature","id":"node/2231456817","geometry":{"type":"Point","coordinates":[37.647309,55.654327]},"properties":{"osm_id":"node/2231456817","station_name":"Каширская","access_kind":"entrance","station_osm_id":"node/10852613373","entrance_ref":"2","network":"Московский метрополитен","match_rule":"stop_area_station","source":"OpenStreetMap/Overpass","source_snapshot":"2026-09-17T11:36:49Z"}},{"type":"Feature","id":"node/2231456819","geometry":{"type":"Point","coordinates":[37.650098,55.655736]},"properties":{"osm_id":"node/2231456819","station_name":"Каширская","access_kind":"entrance","station_osm_id":"node/5174653609","entrance_ref":"4","network":"Московский метрополитен","match_rule":"stop_area_station","source":"OpenStreetMap/Overpass","source_snapshot":"2026-09-17T11:36:49Z"}},{"type":"Feature","id":"node/2231456820","geometry":{"type":"Point","coordinates":[37.649624,55.655949]},"properties":{"osm_id":"node/2231456820","station_name":"Каширская","access_kind":"entrance","station_osm_id":"node/10852613373","entrance_ref":"3","network":"Московский метрополитен","match_rule":"stop_area_station","source":"OpenStreetMap/Overpass","source_snapshot":"2026-09-17T11:36:49Z"}},{"type":"Feature","id":"node/2264469814","geometry":{"type":"Point","coordinates":[37.559775,55.788907]},"properties":{"osm_id":"node/2264469814","station_name":"Динамо","access_kind":"entrance","station_osm_id":"node/266835848","entrance_ref":"2","network":"Московский метрополитен","match_rule":"stop_area_station","source":"OpenStreetMap/Overpass","source_snapshot":"2026-09-17T11:36:49Z"}},{"type":"Feature","id":"node/2264469817","geometry":{"type":"Point","coordinates":[37.559943,55.788934]},"properties":{"osm_id":"node/2264469817","station_name":"Динамо","access_kind":"entrance","station_osm_id":"node/266835848","entrance_ref":"2","network":"Московский метрополитен","match_rule":"stop_area_station","source":"OpenStreetMap/Overpass","source_snapshot":"2026-09-17T11:36:49Z"}},{"type":"Feature","id":"node/2264469826","geometry":{"type":"Point","coordinates":[37.559993,55.78897]},"properties":{"osm_id":"node/2264469826","station_name":"Динамо","access_kind":"entrance","station_osm_id":"node/266835848","entrance_ref":"2","network":"Московский метрополитен","match_rule":"stop_area_station","source":"OpenStreetMap/Overpass","source_snapshot":"2026-09-17T11:36:49Z"}},{"type":"Feature","id":"node/2264469828","geometry":{"type":"Point","coordinates":[37.559694,55.788943]},"properties":{"osm_id":"node/2264469828","station_name":"Динамо","access_kind":"entrance","station_osm_id":"node/266835848","entrance_ref":"2","network":"Московский метрополитен","match_rule":"stop_area_station","source":"OpenStreetMap/Overpass","source_snapshot":"2026-09-17T11:36:49Z"}},{"type":"Feature","id":"node/2264470091","geometry":{"type":"Point","coordinates":[37.556409,55.790501]},"properties":{"osm_id":"node/2264470091","station_name":"Динамо","access_kind":"entrance","station_osm_id":"node/266835848","entrance_ref":"1","network":"Московский метрополитен","match_rule":"stop_area_station","source":"OpenStreetMap/Overpass","source_snapshot":"2026-09-17T11:36:49Z"}},{"type":"Feature","id":"node/2264470093","geometry":{"type":"Point","coordinates":[37.556708,55.790534]},"properties":{"osm_id":"node/2264470093","station_name":"Динамо","access_kind":"entrance","station_osm_id":"node/266835848","entrance_ref":"1","network":"Московский метрополитен","match_rule":"stop_area_station","source":"OpenStreetMap/Overpass","source_snapshot":"2026-09-17T11:36:49Z"}},{"type":"Feature","id":"node/2264470103","geometry":{"type":"Point","coordinates":[37.556459,55.790537]},"properties":{"osm_id":"node/2264470103","station_name":"Динамо","access_kind":"entrance","station_osm_id":"node/266835848","entrance_ref":"1","network":"Московский метрополитен","match_rule":"stop_area_station","source":"OpenStreetMap/Overpass","source_snapshot":"2026-09-17T11:36:49Z"}},{"type":"Feature","id":"node/2264470105","geometry":{"type":"Point","coordinates":[37.556625,55.790571]},"properties":{"osm_id":"node/2264470105","station_name":"Динамо","access_kind":"entrance","station_osm_id":"node/266835848","entrance_ref":"1","network":"Московский метрополитен","match_rule":"stop_area_station","source":"OpenStreetMap/Overpass","source_snapshot":"2026-09-17T11:36:49Z"}},{"type":"Feature","id":"node/2321282232","geometry":{"type":"Point","coordinates":[37.56554,55.724014]},"properties":{"osm_id":"node/2321282232","station_name":"Спортивная","access_kind":"entrance","station_osm_id":"node/278693055","entrance_ref":"2","network":"Московский метрополитен","match_rule":"stop_area_station","source":"OpenStreetMap/Overpass","source_snapshot":"2026-09-17T11:36:49Z"}},{"type":"Feature","id":"node/2351216903","geometry":{"type":"Point","coordinates":[37.521723,55.777645]},"properties":{"osm_id":"node/2351216903","station_name":"Полежаевская","access_kind":"entrance","station_osm_id":"node/296959507","entrance_ref":"7","network":"Московский метрополитен","match_rule":"stop_area_station","source":"OpenStreetMap/Overpass","source_snapshot":"2026-09-17T11:36:49Z"}},{"type":"Feature","id":"node/238151947","geometry":{"type":"Point","coordinates":[37.583796,55.747923]},"properties":{"osm_id":"node/238151947","station_name":"Смоленская","access_kind":"entrance","station_osm_id":"node/252828224","entrance_ref":"1","network":"Московский метрополитен","match_rule":"stop_area_station","source":"OpenStreetMap/Overpass","source_snapshot":"2026-09-17T11:36:49Z"}},{"type":"Feature","id":"node/238154965","geometry":{"type":"Point","coordinates":[37.582169,55.748935]},"properties":{"osm_id":"node/238154965","station_name":"Смоленская","access_kind":"entrance","station_osm_id":"node/291687197","entrance_ref":"1","network":"Московский метрополитен","match_rule":"stop_area_station","source":"OpenStreetMap/Overpass","source_snapshot":"2026-09-17T11:36:49Z"}},{"type":"Feature","id":"node/241160116","geometry":{"type":"Point","coordinates":[37.482926,55.739406]},"properties":{"osm_id":"node/241160116","station_name":"Филёвский парк","access_kind":"entrance","station_osm_id":"node/241158259","entrance_ref":"1","network":"Московский метрополитен","match_rule":"stop_area_station","source":"OpenStreetMap/Overpass","source_snapshot":"2026-09-17T11:36:49Z"}},{"type":"Feature","id":"node/241863845","geometry":{"type":"Point","coordinates":[37.619555,55.756703]},"properties":{"osm_id":"node/241863845","station_name":"Театральная","access_kind":"entrance","station_osm_id":"node/292143794","entrance_ref":"10","network":"Московский метрополитен","match_rule":"stop_area_station","source":"OpenStreetMap/Overpass","source_snapshot":"2026-09-17T11:36:49Z"}},{"type":"Feature","id":"node/2424370015","geometry":{"type":"Point","coordinates":[37.718503,55.61006]},"properties":{"osm_id":"node/2424370015","station_name":"Домодедовская","access_kind":"entrance","station_osm_id":"node/305486163","entrance_ref":"14","network":"Московский метрополитен","match_rule":"stop_area_station","source":"OpenStreetMap/Overpass","source_snapshot":"2026-09-17T11:36:49Z"}},{"type":"Feature","id":"node/2432471161","geometry":{"type":"Point","coordinates":[37.634066,55.792093]},"properties":{"osm_id":"node/2432471161","station_name":"Рижская","access_kind":"entrance","station_osm_id":"node/10702624108","entrance_ref":"2A","network":"Московский метрополитен","match_rule":"stop_area_station","source":"OpenStreetMap/Overpass","source_snapshot":"2026-09-17T11:36:49Z"}},{"type":"Feature","id":"node/2438964479","geometry":{"type":"Point","coordinates":[37.782324,55.718574]},"properties":{"osm_id":"node/2438964479","station_name":"Окская","access_kind":"entrance","station_osm_id":"node/7335380503","entrance_ref":"4","network":"Московский метрополитен","match_rule":"stop_area_station","source":"OpenStreetMap/Overpass","source_snapshot":"2026-09-17T11:36:49Z"}},{"type":"Feature","id":"node/244020751","geometry":{"type":"Point","coordinates":[37.617644,55.756094]},"properties":{"osm_id":"node/244020751","station_name":"Охотный ряд","access_kind":"entrance","station_osm_id":"node/267335315","entrance_ref":"7","network":"Московский метрополитен","match_rule":"stop_area_station","source":"OpenStreetMap/Overpass","source_snapshot":"2026-09-17T11:36:49Z"}},{"type":"Feature","id":"node/244027283","geometry":{"type":"Point","coordinates":[37.417957,55.740222]},"properties":{"osm_id":"node/244027283","station_name":"Молодёжная","access_kind":"entrance","station_osm_id":"node/244036228","entrance_ref":"2","network":"Московский метрополитен","match_rule":"stop_area_station","source":"OpenStreetMap/Overpass","source_snapshot":"2026-09-17T11:36:49Z"}},{"type":"Feature","id":"node/244038961","geometry":{"type":"Point","coordinates":[37.446472,55.730801]},"properties":{"osm_id":"node/244038961","station_name":"Кунцевская","access_kind":"entrance","station_osm_id":"node/10852613371","entrance_ref":"1","network":"Московский метрополитен","match_rule":"stop_area_station","source":"OpenStreetMap/Overpass","source_snapshot":"2026-09-17T11:36:49Z"}},{"type":"Feature","id":"node/244041846","geometry":{"type":"Point","coordinates":[37.589828,55.794076]},"properties":{"osm_id":"node/244041846","station_name":"Савёловская","access_kind":"entrance","station_osm_id":"node/296956169","entrance_ref":"3","network":"Московский метрополитен","match_rule":"stop_area_station","source":"OpenStreetMap/Overpass","source_snapshot":"2026-09-17T11:36:49Z"}},{"type":"Feature","id":"node/244118400","geometry":{"type":"Point","coordinates":[37.499009,55.818434]},"properties":{"osm_id":"node/244118400","station_name":"Войковская","access_kind":"entrance","station_osm_id":"node/266835845","entrance_ref":"6","network":"Московский метрополитен","match_rule":"stop_area_station","source":"OpenStreetMap/Overpass","source_snapshot":"2026-09-17T11:36:49Z"}},{"type":"Feature","id":"node/244118412","geometry":{"type":"Point","coordinates":[37.499549,55.817769]},"properties":{"osm_id":"node/244118412","station_name":"Войковская","access_kind":"entrance","station_osm_id":"node/266835845","entrance_ref":"7","network":"Московский метрополитен","match_rule":"stop_area_station","source":"OpenStreetMap/Overpass","source_snapshot":"2026-09-17T11:36:49Z"}},{"type":"Feature","id":"node/244118414","geometry":{"type":"Point","coordinates":[37.497999,55.818134]},"properties":{"osm_id":"node/244118414","station_name":"Войковская","access_kind":"entrance","station_osm_id":"node/266835845","entrance_ref":"5","network":"Московский метрополитен","match_rule":"stop_area_station","source":"OpenStreetMap/Overpass","source_snapshot":"2026-09-17T11:36:49Z"}},{"type":"Feature","id":"node/244118429","geometry":{"type":"Point","coordinates":[37.496615,55.819875]},"properties":{"osm_id":"node/244118429","station_name":"Войковская","access_kind":"entrance","station_osm_id":"node/266835845","entrance_ref":"3","network":"Московский метрополитен","match_rule":"stop_area_station","source":"OpenStreetMap/Overpass","source_snapshot":"2026-09-17T11:36:49Z"}},{"type":"Feature","id":"node/2462526834","geometry":{"type":"Point","coordinates":[37.636225,55.731299]},"properties":{"osm_id":"node/2462526834","station_name":"Павелецкая","access_kind":"entrance","station_osm_id":"node/292019726","entrance_ref":"2","network":"Московский метрополитен","match_rule":"stop_area_station","source":"OpenStreetMap/Overpass","source_snapshot":"2026-09-17T11:36:49Z"}},{"type":"Feature","id":"node/2462526838","geometry":{"type":"Point","coordinates":[37.636636,55.731373]},"properties":{"osm_id":"node/2462526838","station_name":"Павелецкая","access_kind":"entrance","station_osm_id":"node/292019726","entrance_ref":"2","network":"Московский метрополитен","match_rule":"stop_area_station","source":"OpenStreetMap/Overpass","source_snapshot":"2026-09-17T11:36:49Z"}},{"type":"Feature","id":"node/2462526842","geometry":{"type":"Point","coordinates":[37.636007,55.731498]},"properties":{"osm_id":"node/2462526842","station_name":"Павелецкая","access_kind":"entrance","station_osm_id":"node/292019996","entrance_ref":"1","network":"Московский метрополитен","match_rule":"stop_area_station","source":"OpenStreetMap/Overpass","source_snapshot":"2026-09-17T11:36:49Z"}},{"type":"Feature","id":"node/2462531954","geometry":{"type":"Point","coordinates":[37.604318,55.765991]},"properties":{"osm_id":"node/2462531954","station_name":"Тверская","access_kind":"entrance","station_osm_id":"node/292144111","entrance_ref":"1","network":"Московский метрополитен","match_rule":"stop_area_station","source":"OpenStreetMap/Overpass","source_snapshot":"2026-09-17T11:36:49Z"}},{"type":"Feature","id":"node/2462531995","geometry":{"type":"Point","coordinates":[37.608537,55.765793]},"properties":{"osm_id":"node/2462531995","station_name":"Пушкинская","access_kind":"entrance","station_osm_id":"node/362156015","entrance_ref":"11","network":"Московский метрополитен","match_rule":"stop_area_station","source":"OpenStreetMap/Overpass","source_snapshot":"2026-09-17T11:36:49Z"}},{"type":"Feature","id":"node/2471897230","geometry":{"type":"Point","coordinates":[37.748042,55.770294]},"properties":{"osm_id":"node/2471897230","station_name":"Соколиная Гора","access_kind":"entrance","station_osm_id":"relation/6604090","entrance_ref":"5","network":"МЦК","match_rule":"stop_area_relation","source":"OpenStreetMap/Overpass","source_snapshot":"2026-09-17T11:36:49Z"}},{"type":"Feature","id":"node/247691213","geometry":{"type":"Point","coordinates":[37.612335,55.751917]},"properties":{"osm_id":"node/247691213","station_name":"Библиотека имени Ленина","access_kind":"entrance","station_osm_id":"node/278692958","entrance_ref":"5","network":"Московский метрополитен","match_rule":"stop_area_station","source":"OpenStreetMap/Overpass","source_snapshot":"2026-09-17T11:36:49Z"}},{"type":"Feature","id":"node/247942548","geometry":{"type":"Point","coordinates":[37.743878,55.650928]},"properties":{"osm_id":"node/247942548","station_name":"Марьино","access_kind":"entrance","station_osm_id":"node/296949290","entrance_ref":"8","network":"Московский метрополитен","match_rule":"stop_area_station","source":"OpenStreetMap/Overpass","source_snapshot":"2026-09-17T11:36:49Z"}},{"type":"Feature","id":"node/247942556","geometry":{"type":"Point","coordinates":[37.743226,55.650833]},"properties":{"osm_id":"node/247942556","station_name":"Марьино","access_kind":"entrance","station_osm_id":"node/296949290","entrance_ref":"6","network":"Московский метрополитен","match_rule":"stop_area_station","source":"OpenStreetMap/Overpass","source_snapshot":"2026-09-17T11:36:49Z"}},{"type":"Feature","id":"node/249330568","geometry":{"type":"Point","coordinates":[37.743731,55.651289]},"properties":{"osm_id":"node/249330568","station_name":"Марьино","access_kind":"entrance","station_osm_id":"node/296949290","entrance_ref":"7","network":"Московский метрополитен","match_rule":"stop_area_station","source":"OpenStreetMap/Overpass","source_snapshot":"2026-09-17T11:36:49Z"}},{"type":"Feature","id":"node/249331000","geometry":{"type":"Point","coordinates":[37.743071,55.651226]},"properties":{"osm_id":"node/249331000","station_name":"Марьино","access_kind":"entrance","station_osm_id":"node/296949290","entrance_ref":"5","network":"Московский метрополитен","match_rule":"stop_area_station","source":"OpenStreetMap/Overpass","source_snapshot":"2026-09-17T11:36:49Z"}},{"type":"Feature","id":"node/249331088","geometry":{"type":"Point","coordinates":[37.744664,55.648909]},"properties":{"osm_id":"node/249331088","station_name":"Марьино","access_kind":"entrance","station_osm_id":"node/296949290","entrance_ref":"4","network":"Московский метрополитен","match_rule":"stop_area_station","source":"OpenStreetMap/Overpass","source_snapshot":"2026-09-17T11:36:49Z"}},{"type":"Feature","id":"node/249331159","geometry":{"type":"Point","coordinates":[37.744526,55.649261]},"properties":{"osm_id":"node/249331159","station_name":"Марьино","access_kind":"entrance","station_osm_id":"node/296949290","entrance_ref":"3","network":"Московский метрополитен","match_rule":"stop_area_station","source":"OpenStreetMap/Overpass","source_snapshot":"2026-09-17T11:36:49Z"}},{"type":"Feature","id":"node/249331166","geometry":{"type":"Point","coordinates":[37.744021,55.648809]},"properties":{"osm_id":"node/249331166","station_name":"Марьино","access_kind":"entrance","station_osm_id":"node/296949290","entrance_ref":"2","network":"Московский метрополитен","match_rule":"stop_area_station","source":"OpenStreetMap/Overpass","source_snapshot":"2026-09-17T11:36:49Z"}},{"type":"Feature","id":"node/249331181","geometry":{"type":"Point","coordinates":[37.743867,55.649177]},"properties":{"osm_id":"node/249331181","station_name":"Марьино","access_kind":"entrance","station_osm_id":"node/296949290","entrance_ref":"1","network":"Московский метрополитен","match_rule":"stop_area_station","source":"OpenStreetMap/Overpass","source_snapshot":"2026-09-17T11:36:49Z"}},{"type":"Feature","id":"node/249734288","geometry":{"type":"Point","coordinates":[37.483178,55.664521]},"properties":{"osm_id":"node/249734288","station_name":"Юго-Западная","access_kind":"entrance","station_osm_id":"node/309752486","entrance_ref":"5","network":"Московский метрополитен","match_rule":"stop_area_station","source":"OpenStreetMap/Overpass","source_snapshot":"2026-09-17T11:36:49Z"}},{"type":"Feature","id":"node/249734294","geometry":{"type":"Point","coordinates":[37.484383,55.664567]},"properties":{"osm_id":"node/249734294","station_name":"Юго-Западная","access_kind":"entrance","station_osm_id":"node/309752486","entrance_ref":"7","network":"Московский метрополитен","match_rule":"stop_area_station","source":"OpenStreetMap/Overpass","source_snapshot":"2026-09-17T11:36:49Z"}},{"type":"Feature","id":"node/249734295","geometry":{"type":"Point","coordinates":[37.484218,55.664293]},"properties":{"osm_id":"node/249734295","station_name":"Юго-Западная","access_kind":"entrance","station_osm_id":"node/309752486","entrance_ref":"8","network":"Московский метрополитен","match_rule":"stop_area_station","source":"OpenStreetMap/Overpass","source_snapshot":"2026-09-17T11:36:49Z"}},{"type":"Feature","id":"node/249734342","geometry":{"type":"Point","coordinates":[37.482217,55.662966]},"properties":{"osm_id":"node/249734342","station_name":"Юго-Западная","access_kind":"entrance","station_osm_id":"node/309752486","entrance_ref":"4","network":"Московский метрополитен","match_rule":"stop_area_station","source":"OpenStreetMap/Overpass","source_snapshot":"2026-09-17T11:36:49Z"}},{"type":"Feature","id":"node/249734343","geometry":{"type":"Point","coordinates":[37.483291,55.662811]},"properties":{"osm_id":"node/249734343","station_name":"Юго-Западная","access_kind":"entrance","station_osm_id":"node/309752486","entrance_ref":"1","network":"Московский метрополитен","match_rule":"stop_area_station","source":"OpenStreetMap/Overpass","source_snapshot":"2026-09-17T11:36:49Z"}},{"type":"Feature","id":"node/249734344","geometry":{"type":"Point","coordinates":[37.483148,55.662539]},"properties":{"osm_id":"node/249734344","station_name":"Юго-Западная","access_kind":"entrance","station_osm_id":"node/309752486","entrance_ref":"2","network":"Московский метрополитен","match_rule":"stop_area_station","source":"OpenStreetMap/Overpass","source_snapshot":"2026-09-17T11:36:49Z"}},{"type":"Feature","id":"node/249734374","geometry":{"type":"Point","coordinates":[37.482123,55.662738]},"properties":{"osm_id":"node/249734374","station_name":"Юго-Западная","access_kind":"entrance","station_osm_id":"node/309752486","entrance_ref":"3","network":"Московский метрополитен","match_rule":"stop_area_station","source":"OpenStreetMap/Overpass","source_snapshot":"2026-09-17T11:36:49Z"}},{"type":"Feature","id":"node/251475241","geometry":{"type":"Point","coordinates":[37.465444,55.807722]},"properties":{"osm_id":"node/251475241","station_name":"Щукинская","access_kind":"entrance","station_osm_id":"node/296959505","entrance_ref":"4","network":"Московский метрополитен","match_rule":"stop_area_station","source":"OpenStreetMap/Overpass","source_snapshot":"2026-09-17T11:36:49Z"}},{"type":"Feature","id":"node/251475278","geometry":{"type":"Point","coordinates":[37.463322,55.809435]},"properties":{"osm_id":"node/251475278","station_name":"Щукинская","access_kind":"entrance","station_osm_id":"node/296959505","entrance_ref":"2","network":"Московский метрополитен","match_rule":"stop_area_station","source":"OpenStreetMap/Overpass","source_snapshot":"2026-09-17T11:36:49Z"}},{"type":"Feature","id":"node/2515984263","geometry":{"type":"Point","coordinates":[37.853079,55.699785]},"properties":{"osm_id":"node/2515984263","station_name":"Лермонтовский проспект","access_kind":"entrance","station_osm_id":"node/2525101863","entrance_ref":"3","network":"Московский метрополитен","match_rule":"stop_area_station","source":"OpenStreetMap/Overpass","source_snapshot":"2026-09-17T11:36:49Z"}},{"type":"Feature","id":"node/2515984271","geometry":{"type":"Point","coordinates":[37.852496,55.700603]},"properties":{"osm_id":"node/2515984271","station_name":"Лермонтовский проспект","access_kind":"entrance","station_osm_id":"node/2525101863","entrance_ref":"2","network":"Московский метрополитен","match_rule":"stop_area_station","source":"OpenStreetMap/Overpass","source_snapshot":"2026-09-17T11:36:49Z"}},{"type":"Feature","id":"node/2515984273","geometry":{"type":"Point","coordinates":[37.853989,55.70072]},"properties":{"osm_id":"node/2515984273","station_name":"Лермонтовский проспект","access_kind":"entrance","station_osm_id":"node/2525101863","entrance_ref":"1","network":"Московский метрополитен","match_rule":"stop_area_station","source":"OpenStreetMap/Overpass","source_snapshot":"2026-09-17T11:36:49Z"}},{"type":"Feature","id":"node/2515984287","geometry":{"type":"Point","coordinates":[37.85055,55.701751]},"properties":{"osm_id":"node/2515984287","station_name":"Лермонтовский проспект","access_kind":"entrance","station_osm_id":"node/2525101863","entrance_ref":"5","network":"Московский метрополитен","match_rule":"stop_area_station","source":"OpenStreetMap/Overpass","source_snapshot":"2026-09-17T11:36:49Z"}},{"type":"Feature","id":"node/2515984298","geometry":{"type":"Point","coordinates":[37.849832,55.702132]},"properties":{"osm_id":"node/2515984298","station_name":"Лермонтовский проспект","access_kind":"entrance","station_osm_id":"node/2525101863","entrance_ref":"6","network":"Московский метрополитен","match_rule":"stop_area_station","source":"OpenStreetMap/Overpass","source_snapshot":"2026-09-17T11:36:49Z"}},{"type":"Feature","id":"node/2516024423","geometry":{"type":"Point","coordinates":[37.855481,55.684153]},"properties":{"osm_id":"node/2516024423","station_name":"Жулебино","access_kind":"entrance","station_osm_id":"node/2525101862","entrance_ref":"2","network":"Московский метрополитен","match_rule":"stop_area_station","source":"OpenStreetMap/Overpass","source_snapshot":"2026-09-17T11:36:49Z"}},{"type":"Feature","id":"node/2516024427","geometry":{"type":"Point","coordinates":[37.854178,55.684172]},"properties":{"osm_id":"node/2516024427","station_name":"Жулебино","access_kind":"entrance","station_osm_id":"node/2525101862","entrance_ref":"4","network":"Московский метрополитен","match_rule":"stop_area_station","source":"OpenStreetMap/Overpass","source_snapshot":"2026-09-17T11:36:49Z"}},{"type":"Feature","id":"node/2516024428","geometry":{"type":"Point","coordinates":[37.855778,55.684403]},"properties":{"osm_id":"node/2516024428","station_name":"Жулебино","access_kind":"entrance","station_osm_id":"node/2525101862","entrance_ref":"1","network":"Московский метрополитен","match_rule":"stop_area_station","source":"OpenStreetMap/Overpass","source_snapshot":"2026-09-17T11:36:49Z"}},{"type":"Feature","id":"node/2516024431","geometry":{"type":"Point","coordinates":[37.854067,55.684683]},"properties":{"osm_id":"node/2516024431","station_name":"Жулебино","access_kind":"entrance","station_osm_id":"node/2525101862","entrance_ref":"5","network":"Московский метрополитен","match_rule":"stop_area_station","source":"OpenStreetMap/Overpass","source_snapshot":"2026-09-17T11:36:49Z"}},{"type":"Feature","id":"node/2516024437","geometry":{"type":"Point","coordinates":[37.855,55.684829]},"properties":{"osm_id":"node/2516024437","station_name":"Жулебино","access_kind":"entrance","station_osm_id":"node/2525101862","entrance_ref":"7","network":"Московский метрополитен","match_rule":"stop_area_station","source":"OpenStreetMap/Overpass","source_snapshot":"2026-09-17T11:36:49Z"}},{"type":"Feature","id":"node/2516024439","geometry":{"type":"Point","coordinates":[37.854392,55.684848]},"properties":{"osm_id":"node/2516024439","station_name":"Жулебино","access_kind":"entrance","station_osm_id":"node/2525101862","entrance_ref":"6","network":"Московский метрополитен","match_rule":"stop_area_station","source":"OpenStreetMap/Overpass","source_snapshot":"2026-09-17T11:36:49Z"}},{"type":"Feature","id":"node/2516024443","geometry":{"type":"Point","coordinates":[37.857251,55.68577]},"properties":{"osm_id":"node/2516024443","station_name":"Жулебино","access_kind":"entrance","station_osm_id":"node/2525101862","entrance_ref":"11","network":"Московский метрополитен","match_rule":"stop_area_station","source":"OpenStreetMap/Overpass","source_snapshot":"2026-09-17T11:36:49Z"}},{"type":"Feature","id":"node/2516024451","geometry":{"type":"Point","coordinates":[37.857726,55.68622]},"properties":{"osm_id":"node/2516024451","station_name":"Жулебино","access_kind":"entrance","station_osm_id":"node/2525101862","entrance_ref":"10","network":"Московский метрополитен","match_rule":"stop_area_station","source":"OpenStreetMap/Overpass","source_snapshot":"2026-09-17T11:36:49Z"}},{"type":"Feature","id":"node/2516024453","geometry":{"type":"Point","coordinates":[37.856474,55.686086]},"properties":{"osm_id":"node/2516024453","station_name":"Жулебино","access_kind":"entrance","station_osm_id":"node/2525101862","entrance_ref":"8","network":"Московский метрополитен","match_rule":"stop_area_station","source":"OpenStreetMap/Overpass","source_snapshot":"2026-09-17T11:36:49Z"}},{"type":"Feature","id":"node/2516024455","geometry":{"type":"Point","coordinates":[37.85692,55.686511]},"properties":{"osm_id":"node/2516024455","station_name":"Жулебино","access_kind":"entrance","station_osm_id":"node/2525101862","entrance_ref":"9","network":"Московский метрополитен","match_rule":"stop_area_station","source":"OpenStreetMap/Overpass","source_snapshot":"2026-09-17T11:36:49Z"}},{"type":"Feature","id":"node/251645002","geometry":{"type":"Point","coordinates":[37.400511,55.803922]},"properties":{"osm_id":"node/251645002","station_name":"Строгино","access_kind":"entrance","station_osm_id":"node/5202107564","entrance_ref":"2","network":"Московский метрополитен","match_rule":"stop_area_station","source":"OpenStreetMap/Overpass","source_snapshot":"2026-09-17T11:36:49Z"}},{"type":"Feature","id":"node/251648798","geometry":{"type":"Point","coordinates":[37.462767,55.809102]},"properties":{"osm_id":"node/251648798","station_name":"Щукинская","access_kind":"entrance","station_osm_id":"node/296959505","entrance_ref":"1","network":"Московский метрополитен","match_rule":"stop_area_station","source":"OpenStreetMap/Overpass","source_snapshot":"2026-09-17T11:36:49Z"}},{"type":"Feature","id":"node/2520153481","geometry":{"type":"Point","coordinates":[37.854746,55.68361]},"properties":{"osm_id":"node/2520153481","station_name":"Жулебино","access_kind":"entrance","station_osm_id":"node/2525101862","entrance_ref":"3","network":"Московский метрополитен","match_rule":"stop_area_station","source":"OpenStreetMap/Overpass","source_snapshot":"2026-09-17T11:36:49Z"}},{"type":"Feature","id":"node/252325617","geometry":{"type":"Point","coordinates":[37.609241,55.750533]},"properties":{"osm_id":"node/252325617","station_name":"Боровицкая","access_kind":"entrance","station_osm_id":"node/296953128","entrance_ref":"7","network":"Московский метрополитен","match_rule":"stop_area_station","source":"OpenStreetMap/Overpass","source_snapshot":"2026-09-17T11:36:49Z"}},{"type":"Feature","id":"node/252850834","geometry":{"type":"Point","coordinates":[37.66544,55.732356]},"properties":{"osm_id":"node/252850834","station_name":"Пролетарская","access_kind":"entrance","station_osm_id":"node/253016891","entrance_ref":"10","network":"Московский метрополитен","match_rule":"stop_area_station","source":"OpenStreetMap/Overpass","source_snapshot":"2026-09-17T11:36:49Z"}},{"type":"Feature","id":"node/252851010","geometry":{"type":"Point","coordinates":[37.664176,55.731506]},"properties":{"osm_id":"node/252851010","station_name":"Пролетарская","access_kind":"entrance","station_osm_id":"node/253016891","entrance_ref":"6","network":"Московский метрополитен","match_rule":"stop_area_station","source":"OpenStreetMap/Overpass","source_snapshot":"2026-09-17T11:36:49Z"}},{"type":"Feature","id":"node/252856344","geometry":{"type":"Point","coordinates":[37.534408,55.800041]},"properties":{"osm_id":"node/252856344","station_name":"Аэропорт","access_kind":"entrance","station_osm_id":"node/266835847","entrance_ref":"4","network":"Московский метрополитен","match_rule":"stop_area_station","source":"OpenStreetMap/Overpass","source_snapshot":"2026-09-17T11:36:49Z"}},{"type":"Feature","id":"node/252856369","geometry":{"type":"Point","coordinates":[37.530513,55.800457]},"properties":{"osm_id":"node/252856369","station_name":"Аэропорт","access_kind":"entrance","station_osm_id":"node/266835847","entrance_ref":"2","network":"Московский метрополитен","match_rule":"stop_area_station","source":"OpenStreetMap/Overpass","source_snapshot":"2026-09-17T11:36:49Z"}},{"type":"Feature","id":"node/252856429","geometry":{"type":"Point","coordinates":[37.515054,55.805555]},"properties":{"osm_id":"node/252856429","station_name":"Сокол","access_kind":"entrance","station_osm_id":"node/5202107576","entrance_ref":"2","network":"Московский метрополитен","match_rule":"stop_area_station","source":"OpenStreetMap/Overpass","source_snapshot":"2026-09-17T11:36:49Z"}},{"type":"Feature","id":"node/252856435","geometry":{"type":"Point","coordinates":[37.514537,55.80446]},"properties":{"osm_id":"node/252856435","station_name":"Сокол","access_kind":"entrance","station_osm_id":"node/5202107576","entrance_ref":"1","network":"Московский метрополитен","match_rule":"stop_area_station","source":"OpenStreetMap/Overpass","source_snapshot":"2026-09-17T11:36:49Z"}},{"type":"Feature","id":"node/252934241","geometry":{"type":"Point","coordinates":[37.624266,55.761623]},"properties":{"osm_id":"node/252934241","station_name":"Кузнецкий Мост","access_kind":"entrance","station_osm_id":"node/252934400","entrance_ref":"1","network":"Московский метрополитен","match_rule":"stop_area_station","source":"OpenStreetMap/Overpass","source_snapshot":"2026-09-17T11:36:49Z"}},{"type":"Feature","id":"node/252934538","geometry":{"type":"Point","coordinates":[37.633181,55.752959]},"properties":{"osm_id":"node/252934538","station_name":"Китай-город","access_kind":"entrance","station_osm_id":"node/5176322726","entrance_ref":"13","network":"Московский метрополитен","match_rule":"stop_area_station","source":"OpenStreetMap/Overpass","source_snapshot":"2026-09-17T11:36:49Z"}},{"type":"Feature","id":"node/252999699","geometry":{"type":"Point","coordinates":[37.814492,55.752256]},"properties":{"osm_id":"node/252999699","station_name":"Новогиреево","access_kind":"entrance","station_osm_id":"node/255744331","entrance_ref":"7","network":"Московский метрополитен","match_rule":"stop_area_station","source":"OpenStreetMap/Overpass","source_snapshot":"2026-09-17T11:36:49Z"}},{"type":"Feature","id":"node/253039428","geometry":{"type":"Point","coordinates":[37.601577,55.744954]},"properties":{"osm_id":"node/253039428","station_name":"Кропоткинская","access_kind":"entrance","station_osm_id":"node/278692957","entrance_ref":"1","network":"Московский метрополитен","match_rule":"stop_area_station","source":"OpenStreetMap/Overpass","source_snapshot":"2026-09-17T11:36:49Z"}},{"type":"Feature","id":"node/253039434","geometry":{"type":"Point","coordinates":[37.605206,55.745703]},"properties":{"osm_id":"node/253039434","station_name":"Кропоткинская","access_kind":"entrance","station_osm_id":"node/278692957","entrance_ref":"3","network":"Московский метрополитен","match_rule":"stop_area_station","source":"OpenStreetMap/Overpass","source_snapshot":"2026-09-17T11:36:49Z"}},{"type":"Feature","id":"node/253068408","geometry":{"type":"Point","coordinates":[37.662891,55.705402]},"properties":{"osm_id":"node/253068408","station_name":"Автозаводская","access_kind":"entrance","station_osm_id":"relation/6604095","entrance_ref":"1","network":"МЦК","match_rule":"stop_area_relation","source":"OpenStreetMap/Overpass","source_snapshot":"2026-09-17T11:36:49Z"}},{"type":"Feature","id":"node/253069079","geometry":{"type":"Point","coordinates":[37.685131,55.725678]},"properties":{"osm_id":"node/253069079","station_name":"Волгоградский проспект","access_kind":"entrance","station_osm_id":"node/253016892","entrance_ref":"4","network":"Московский метрополитен","match_rule":"stop_area_station","source":"OpenStreetMap/Overpass","source_snapshot":"2026-09-17T11:36:49Z"}},{"type":"Feature","id":"node/253124149","geometry":{"type":"Point","coordinates":[37.605757,55.764285]},"properties":{"osm_id":"node/253124149","station_name":"Тверская","access_kind":"entrance","station_osm_id":"node/292144111","entrance_ref":"9","network":"Московский метрополитен","match_rule":"stop_area_station","source":"OpenStreetMap/Overpass","source_snapshot":"2026-09-17T11:36:49Z"}},{"type":"Feature","id":"node/253211798","geometry":{"type":"Point","coordinates":[37.515801,55.745305]},"properties":{"osm_id":"node/253211798","station_name":"Фили","access_kind":"entrance","station_osm_id":"node/241158327","entrance_ref":"3","network":"Московский метрополитен","match_rule":"stop_area_station","source":"OpenStreetMap/Overpass","source_snapshot":"2026-09-17T11:36:49Z"}},{"type":"Feature","id":"node/253229328","geometry":{"type":"Point","coordinates":[37.517609,55.73632]},"properties":{"osm_id":"node/253229328","station_name":"Парк Победы","access_kind":"entrance","station_osm_id":"node/10852613370","entrance_ref":"3","network":"Московский метрополитен","match_rule":"stop_area_station","source":"OpenStreetMap/Overpass","source_snapshot":"2026-09-17T11:36:49Z"}},{"type":"Feature","id":"node/253229389","geometry":{"type":"Point","coordinates":[37.517391,55.736658]},"properties":{"osm_id":"node/253229389","station_name":"Парк Победы","access_kind":"entrance","station_osm_id":"node/2950850833","entrance_ref":"1","network":"Московский метрополитен","match_rule":"stop_area_station","source":"OpenStreetMap/Overpass","source_snapshot":"2026-09-17T11:36:49Z"}},{"type":"Feature","id":"node/2535241903","geometry":{"type":"Point","coordinates":[37.288442,55.605914]},"properties":{"osm_id":"node/2535241903","station_name":"Аэропорт Внуково","access_kind":"entrance","station_osm_id":"node/11171729958","entrance_ref":"2","network":"Московский метрополитен","match_rule":"stop_area_station","source":"OpenStreetMap/Overpass","source_snapshot":"2026-09-17T11:36:49Z"}},{"type":"Feature","id":"node/2535241912","geometry":{"type":"Point","coordinates":[37.290211,55.606798]},"properties":{"osm_id":"node/2535241912","station_name":"Аэропорт Внуково","access_kind":"entrance","station_osm_id":"node/11171729958","entrance_ref":"3","network":"Московский метрополитен","match_rule":"stop_area_station","source":"OpenStreetMap/Overpass","source_snapshot":"2026-09-17T11:36:49Z"}},{"type":"Feature","id":"node/253768351","geometry":{"type":"Point","coordinates":[37.718106,55.610306]},"properties":{"osm_id":"node/253768351","station_name":"Домодедовская","access_kind":"entrance","station_osm_id":"node/305486163","entrance_ref":"13","network":"Московский метрополитен","match_rule":"stop_area_station","source":"OpenStreetMap/Overpass","source_snapshot":"2026-09-17T11:36:49Z"}},{"type":"Feature","id":"node/253769295","geometry":{"type":"Point","coordinates":[37.407289,55.757917]},"properties":{"osm_id":"node/253769295","station_name":"Крылатское","access_kind":"entrance","station_osm_id":"node/6939665011","entrance_ref":"2","network":"Московский метрополитен","match_rule":"stop_area_station","source":"OpenStreetMap/Overpass","source_snapshot":"2026-09-17T11:36:49Z"}},{"type":"Feature","id":"node/253769351","geometry":{"type":"Point","coordinates":[37.40766,55.755619]},"properties":{"osm_id":"node/253769351","station_name":"Крылатское","access_kind":"entrance","station_osm_id":"node/6939665011","entrance_ref":"8","network":"Московский метрополитен","match_rule":"stop_area_station","source":"OpenStreetMap/Overpass","source_snapshot":"2026-09-17T11:36:49Z"}},{"type":"Feature","id":"node/2546176530","geometry":{"type":"Point","coordinates":[37.476811,55.854322]},"properties":{"osm_id":"node/2546176530","station_name":"Речной вокзал","access_kind":"entrance","station_osm_id":"node/266835841","entrance_ref":"2","network":"Московский метрополитен","match_rule":"stop_area_station","source":"OpenStreetMap/Overpass","source_snapshot":"2026-09-17T11:36:49Z"}},{"type":"Feature","id":"node/265975770","geometry":{"type":"Point","coordinates":[37.603391,55.752408]},"properties":{"osm_id":"node/265975770","station_name":"Арбатская","access_kind":"entrance","station_osm_id":"node/242546476","entrance_ref":"8","network":"Московский метрополитен","match_rule":"stop_area_station","source":"OpenStreetMap/Overpass","source_snapshot":"2026-09-17T11:36:49Z"}},{"type":"Feature","id":"node/265976907","geometry":{"type":"Point","coordinates":[37.608892,55.752297]},"properties":{"osm_id":"node/265976907","station_name":"Александровский сад","access_kind":"entrance","station_osm_id":"node/253228506","entrance_ref":"6","network":"Московский метрополитен","match_rule":"stop_area_station","source":"OpenStreetMap/Overpass","source_snapshot":"2026-09-17T11:36:49Z"}},{"type":"Feature","id":"node/265977319","geometry":{"type":"Point","coordinates":[37.60167,55.752144]},"properties":{"osm_id":"node/265977319","station_name":"Арбатская","access_kind":"entrance","station_osm_id":"node/253043175","entrance_ref":"1","network":"Московский метрополитен","match_rule":"stop_area_station","source":"OpenStreetMap/Overpass","source_snapshot":"2026-09-17T11:36:49Z"}},{"type":"Feature","id":"node/266835843","geometry":{"type":"Point","coordinates":[37.487322,55.839108]},"properties":{"osm_id":"node/266835843","station_name":"Водный стадион","access_kind":"entrance","station_osm_id":"node/266835844","entrance_ref":"2","network":"Московский метрополитен","match_rule":"stop_area_station","source":"OpenStreetMap/Overpass","source_snapshot":"2026-09-17T11:36:49Z"}},{"type":"Feature","id":"node/267336516","geometry":{"type":"Point","coordinates":[37.625693,55.759079]},"properties":{"osm_id":"node/267336516","station_name":"Лубянка","access_kind":"entrance","station_osm_id":"node/267335316","entrance_ref":"10","network":"Московский метрополитен","match_rule":"stop_area_station","source":"OpenStreetMap/Overpass","source_snapshot":"2026-09-17T11:36:49Z"}},{"type":"Feature","id":"node/267854101","geometry":{"type":"Point","coordinates":[37.534774,55.605517]},"properties":{"osm_id":"node/267854101","station_name":"Ясенево","access_kind":"entrance","station_osm_id":"node/264162888","entrance_ref":"3","network":"Московский метрополитен","match_rule":"stop_area_station","source":"OpenStreetMap/Overpass","source_snapshot":"2026-09-17T11:36:49Z"}},{"type":"Feature","id":"node/267854170","geometry":{"type":"Point","coordinates":[37.535105,55.606095]},"properties":{"osm_id":"node/267854170","station_name":"Ясенево","access_kind":"entrance","station_osm_id":"node/264162888","entrance_ref":"2","network":"Московский метрополитен","match_rule":"stop_area_station","source":"OpenStreetMap/Overpass","source_snapshot":"2026-09-17T11:36:49Z"}},{"type":"Feature","id":"node/267854225","geometry":{"type":"Point","coordinates":[37.531225,55.606577]},"properties":{"osm_id":"node/267854225","station_name":"Ясенево","access_kind":"entrance","station_osm_id":"node/264162888","entrance_ref":"6","network":"Московский метрополитен","match_rule":"stop_area_station","source":"OpenStreetMap/Overpass","source_snapshot":"2026-09-17T11:36:49Z"}},{"type":"Feature","id":"node/2685150774","geometry":{"type":"Point","coordinates":[37.577944,55.581622]},"properties":{"osm_id":"node/2685150774","station_name":"Лесопарковая","access_kind":"entrance","station_osm_id":"node/2591395115","entrance_ref":"1","network":"Московский метрополитен","match_rule":"stop_area_station","source":"OpenStreetMap/Overpass","source_snapshot":"2026-09-17T11:36:49Z"}},{"type":"Feature","id":"node/268521198","geometry":{"type":"Point","coordinates":[37.638417,55.845911]},"properties":{"osm_id":"node/268521198","station_name":"Ботанический сад","access_kind":"entrance","station_osm_id":"node/268521591","entrance_ref":"2","network":"Московский метрополитен","match_rule":"stop_area_station","source":"OpenStreetMap/Overpass","source_snapshot":"2026-09-17T11:36:49Z"}},{"type":"Feature","id":"node/268521514","geometry":{"type":"Point","coordinates":[37.65134,55.854354]},"properties":{"osm_id":"node/268521514","station_name":"Свиблово","access_kind":"entrance","station_osm_id":"node/268521588","entrance_ref":"3","network":"Московский метрополитен","match_rule":"stop_area_station","source":"OpenStreetMap/Overpass","source_snapshot":"2026-09-17T11:36:49Z"}},{"type":"Feature","id":"node/268521535","geometry":{"type":"Point","coordinates":[37.654525,55.855751]},"properties":{"osm_id":"node/268521535","station_name":"Свиблово","access_kind":"entrance","station_osm_id":"node/268521588","entrance_ref":"2","network":"Московский метрополитен","match_rule":"stop_area_station","source":"OpenStreetMap/Overpass","source_snapshot":"2026-09-17T11:36:49Z"}},{"type":"Feature","id":"node/272247981","geometry":{"type":"Point","coordinates":[37.624829,55.72688]},"properties":{"osm_id":"node/272247981","station_name":"Серпуховская","access_kind":"entrance","station_osm_id":"node/296953130","entrance_ref":"3","network":"Московский метрополитен","match_rule":"stop_area_station","source":"OpenStreetMap/Overpass","source_snapshot":"2026-09-17T11:36:49Z"}},{"type":"Feature","id":"node/272607107","geometry":{"type":"Point","coordinates":[37.622485,55.707875]},"properties":{"osm_id":"node/272607107","station_name":"Тульская","access_kind":"entrance","station_osm_id":"node/296953131","entrance_ref":"1","network":"Московский метрополитен","match_rule":"stop_area_station","source":"OpenStreetMap/Overpass","source_snapshot":"2026-09-17T11:36:49Z"}},{"type":"Feature","id":"node/272607111","geometry":{"type":"Point","coordinates":[37.622579,55.709546]},"properties":{"osm_id":"node/272607111","station_name":"Тульская","access_kind":"entrance","station_osm_id":"node/296953131","entrance_ref":"2","network":"Московский метрополитен","match_rule":"stop_area_station","source":"OpenStreetMap/Overpass","source_snapshot":"2026-09-17T11:36:49Z"}},{"type":"Feature","id":"node/272614855","geometry":{"type":"Point","coordinates":[37.618684,55.736836]},"properties":{"osm_id":"node/272614855","station_name":"Полянка","access_kind":"entrance","station_osm_id":"node/312816773","entrance_ref":"1","network":"Московский метрополитен","match_rule":"stop_area_station","source":"OpenStreetMap/Overpass","source_snapshot":"2026-09-17T11:36:49Z"}},{"type":"Feature","id":"node/272723896","geometry":{"type":"Point","coordinates":[37.639804,55.729603]},"properties":{"osm_id":"node/272723896","station_name":"Павелецкая","access_kind":"entrance","station_osm_id":"node/292019726","entrance_ref":"3.1","network":"Московский метрополитен","match_rule":"stop_area_station","source":"OpenStreetMap/Overpass","source_snapshot":"2026-09-17T11:36:49Z"}},{"type":"Feature","id":"node/277069601","geometry":{"type":"Point","coordinates":[37.604012,55.6616]},"properties":{"osm_id":"node/277069601","station_name":"Нахимовский проспект","access_kind":"entrance","station_osm_id":"node/296953134","entrance_ref":"2","network":"Московский метрополитен","match_rule":"stop_area_station","source":"OpenStreetMap/Overpass","source_snapshot":"2026-09-17T11:36:49Z"}},{"type":"Feature","id":"node/277070428","geometry":{"type":"Point","coordinates":[37.607029,55.663578]},"properties":{"osm_id":"node/277070428","station_name":"Нахимовский проспект","access_kind":"entrance","station_osm_id":"node/296953134","entrance_ref":"5","network":"Московский метрополитен","match_rule":"stop_area_station","source":"OpenStreetMap/Overpass","source_snapshot":"2026-09-17T11:36:49Z"}},{"type":"Feature","id":"node/277070520","geometry":{"type":"Point","coordinates":[37.606078,55.663455]},"properties":{"osm_id":"node/277070520","station_name":"Нахимовский проспект","access_kind":"entrance","station_osm_id":"node/296953134","entrance_ref":"3","network":"Московский метрополитен","match_rule":"stop_area_station","source":"OpenStreetMap/Overpass","source_snapshot":"2026-09-17T11:36:49Z"}},{"type":"Feature","id":"node/277070572","geometry":{"type":"Point","coordinates":[37.604867,55.661826]},"properties":{"osm_id":"node/277070572","station_name":"Нахимовский проспект","access_kind":"entrance","station_osm_id":"node/296953134","entrance_ref":"1","network":"Московский метрополитен","match_rule":"stop_area_station","source":"OpenStreetMap/Overpass","source_snapshot":"2026-09-17T11:36:49Z"}},{"type":"Feature","id":"node/282411729","geometry":{"type":"Point","coordinates":[37.563569,55.678927]},"properties":{"osm_id":"node/282411729","station_name":"Профсоюзная","access_kind":"entrance","station_osm_id":"node/282414382","entrance_ref":"6","network":"Московский метрополитен","match_rule":"stop_area_station","source":"OpenStreetMap/Overpass","source_snapshot":"2026-09-17T11:36:49Z"}},{"type":"Feature","id":"node/282411771","geometry":{"type":"Point","coordinates":[37.561649,55.677129]},"properties":{"osm_id":"node/282411771","station_name":"Профсоюзная","access_kind":"entrance","station_osm_id":"node/282414382","entrance_ref":"3","network":"Московский метрополитен","match_rule":"stop_area_station","source":"OpenStreetMap/Overpass","source_snapshot":"2026-09-17T11:36:49Z"}},{"type":"Feature","id":"node/282412697","geometry":{"type":"Point","coordinates":[37.562177,55.676927]},"properties":{"osm_id":"node/282412697","station_name":"Профсоюзная","access_kind":"entrance","station_osm_id":"node/282414382","entrance_ref":"2","network":"Московский метрополитен","match_rule":"stop_area_station","source":"OpenStreetMap/Overpass","source_snapshot":"2026-09-17T11:36:49Z"}},{"type":"Feature","id":"node/282412840","geometry":{"type":"Point","coordinates":[37.564139,55.678734]},"properties":{"osm_id":"node/282412840","station_name":"Профсоюзная","access_kind":"entrance","station_osm_id":"node/282414382","entrance_ref":"7","network":"Московский метрополитен","match_rule":"stop_area_station","source":"OpenStreetMap/Overpass","source_snapshot":"2026-09-17T11:36:49Z"}},{"type":"Feature","id":"node/282413368","geometry":{"type":"Point","coordinates":[37.573047,55.686978]},"properties":{"osm_id":"node/282413368","station_name":"Академическая","access_kind":"entrance","station_osm_id":"node/282413851","entrance_ref":"1","network":"Московский метрополитен","match_rule":"stop_area_station","source":"OpenStreetMap/Overpass","source_snapshot":"2026-09-17T11:36:49Z"}},{"type":"Feature","id":"node/282413444","geometry":{"type":"Point","coordinates":[37.574145,55.688826]},"properties":{"osm_id":"node/282413444","station_name":"Академическая","access_kind":"entrance","station_osm_id":"node/282413851","entrance_ref":"6","network":"Московский метрополитен","match_rule":"stop_area_station","source":"OpenStreetMap/Overpass","source_snapshot":"2026-09-17T11:36:49Z"}},{"type":"Feature","id":"node/282413446","geometry":{"type":"Point","coordinates":[37.57484,55.688645]},"properties":{"osm_id":"node/282413446","station_name":"Академическая","access_kind":"entrance","station_osm_id":"node/282413851","entrance_ref":"7","network":"Московский метрополитен","match_rule":"stop_area_station","source":"OpenStreetMap/Overpass","source_snapshot":"2026-09-17T11:36:49Z"}},{"type":"Feature","id":"node/282416522","geometry":{"type":"Point","coordinates":[37.539249,55.655304]},"properties":{"osm_id":"node/282416522","station_name":"Калужская","access_kind":"entrance","station_osm_id":"node/259786804","entrance_ref":"5","network":"Московский метрополитен","match_rule":"stop_area_station","source":"OpenStreetMap/Overpass","source_snapshot":"2026-09-17T11:36:49Z"}},{"type":"Feature","id":"node/282416526","geometry":{"type":"Point","coordinates":[37.538426,55.655585]},"properties":{"osm_id":"node/282416526","station_name":"Калужская","access_kind":"entrance","station_osm_id":"node/259786804","entrance_ref":"6","network":"Московский метрополитен","match_rule":"stop_area_station","source":"OpenStreetMap/Overpass","source_snapshot":"2026-09-17T11:36:49Z"}},{"type":"Feature","id":"node/282416689","geometry":{"type":"Point","coordinates":[37.5274,55.643702]},"properties":{"osm_id":"node/282416689","station_name":"Беляево","access_kind":"entrance","station_osm_id":"node/282416839","entrance_ref":"7","network":"Московский метрополитен","match_rule":"stop_area_station","source":"OpenStreetMap/Overpass","source_snapshot":"2026-09-17T11:36:49Z"}},{"type":"Feature","id":"node/282416696","geometry":{"type":"Point","coordinates":[37.526786,55.643882]},"properties":{"osm_id":"node/282416696","station_name":"Беляево","access_kind":"entrance","station_osm_id":"node/282416839","entrance_ref":"5","network":"Московский метрополитен","match_rule":"stop_area_station","source":"OpenStreetMap/Overpass","source_snapshot":"2026-09-17T11:36:49Z"}},{"type":"Feature","id":"node/283285553","geometry":{"type":"Point","coordinates":[37.798845,55.808383]},"properties":{"osm_id":"node/283285553","station_name":"Щёлковская","access_kind":"entrance","station_osm_id":"node/2692905506","entrance_ref":"5","network":"Московский метрополитен","match_rule":"stop_area_station","source":"OpenStreetMap/Overpass","source_snapshot":"2026-09-17T11:36:49Z"}},{"type":"Feature","id":"node/283285555","geometry":{"type":"Point","coordinates":[37.798422,55.80838]},"properties":{"osm_id":"node/283285555","station_name":"Щёлковская","access_kind":"entrance","station_osm_id":"node/2692905506","entrance_ref":"6","network":"Московский метрополитен","match_rule":"stop_area_station","source":"OpenStreetMap/Overpass","source_snapshot":"2026-09-17T11:36:49Z"}},{"type":"Feature","id":"node/2859859371","geometry":{"type":"Point","coordinates":[37.609686,55.622692]},"properties":{"osm_id":"node/2859859371","station_name":"Южная","access_kind":"entrance","station_osm_id":"node/296953137","entrance_ref":"8","network":"Московский метрополитен","match_rule":"stop_area_station","source":"OpenStreetMap/Overpass","source_snapshot":"2026-09-17T11:36:49Z"}},{"type":"Feature","id":"node/2885351975","geometry":{"type":"Point","coordinates":[37.793716,55.717683]},"properties":{"osm_id":"node/2885351975","station_name":"Рязанский проспект","access_kind":"entrance","station_osm_id":"node/253017004","entrance_ref":"1","network":"Московский метрополитен","match_rule":"stop_area_station","source":"OpenStreetMap/Overpass","source_snapshot":"2026-09-17T11:36:49Z"}},{"type":"Feature","id":"node/291712116","geometry":{"type":"Point","coordinates":[37.552978,55.601478]},"properties":{"osm_id":"node/291712116","station_name":"Новоясеневская","access_kind":"entrance","station_osm_id":"node/291712231","entrance_ref":"2","network":"Московский метрополитен","match_rule":"stop_area_station","source":"OpenStreetMap/Overpass","source_snapshot":"2026-09-17T11:36:49Z"}},{"type":"Feature","id":"node/292789413","geometry":{"type":"Point","coordinates":[37.62075,55.653191]},"properties":{"osm_id":"node/292789413","station_name":"Варшавская","access_kind":"entrance","station_osm_id":"node/10702113003","entrance_ref":"3","network":"Московский метрополитен","match_rule":"stop_area_station","source":"OpenStreetMap/Overpass","source_snapshot":"2026-09-17T11:36:49Z"}},{"type":"Feature","id":"node/292789457","geometry":{"type":"Point","coordinates":[37.622253,55.653729]},"properties":{"osm_id":"node/292789457","station_name":"Варшавская","access_kind":"entrance","station_osm_id":"node/10702113003","entrance_ref":null,"network":"Московский метрополитен","match_rule":"stop_area_station","source":"OpenStreetMap/Overpass","source_snapshot":"2026-09-17T11:36:49Z"}},{"type":"Feature","id":"node/294024249","geometry":{"type":"Point","coordinates":[37.622853,55.729064]},"properties":{"osm_id":"node/294024249","station_name":"Добрынинская","access_kind":"entrance","station_osm_id":"node/294024698","entrance_ref":"1","network":"Московский метрополитен","match_rule":"stop_area_station","source":"OpenStreetMap/Overpass","source_snapshot":"2026-09-17T11:36:49Z"}},{"type":"Feature","id":"node/2946368202","geometry":{"type":"Point","coordinates":[37.354088,55.85522]},"properties":{"osm_id":"node/2946368202","station_name":"Пятницкое шоссе","access_kind":"entrance","station_osm_id":"node/2101832212","entrance_ref":"2","network":"Московский метрополитен","match_rule":"stop_area_station","source":"OpenStreetMap/Overpass","source_snapshot":"2026-09-17T11:36:49Z"}},{"type":"Feature","id":"node/295552735","geometry":{"type":"Point","coordinates":[37.561931,55.722282]},"properties":{"osm_id":"node/295552735","station_name":"Спортивная","access_kind":"entrance","station_osm_id":"node/278693055","entrance_ref":"1","network":"Московский метрополитен","match_rule":"stop_area_station","source":"OpenStreetMap/Overpass","source_snapshot":"2026-09-17T11:36:49Z"}},{"type":"Feature","id":"node/295552834","geometry":{"type":"Point","coordinates":[37.565745,55.723846]},"properties":{"osm_id":"node/295552834","station_name":"Спортивная","access_kind":"entrance","station_osm_id":"node/278693055","entrance_ref":"2","network":"Московский метрополитен","match_rule":"stop_area_station","source":"OpenStreetMap/Overpass","source_snapshot":"2026-09-17T11:36:49Z"}},{"type":"Feature","id":"node/296901329","geometry":{"type":"Point","coordinates":[37.755324,55.690702]},"properties":{"osm_id":"node/296901329","station_name":"Волжская","access_kind":"entrance","station_osm_id":"node/296949283","entrance_ref":"1","network":"Московский метрополитен","match_rule":"stop_area_station","source":"OpenStreetMap/Overpass","source_snapshot":"2026-09-17T11:36:49Z"}},{"type":"Feature","id":"node/296924707","geometry":{"type":"Point","coordinates":[37.657154,55.634602]},"properties":{"osm_id":"node/296924707","station_name":"Кантемировская","access_kind":"entrance","station_osm_id":"node/308993566","entrance_ref":"3","network":"Московский метрополитен","match_rule":"stop_area_station","source":"OpenStreetMap/Overpass","source_snapshot":"2026-09-17T11:36:49Z"}},{"type":"Feature","id":"node/296927836","geometry":{"type":"Point","coordinates":[37.608033,55.639935]},"properties":{"osm_id":"node/296927836","station_name":"Чертановская","access_kind":"entrance","station_osm_id":"node/296953136","entrance_ref":"1","network":"Московский метрополитен","match_rule":"stop_area_station","source":"OpenStreetMap/Overpass","source_snapshot":"2026-09-17T11:36:49Z"}},{"type":"Feature","id":"node/296928492","geometry":{"type":"Point","coordinates":[37.607626,55.621451]},"properties":{"osm_id":"node/296928492","station_name":"Южная","access_kind":"entrance","station_osm_id":"node/296953137","entrance_ref":"4","network":"Московский метрополитен","match_rule":"stop_area_station","source":"OpenStreetMap/Overpass","source_snapshot":"2026-09-17T11:36:49Z"}},{"type":"Feature","id":"node/296928539","geometry":{"type":"Point","coordinates":[37.608956,55.620923]},"properties":{"osm_id":"node/296928539","station_name":"Южная","access_kind":"entrance","station_osm_id":"node/296953137","entrance_ref":"2","network":"Московский метрополитен","match_rule":"stop_area_station","source":"OpenStreetMap/Overpass","source_snapshot":"2026-09-17T11:36:49Z"}},{"type":"Feature","id":"node/296929693","geometry":{"type":"Point","coordinates":[37.602493,55.611444]},"properties":{"osm_id":"node/296929693","station_name":"Пражская","access_kind":"entrance","station_osm_id":"node/296953138","entrance_ref":"5","network":"Московский метрополитен","match_rule":"stop_area_station","source":"OpenStreetMap/Overpass","source_snapshot":"2026-09-17T11:36:49Z"}},{"type":"Feature","id":"node/296929705","geometry":{"type":"Point","coordinates":[37.604423,55.611487]},"properties":{"osm_id":"node/296929705","station_name":"Пражская","access_kind":"entrance","station_osm_id":"node/296953138","entrance_ref":"1","network":"Московский метрополитен","match_rule":"stop_area_station","source":"OpenStreetMap/Overpass","source_snapshot":"2026-09-17T11:36:49Z"}},{"type":"Feature","id":"node/296929725","geometry":{"type":"Point","coordinates":[37.603847,55.610572]},"properties":{"osm_id":"node/296929725","station_name":"Пражская","access_kind":"entrance","station_osm_id":"node/296953138","entrance_ref":"4","network":"Московский метрополитен","match_rule":"stop_area_station","source":"OpenStreetMap/Overpass","source_snapshot":"2026-09-17T11:36:49Z"}},{"type":"Feature","id":"node/296930324","geometry":{"type":"Point","coordinates":[37.602364,55.610956]},"properties":{"osm_id":"node/296930324","station_name":"Пражская","access_kind":"entrance","station_osm_id":"node/296953138","entrance_ref":"8","network":"Московский метрополитен","match_rule":"stop_area_station","source":"OpenStreetMap/Overpass","source_snapshot":"2026-09-17T11:36:49Z"}},{"type":"Feature","id":"node/296931136","geometry":{"type":"Point","coordinates":[37.596593,55.583874]},"properties":{"osm_id":"node/296931136","station_name":"Аннино","access_kind":"entrance","station_osm_id":"node/296953140","entrance_ref":"2","network":"Московский метрополитен","match_rule":"stop_area_station","source":"OpenStreetMap/Overpass","source_snapshot":"2026-09-17T11:36:49Z"}},{"type":"Feature","id":"node/296931143","geometry":{"type":"Point","coordinates":[37.597141,55.58343]},"properties":{"osm_id":"node/296931143","station_name":"Аннино","access_kind":"entrance","station_osm_id":"node/296953140","entrance_ref":"3","network":"Московский метрополитен","match_rule":"stop_area_station","source":"OpenStreetMap/Overpass","source_snapshot":"2026-09-17T11:36:49Z"}},{"type":"Feature","id":"node/296936108","geometry":{"type":"Point","coordinates":[37.748909,55.658677]},"properties":{"osm_id":"node/296936108","station_name":"Братиславская","access_kind":"entrance","station_osm_id":"node/333159878","entrance_ref":"3","network":"Московский метрополитен","match_rule":"stop_area_station","source":"OpenStreetMap/Overpass","source_snapshot":"2026-09-17T11:36:49Z"}},{"type":"Feature","id":"node/296936183","geometry":{"type":"Point","coordinates":[37.749895,55.659049]},"properties":{"osm_id":"node/296936183","station_name":"Братиславская","access_kind":"entrance","station_osm_id":"node/333159878","entrance_ref":"2","network":"Московский метрополитен","match_rule":"stop_area_station","source":"OpenStreetMap/Overpass","source_snapshot":"2026-09-17T11:36:49Z"}},{"type":"Feature","id":"node/296936222","geometry":{"type":"Point","coordinates":[37.752768,55.660118]},"properties":{"osm_id":"node/296936222","station_name":"Братиславская","access_kind":"entrance","station_osm_id":"node/333159878","entrance_ref":"5","network":"Московский метрополитен","match_rule":"stop_area_station","source":"OpenStreetMap/Overpass","source_snapshot":"2026-09-17T11:36:49Z"}},{"type":"Feature","id":"node/296936233","geometry":{"type":"Point","coordinates":[37.751751,55.660021]},"properties":{"osm_id":"node/296936233","station_name":"Братиславская","access_kind":"entrance","station_osm_id":"node/333159878","entrance_ref":"4","network":"Московский метрополитен","match_rule":"stop_area_station","source":"OpenStreetMap/Overpass","source_snapshot":"2026-09-17T11:36:49Z"}},{"type":"Feature","id":"node/296953126","geometry":{"type":"Point","coordinates":[37.609087,55.764833]},"properties":{"osm_id":"node/296953126","station_name":"Чеховская","access_kind":"station","station_osm_id":"node/296953126","entrance_ref":null,"network":"Московский метрополитен","match_rule":"station_fallback","source":"OpenStreetMap/Overpass","source_snapshot":"2026-09-17T11:36:49Z"}},{"type":"Feature","id":"node/297263061","geometry":{"type":"Point","coordinates":[37.415772,55.74127]},"properties":{"osm_id":"node/297263061","station_name":"Молодёжная","access_kind":"entrance","station_osm_id":"node/244036228","entrance_ref":"1","network":"Московский метрополитен","match_rule":"stop_area_station","source":"OpenStreetMap/Overpass","source_snapshot":"2026-09-17T11:36:49Z"}},{"type":"Feature","id":"node/297773322","geometry":{"type":"Point","coordinates":[37.667478,55.73317]},"properties":{"osm_id":"node/297773322","station_name":"Крестьянская Застава","access_kind":"station","station_osm_id":"node/297773322","entrance_ref":null,"network":"Московский метрополитен","match_rule":"station_fallback","source":"OpenStreetMap/Overpass","source_snapshot":"2026-09-17T11:36:49Z"}},{"type":"Feature","id":"node/298205875","geometry":{"type":"Point","coordinates":[37.721044,55.610888]},"properties":{"osm_id":"node/298205875","station_name":"Домодедовская","access_kind":"entrance","station_osm_id":"node/305486163","entrance_ref":"2","network":"Московский метрополитен","match_rule":"stop_area_station","source":"OpenStreetMap/Overpass","source_snapshot":"2026-09-17T11:36:49Z"}},{"type":"Feature","id":"node/300121221","geometry":{"type":"Point","coordinates":[37.742249,55.613989]},"properties":{"osm_id":"node/300121221","station_name":"Красногвардейская","access_kind":"entrance","station_osm_id":"node/300120212","entrance_ref":"7","network":"Московский метрополитен","match_rule":"stop_area_station","source":"OpenStreetMap/Overpass","source_snapshot":"2026-09-17T11:36:49Z"}},{"type":"Feature","id":"node/300121890","geometry":{"type":"Point","coordinates":[37.742336,55.613431]},"properties":{"osm_id":"node/300121890","station_name":"Красногвардейская","access_kind":"entrance","station_osm_id":"node/300120212","entrance_ref":"6","network":"Московский метрополитен","match_rule":"stop_area_station","source":"OpenStreetMap/Overpass","source_snapshot":"2026-09-17T11:36:49Z"}},{"type":"Feature","id":"node/300121934","geometry":{"type":"Point","coordinates":[37.746679,55.614214]},"properties":{"osm_id":"node/300121934","station_name":"Красногвардейская","access_kind":"entrance","station_osm_id":"node/300120212","entrance_ref":"2","network":"Московский метрополитен","match_rule":"stop_area_station","source":"OpenStreetMap/Overpass","source_snapshot":"2026-09-17T11:36:49Z"}},{"type":"Feature","id":"node/300121937","geometry":{"type":"Point","coordinates":[37.746753,55.613642]},"properties":{"osm_id":"node/300121937","station_name":"Красногвардейская","access_kind":"entrance","station_osm_id":"node/300120212","entrance_ref":"3","network":"Московский метрополитен","match_rule":"stop_area_station","source":"OpenStreetMap/Overpass","source_snapshot":"2026-09-17T11:36:49Z"}},{"type":"Feature","id":"node/3024721719","geometry":{"type":"Point","coordinates":[37.434535,55.817043]},"properties":{"osm_id":"node/3024721719","station_name":"Спартак","access_kind":"entrance","station_osm_id":"node/5202107560","entrance_ref":"2","network":"Московский метрополитен","match_rule":"stop_area_station","source":"OpenStreetMap/Overpass","source_snapshot":"2026-09-17T11:36:49Z"}},{"type":"Feature","id":"node/3024721720","geometry":{"type":"Point","coordinates":[37.433961,55.817076]},"properties":{"osm_id":"node/3024721720","station_name":"Спартак","access_kind":"entrance","station_osm_id":"node/5202107560","entrance_ref":"4","network":"Московский метрополитен","match_rule":"stop_area_station","source":"OpenStreetMap/Overpass","source_snapshot":"2026-09-17T11:36:49Z"}},{"type":"Feature","id":"node/3024721726","geometry":{"type":"Point","coordinates":[37.434628,55.817515]},"properties":{"osm_id":"node/3024721726","station_name":"Спартак","access_kind":"entrance","station_osm_id":"node/5202107560","entrance_ref":"3","network":"Московский метрополитен","match_rule":"stop_area_station","source":"OpenStreetMap/Overpass","source_snapshot":"2026-09-17T11:36:49Z"}},{"type":"Feature","id":"node/3024721728","geometry":{"type":"Point","coordinates":[37.434053,55.817548]},"properties":{"osm_id":"node/3024721728","station_name":"Спартак","access_kind":"entrance","station_osm_id":"node/5202107560","entrance_ref":"5","network":"Московский метрополитен","match_rule":"stop_area_station","source":"OpenStreetMap/Overpass","source_snapshot":"2026-09-17T11:36:49Z"}},{"type":"Feature","id":"node/3024721835","geometry":{"type":"Point","coordinates":[37.435365,55.81953]},"properties":{"osm_id":"node/3024721835","station_name":"Спартак","access_kind":"entrance","station_osm_id":"node/5202107560","entrance_ref":"1","network":"Московский метрополитен","match_rule":"stop_area_station","source":"OpenStreetMap/Overpass","source_snapshot":"2026-09-17T11:36:49Z"}},{"type":"Feature","id":"node/309372869","geometry":{"type":"Point","coordinates":[37.695816,55.612237]},"properties":{"osm_id":"node/309372869","station_name":"Орехово","access_kind":"entrance","station_osm_id":"node/308993125","entrance_ref":"1","network":"Московский метрополитен","match_rule":"stop_area_station","source":"OpenStreetMap/Overpass","source_snapshot":"2026-09-17T11:36:49Z"}},{"type":"Feature","id":"node/309372873","geometry":{"type":"Point","coordinates":[37.695996,55.612152]},"properties":{"osm_id":"node/309372873","station_name":"Орехово","access_kind":"entrance","station_osm_id":"node/308993125","entrance_ref":"1","network":"Московский метрополитен","match_rule":"stop_area_station","source":"OpenStreetMap/Overpass","source_snapshot":"2026-09-17T11:36:49Z"}},{"type":"Feature","id":"node/309737030","geometry":{"type":"Point","coordinates":[37.610904,55.672781]},"properties":{"osm_id":"node/309737030","station_name":"Нагорная","access_kind":"entrance","station_osm_id":"node/296953133","entrance_ref":"3","network":"Московский метрополитен","match_rule":"stop_area_station","source":"OpenStreetMap/Overpass","source_snapshot":"2026-09-17T11:36:49Z"}},{"type":"Feature","id":"node/309737534","geometry":{"type":"Point","coordinates":[37.621286,55.682223]},"properties":{"osm_id":"node/309737534","station_name":"Нагатинская","access_kind":"entrance","station_osm_id":"node/296953132","entrance_ref":"1","network":"Московский метрополитен","match_rule":"stop_area_station","source":"OpenStreetMap/Overpass","source_snapshot":"2026-09-17T11:36:49Z"}},{"type":"Feature","id":"node/309744395","geometry":{"type":"Point","coordinates":[37.576966,55.76026]},"properties":{"osm_id":"node/309744395","station_name":"Краснопресненская","access_kind":"entrance","station_osm_id":"node/309744779","entrance_ref":"1","network":"Московский метрополитен","match_rule":"stop_area_station","source":"OpenStreetMap/Overpass","source_snapshot":"2026-09-17T11:36:49Z"}},{"type":"Feature","id":"node/310115447","geometry":{"type":"Point","coordinates":[37.445491,55.730711]},"properties":{"osm_id":"node/310115447","station_name":"Кунцевская","access_kind":"entrance","station_osm_id":"node/10852613371","entrance_ref":"2","network":"Московский метрополитен","match_rule":"stop_area_station","source":"OpenStreetMap/Overpass","source_snapshot":"2026-09-17T11:36:49Z"}},{"type":"Feature","id":"node/3114463881","geometry":{"type":"Point","coordinates":[37.472089,55.644232]},"properties":{"osm_id":"node/3114463881","station_name":"Тропарёво","access_kind":"entrance","station_osm_id":"node/3224593379","entrance_ref":"6","network":"Московский метрополитен","match_rule":"stop_area_station","source":"OpenStreetMap/Overpass","source_snapshot":"2026-09-17T11:36:49Z"}},{"type":"Feature","id":"node/3114463883","geometry":{"type":"Point","coordinates":[37.472864,55.644597]},"properties":{"osm_id":"node/3114463883","station_name":"Тропарёво","access_kind":"entrance","station_osm_id":"node/3224593379","entrance_ref":"5","network":"Московский метрополитен","match_rule":"stop_area_station","source":"OpenStreetMap/Overpass","source_snapshot":"2026-09-17T11:36:49Z"}},{"type":"Feature","id":"node/3114463884","geometry":{"type":"Point","coordinates":[37.471381,55.644712]},"properties":{"osm_id":"node/3114463884","station_name":"Тропарёво","access_kind":"entrance","station_osm_id":"node/3224593379","entrance_ref":"4","network":"Московский метрополитен","match_rule":"stop_area_station","source":"OpenStreetMap/Overpass","source_snapshot":"2026-09-17T11:36:49Z"}},{"type":"Feature","id":"node/3114463885","geometry":{"type":"Point","coordinates":[37.470951,55.644944]},"properties":{"osm_id":"node/3114463885","station_name":"Тропарёво","access_kind":"entrance","station_osm_id":"node/3224593379","entrance_ref":"2","network":"Московский метрополитен","match_rule":"stop_area_station","source":"OpenStreetMap/Overpass","source_snapshot":"2026-09-17T11:36:49Z"}},{"type":"Feature","id":"node/3114463887","geometry":{"type":"Point","coordinates":[37.472145,55.645076]},"properties":{"osm_id":"node/3114463887","station_name":"Тропарёво","access_kind":"entrance","station_osm_id":"node/3224593379","entrance_ref":"3","network":"Московский метрополитен","match_rule":"stop_area_station","source":"OpenStreetMap/Overpass","source_snapshot":"2026-09-17T11:36:49Z"}},{"type":"Feature","id":"node/3114463889","geometry":{"type":"Point","coordinates":[37.471795,55.645344]},"properties":{"osm_id":"node/3114463889","station_name":"Тропарёво","access_kind":"entrance","station_osm_id":"node/3224593379","entrance_ref":"1","network":"Московский метрополитен","match_rule":"stop_area_station","source":"OpenStreetMap/Overpass","source_snapshot":"2026-09-17T11:36:49Z"}},{"type":"Feature","id":"node/3114463891","geometry":{"type":"Point","coordinates":[37.473523,55.646154]},"properties":{"osm_id":"node/3114463891","station_name":"Тропарёво","access_kind":"entrance","station_osm_id":"node/3224593379","entrance_ref":"8","network":"Московский метрополитен","match_rule":"stop_area_station","source":"OpenStreetMap/Overpass","source_snapshot":"2026-09-17T11:36:49Z"}},{"type":"Feature","id":"node/311714932","geometry":{"type":"Point","coordinates":[37.750981,55.691202]},"properties":{"osm_id":"node/311714932","station_name":"Волжская","access_kind":"entrance","station_osm_id":"node/296949283","entrance_ref":"4","network":"Московский метрополитен","match_rule":"stop_area_station","source":"OpenStreetMap/Overpass","source_snapshot":"2026-09-17T11:36:49Z"}},{"type":"Feature","id":"node/311714935","geometry":{"type":"Point","coordinates":[37.751701,55.691018]},"properties":{"osm_id":"node/311714935","station_name":"Волжская","access_kind":"entrance","station_osm_id":"node/296949283","entrance_ref":"3","network":"Московский метрополитен","match_rule":"stop_area_station","source":"OpenStreetMap/Overpass","source_snapshot":"2026-09-17T11:36:49Z"}},{"type":"Feature","id":"node/311715065","geometry":{"type":"Point","coordinates":[37.727824,55.692631]},"properties":{"osm_id":"node/311715065","station_name":"Печатники","access_kind":"entrance","station_osm_id":"node/296949278","entrance_ref":"7","network":"Московский метрополитен","match_rule":"stop_area_station","source":"OpenStreetMap/Overpass","source_snapshot":"2026-09-17T11:36:49Z"}},{"type":"Feature","id":"node/312814720","geometry":{"type":"Point","coordinates":[37.575798,55.836693]},"properties":{"osm_id":"node/312814720","station_name":"Петровско-Разумовская","access_kind":"entrance","station_osm_id":"node/5202080142","entrance_ref":"1","network":"Московский метрополитен","match_rule":"stop_area_station","source":"OpenStreetMap/Overpass","source_snapshot":"2026-09-17T11:36:49Z"}},{"type":"Feature","id":"node/312842647","geometry":{"type":"Point","coordinates":[37.603364,55.862466]},"properties":{"osm_id":"node/312842647","station_name":"Отрадное","access_kind":"entrance","station_osm_id":"node/296957241","entrance_ref":"7","network":"Московский метрополитен","match_rule":"stop_area_station","source":"OpenStreetMap/Overpass","source_snapshot":"2026-09-17T11:36:49Z"}},{"type":"Feature","id":"node/314417174","geometry":{"type":"Point","coordinates":[37.40888,55.755681]},"properties":{"osm_id":"node/314417174","station_name":"Крылатское","access_kind":"entrance","station_osm_id":"node/6939665011","entrance_ref":"5","network":"Московский метрополитен","match_rule":"stop_area_station","source":"OpenStreetMap/Overpass","source_snapshot":"2026-09-17T11:36:49Z"}},{"type":"Feature","id":"node/3181755062","geometry":{"type":"Point","coordinates":[37.562201,55.763881]},"properties":{"osm_id":"node/3181755062","station_name":"Улица 1905 года","access_kind":"entrance","station_osm_id":"node/296959509","entrance_ref":"1","network":"Московский метрополитен","match_rule":"stop_area_station","source":"OpenStreetMap/Overpass","source_snapshot":"2026-09-17T11:36:49Z"}},{"type":"Feature","id":"node/3181755063","geometry":{"type":"Point","coordinates":[37.562506,55.764048]},"properties":{"osm_id":"node/3181755063","station_name":"Улица 1905 года","access_kind":"entrance","station_osm_id":"node/296959509","entrance_ref":null,"network":"Московский метрополитен","match_rule":"stop_area_station","source":"OpenStreetMap/Overpass","source_snapshot":"2026-09-17T11:36:49Z"}},{"type":"Feature","id":"node/3198614338","geometry":{"type":"Point","coordinates":[37.585144,55.706854]},"properties":{"osm_id":"node/3198614338","station_name":"Ленинский проспект","access_kind":"entrance","station_osm_id":"node/282411334","entrance_ref":"1","network":"Московский метрополитен","match_rule":"stop_area_station","source":"OpenStreetMap/Overpass","source_snapshot":"2026-09-17T11:36:49Z"}},{"type":"Feature","id":"node/3198614340","geometry":{"type":"Point","coordinates":[37.584977,55.706938]},"properties":{"osm_id":"node/3198614340","station_name":"Ленинский проспект","access_kind":"entrance","station_osm_id":"node/282411334","entrance_ref":"1","network":"Московский метрополитен","match_rule":"stop_area_station","source":"OpenStreetMap/Overpass","source_snapshot":"2026-09-17T11:36:49Z"}},{"type":"Feature","id":"node/320021765","geometry":{"type":"Point","coordinates":[37.53449,55.693152]},"properties":{"osm_id":"node/320021765","station_name":"Университет","access_kind":"entrance","station_osm_id":"node/309752494","entrance_ref":"1","network":"Московский метрополитен","match_rule":"stop_area_station","source":"OpenStreetMap/Overpass","source_snapshot":"2026-09-17T11:36:49Z"}},{"type":"Feature","id":"node/320021770","geometry":{"type":"Point","coordinates":[37.53449,55.693532]},"properties":{"osm_id":"node/320021770","station_name":"Университет","access_kind":"entrance","station_osm_id":"node/309752494","entrance_ref":"1","network":"Московский метрополитен","match_rule":"stop_area_station","source":"OpenStreetMap/Overpass","source_snapshot":"2026-09-17T11:36:49Z"}},{"type":"Feature","id":"node/320021771","geometry":{"type":"Point","coordinates":[37.534728,55.693476]},"properties":{"osm_id":"node/320021771","station_name":"Университет","access_kind":"entrance","station_osm_id":"node/309752494","entrance_ref":"1","network":"Московский метрополитен","match_rule":"stop_area_station","source":"OpenStreetMap/Overpass","source_snapshot":"2026-09-17T11:36:49Z"}},{"type":"Feature","id":"node/320266342","geometry":{"type":"Point","coordinates":[37.534491,55.691706]},"properties":{"osm_id":"node/320266342","station_name":"Университет","access_kind":"entrance","station_osm_id":"node/309752494","entrance_ref":"2","network":"Московский метрополитен","match_rule":"stop_area_station","source":"OpenStreetMap/Overpass","source_snapshot":"2026-09-17T11:36:49Z"}},{"type":"Feature","id":"node/320266352","geometry":{"type":"Point","coordinates":[37.535139,55.6917]},"properties":{"osm_id":"node/320266352","station_name":"Университет","access_kind":"entrance","station_osm_id":"node/309752494","entrance_ref":"2","network":"Московский метрополитен","match_rule":"stop_area_station","source":"OpenStreetMap/Overpass","source_snapshot":"2026-09-17T11:36:49Z"}},{"type":"Feature","id":"node/321842296","geometry":{"type":"Point","coordinates":[37.693442,55.613771]},"properties":{"osm_id":"node/321842296","station_name":"Орехово","access_kind":"entrance","station_osm_id":"node/308993125","entrance_ref":"2","network":"Московский метрополитен","match_rule":"stop_area_station","source":"OpenStreetMap/Overpass","source_snapshot":"2026-09-17T11:36:49Z"}},{"type":"Feature","id":"node/3225782419","geometry":{"type":"Point","coordinates":[37.474426,55.64659]},"properties":{"osm_id":"node/3225782419","station_name":"Тропарёво","access_kind":"entrance","station_osm_id":"node/3224593379","entrance_ref":"7","network":"Московский метрополитен","match_rule":"stop_area_station","source":"OpenStreetMap/Overpass","source_snapshot":"2026-09-17T11:36:49Z"}},{"type":"Feature","id":"node/3232245315","geometry":{"type":"Point","coordinates":[37.597875,55.583557]},"properties":{"osm_id":"node/3232245315","station_name":"Аннино","access_kind":"entrance","station_osm_id":"node/296953140","entrance_ref":"4","network":"Московский метрополитен","match_rule":"stop_area_station","source":"OpenStreetMap/Overpass","source_snapshot":"2026-09-17T11:36:49Z"}},{"type":"Feature","id":"node/3235207679","geometry":{"type":"Point","coordinates":[37.605291,55.745828]},"properties":{"osm_id":"node/3235207679","station_name":"Кропоткинская","access_kind":"entrance","station_osm_id":"node/278692957","entrance_ref":"2","network":"Московский метрополитен","match_rule":"stop_area_station","source":"OpenStreetMap/Overpass","source_snapshot":"2026-09-17T11:36:49Z"}},{"type":"Feature","id":"node/324531854","geometry":{"type":"Point","coordinates":[37.788517,55.751773]},"properties":{"osm_id":"node/324531854","station_name":"Перово","access_kind":"entrance","station_osm_id":"node/255744332","entrance_ref":"1","network":"Московский метрополитен","match_rule":"stop_area_station","source":"OpenStreetMap/Overpass","source_snapshot":"2026-09-17T11:36:49Z"}},{"type":"Feature","id":"node/325095962","geometry":{"type":"Point","coordinates":[37.661282,55.886039]},"properties":{"osm_id":"node/325095962","station_name":"Медведково","access_kind":"entrance","station_osm_id":"node/60660466","entrance_ref":"2","network":"Московский метрополитен","match_rule":"stop_area_station","source":"OpenStreetMap/Overpass","source_snapshot":"2026-09-17T11:36:49Z"}},{"type":"Feature","id":"node/3261310839","geometry":{"type":"Point","coordinates":[37.784747,55.751292]},"properties":{"osm_id":"node/3261310839","station_name":"Перово","access_kind":"entrance","station_osm_id":"node/255744332","entrance_ref":"7","network":"Московский метрополитен","match_rule":"stop_area_station","source":"OpenStreetMap/Overpass","source_snapshot":"2026-09-17T11:36:49Z"}},{"type":"Feature","id":"node/3263936764","geometry":{"type":"Point","coordinates":[37.608146,55.718764]},"properties":{"osm_id":"node/3263936764","station_name":"Шаболовская","access_kind":"entrance","station_osm_id":"node/277499854","entrance_ref":"1","network":"Московский метрополитен","match_rule":"stop_area_station","source":"OpenStreetMap/Overpass","source_snapshot":"2026-09-17T11:36:49Z"}},{"type":"Feature","id":"node/3264014618","geometry":{"type":"Point","coordinates":[37.612964,55.731146]},"properties":{"osm_id":"node/3264014618","station_name":"Октябрьская","access_kind":"entrance","station_osm_id":"node/277499853","entrance_ref":"3","network":"Московский метрополитен","match_rule":"stop_area_station","source":"OpenStreetMap/Overpass","source_snapshot":"2026-09-17T11:36:49Z"}},{"type":"Feature","id":"node/3291477262","geometry":{"type":"Point","coordinates":[37.5927,55.735206]},"properties":{"osm_id":"node/3291477262","station_name":"Парк Культуры","access_kind":"entrance","station_osm_id":"node/5176445915","entrance_ref":"2","network":"Московский метрополитен","match_rule":"stop_area_station","source":"OpenStreetMap/Overpass","source_snapshot":"2026-09-17T11:36:49Z"}},{"type":"Feature","id":"node/3302524894","geometry":{"type":"Point","coordinates":[37.650378,55.769889]},"properties":{"osm_id":"node/3302524894","station_name":"Красные Ворота","access_kind":"entrance","station_osm_id":"node/6938823554","entrance_ref":"2","network":"Московский метрополитен","match_rule":"stop_area_station","source":"OpenStreetMap/Overpass","source_snapshot":"2026-09-17T11:36:49Z"}},{"type":"Feature","id":"node/3326157041","geometry":{"type":"Point","coordinates":[37.653389,55.742507]},"properties":{"osm_id":"node/3326157041","station_name":"Таганская","access_kind":"entrance","station_osm_id":"node/296045315","entrance_ref":"1","network":"Московский метрополитен","match_rule":"stop_area_station","source":"OpenStreetMap/Overpass","source_snapshot":"2026-09-17T11:36:49Z"}},{"type":"Feature","id":"node/3332360359","geometry":{"type":"Point","coordinates":[37.865913,55.746135]},"properties":{"osm_id":"node/3332360359","station_name":"Новокосино","access_kind":"entrance","station_osm_id":"node/1890426555","entrance_ref":"1","network":"Московский метрополитен","match_rule":"stop_area_station","source":"OpenStreetMap/Overpass","source_snapshot":"2026-09-17T11:36:49Z"}},{"type":"Feature","id":"node/335430850","geometry":{"type":"Point","coordinates":[37.688512,55.724465]},"properties":{"osm_id":"node/335430850","station_name":"Волгоградский проспект","access_kind":"entrance","station_osm_id":"node/253016892","entrance_ref":"1","network":"Московский метрополитен","match_rule":"stop_area_station","source":"OpenStreetMap/Overpass","source_snapshot":"2026-09-17T11:36:49Z"}},{"type":"Feature","id":"node/3380823014","geometry":{"type":"Point","coordinates":[37.59332,55.735343]},"properties":{"osm_id":"node/3380823014","station_name":"Парк Культуры","access_kind":"entrance","station_osm_id":"node/5176445915","entrance_ref":"1","network":"Московский метрополитен","match_rule":"stop_area_station","source":"OpenStreetMap/Overpass","source_snapshot":"2026-09-17T11:36:49Z"}},{"type":"Feature","id":"node/3388472410","geometry":{"type":"Point","coordinates":[37.788354,55.751293]},"properties":{"osm_id":"node/3388472410","station_name":"Перово","access_kind":"entrance","station_osm_id":"node/255744332","entrance_ref":"2","network":"Московский метрополитен","match_rule":"stop_area_station","source":"OpenStreetMap/Overpass","source_snapshot":"2026-09-17T11:36:49Z"}},{"type":"Feature","id":"node/3410453526","geometry":{"type":"Point","coordinates":[37.620736,55.771711]},"properties":{"osm_id":"node/3410453526","station_name":"Цветной бульвар","access_kind":"entrance","station_osm_id":"node/291689166","entrance_ref":"1","network":"Московский метрополитен","match_rule":"stop_area_station","source":"OpenStreetMap/Overpass","source_snapshot":"2026-09-17T11:36:49Z"}},{"type":"Feature","id":"node/3410453741","geometry":{"type":"Point","coordinates":[37.620738,55.77161]},"properties":{"osm_id":"node/3410453741","station_name":"Цветной бульвар","access_kind":"entrance","station_osm_id":"node/291689166","entrance_ref":"1","network":"Московский метрополитен","match_rule":"stop_area_station","source":"OpenStreetMap/Overpass","source_snapshot":"2026-09-17T11:36:49Z"}},{"type":"Feature","id":"node/345379321","geometry":{"type":"Point","coordinates":[37.694151,55.614211]},"properties":{"osm_id":"node/345379321","station_name":"Орехово","access_kind":"entrance","station_osm_id":"node/308993125","entrance_ref":"3","network":"Московский метрополитен","match_rule":"stop_area_station","source":"OpenStreetMap/Overpass","source_snapshot":"2026-09-17T11:36:49Z"}},{"type":"Feature","id":"node/352280213","geometry":{"type":"Point","coordinates":[37.610855,55.752597]},"properties":{"osm_id":"node/352280213","station_name":"Александровский сад","access_kind":"entrance","station_osm_id":"node/253228506","entrance_ref":"3","network":"Московский метрополитен","match_rule":"stop_area_station","source":"OpenStreetMap/Overpass","source_snapshot":"2026-09-17T11:36:49Z"}},{"type":"Feature","id":"node/352385711","geometry":{"type":"Point","coordinates":[37.590205,55.793898]},"properties":{"osm_id":"node/352385711","station_name":"Савёловская","access_kind":"entrance","station_osm_id":"node/296956169","entrance_ref":"4","network":"Московский метрополитен","match_rule":"stop_area_station","source":"OpenStreetMap/Overpass","source_snapshot":"2026-09-17T11:36:49Z"}},{"type":"Feature","id":"node/3534020295","geometry":{"type":"Point","coordinates":[37.728514,55.692681]},"properties":{"osm_id":"node/3534020295","station_name":"Печатники","access_kind":"entrance","station_osm_id":"node/296949278","entrance_ref":"4","network":"Московский метрополитен","match_rule":"stop_area_station","source":"OpenStreetMap/Overpass","source_snapshot":"2026-09-17T11:36:49Z"}},{"type":"Feature","id":"node/3583537209","geometry":{"type":"Point","coordinates":[37.611406,55.729348]},"properties":{"osm_id":"node/3583537209","station_name":"Октябрьская","access_kind":"entrance","station_osm_id":"node/277499853","entrance_ref":"1","network":"Московский метрополитен","match_rule":"stop_area_station","source":"OpenStreetMap/Overpass","source_snapshot":"2026-09-17T11:36:49Z"}},{"type":"Feature","id":"node/3583537400","geometry":{"type":"Point","coordinates":[37.610894,55.729411]},"properties":{"osm_id":"node/3583537400","station_name":"Октябрьская","access_kind":"entrance","station_osm_id":"node/291686160","entrance_ref":"2","network":"Московский метрополитен","match_rule":"stop_area_station","source":"OpenStreetMap/Overpass","source_snapshot":"2026-09-17T11:36:49Z"}},{"type":"Feature","id":"node/359639723","geometry":{"type":"Point","coordinates":[37.404274,55.803113]},"properties":{"osm_id":"node/359639723","station_name":"Строгино","access_kind":"entrance","station_osm_id":"node/5202107564","entrance_ref":"8","network":"Московский метрополитен","match_rule":"stop_area_station","source":"OpenStreetMap/Overpass","source_snapshot":"2026-09-17T11:36:49Z"}},{"type":"Feature","id":"node/3656351863","geometry":{"type":"Point","coordinates":[37.581305,55.760648]},"properties":{"osm_id":"node/3656351863","station_name":"Баррикадная","access_kind":"entrance","station_osm_id":"node/296959510","entrance_ref":"2","network":"Московский метрополитен","match_rule":"stop_area_station","source":"OpenStreetMap/Overpass","source_snapshot":"2026-09-17T11:36:49Z"}},{"type":"Feature","id":"node/3656351867","geometry":{"type":"Point","coordinates":[37.581545,55.76076]},"properties":{"osm_id":"node/3656351867","station_name":"Баррикадная","access_kind":"entrance","station_osm_id":"node/296959510","entrance_ref":"2","network":"Московский метрополитен","match_rule":"stop_area_station","source":"OpenStreetMap/Overpass","source_snapshot":"2026-09-17T11:36:49Z"}},{"type":"Feature","id":"node/3662017515","geometry":{"type":"Point","coordinates":[37.63375,55.791473]},"properties":{"osm_id":"node/3662017515","station_name":"Рижская","access_kind":"entrance","station_osm_id":"node/10702624108","entrance_ref":"6","network":"Московский метрополитен","match_rule":"stop_area_station","source":"OpenStreetMap/Overpass","source_snapshot":"2026-09-17T11:36:49Z"}},{"type":"Feature","id":"node/3662017874","geometry":{"type":"Point","coordinates":[37.632426,55.79156]},"properties":{"osm_id":"node/3662017874","station_name":"Рижская","access_kind":"entrance","station_osm_id":"node/10702624108","entrance_ref":"7","network":"Московский метрополитен","match_rule":"stop_area_station","source":"OpenStreetMap/Overpass","source_snapshot":"2026-09-17T11:36:49Z"}},{"type":"Feature","id":"node/3662018487","geometry":{"type":"Point","coordinates":[37.635064,55.79235]},"properties":{"osm_id":"node/3662018487","station_name":"Рижская","access_kind":"entrance","station_osm_id":"node/10702624108","entrance_ref":"3","network":"Московский метрополитен","match_rule":"stop_area_station","source":"OpenStreetMap/Overpass","source_snapshot":"2026-09-17T11:36:49Z"}},{"type":"Feature","id":"node/3662018678","geometry":{"type":"Point","coordinates":[37.635156,55.792565]},"properties":{"osm_id":"node/3662018678","station_name":"Рижская","access_kind":"entrance","station_osm_id":"node/10702624108","entrance_ref":"3","network":"Московский метрополитен","match_rule":"stop_area_station","source":"OpenStreetMap/Overpass","source_snapshot":"2026-09-17T11:36:49Z"}},{"type":"Feature","id":"node/3679059425","geometry":{"type":"Point","coordinates":[37.537571,55.748942]},"properties":{"osm_id":"node/3679059425","station_name":"Деловой центр","access_kind":"entrance","station_osm_id":"node/3226428878","entrance_ref":"1","network":"Московский метрополитен","match_rule":"stop_area_station","source":"OpenStreetMap/Overpass","source_snapshot":"2026-09-17T11:36:49Z"}},{"type":"Feature","id":"node/3689282782","geometry":{"type":"Point","coordinates":[37.657265,55.706374]},"properties":{"osm_id":"node/3689282782","station_name":"Автозаводская","access_kind":"entrance","station_osm_id":"node/292146578","entrance_ref":"1","network":"Московский метрополитен","match_rule":"stop_area_station","source":"OpenStreetMap/Overpass","source_snapshot":"2026-09-17T11:36:49Z"}},{"type":"Feature","id":"node/3722642867","geometry":{"type":"Point","coordinates":[37.661842,55.888147]},"properties":{"osm_id":"node/3722642867","station_name":"Медведково","access_kind":"entrance","station_osm_id":"node/60660466","entrance_ref":"1","network":"Московский метрополитен","match_rule":"stop_area_station","source":"OpenStreetMap/Overpass","source_snapshot":"2026-09-17T11:36:49Z"}},{"type":"Feature","id":"node/3728962740","geometry":{"type":"Point","coordinates":[37.408608,55.755322]},"properties":{"osm_id":"node/3728962740","station_name":"Крылатское","access_kind":"entrance","station_osm_id":"node/6939665011","entrance_ref":"6","network":"Московский метрополитен","match_rule":"stop_area_station","source":"OpenStreetMap/Overpass","source_snapshot":"2026-09-17T11:36:49Z"}},{"type":"Feature","id":"node/3753579488","geometry":{"type":"Point","coordinates":[37.859335,55.673494]},"properties":{"osm_id":"node/3753579488","station_name":"Котельники","access_kind":"entrance","station_osm_id":"node/3706464707","entrance_ref":"1","network":"Московский метрополитен","match_rule":"stop_area_station","source":"OpenStreetMap/Overpass","source_snapshot":"2026-09-17T11:36:49Z"}},{"type":"Feature","id":"node/3753579521","geometry":{"type":"Point","coordinates":[37.858709,55.673782]},"properties":{"osm_id":"node/3753579521","station_name":"Котельники","access_kind":"entrance","station_osm_id":"node/3706464707","entrance_ref":"2","network":"Московский метрополитен","match_rule":"stop_area_station","source":"OpenStreetMap/Overpass","source_snapshot":"2026-09-17T11:36:49Z"}},{"type":"Feature","id":"node/3753579524","geometry":{"type":"Point","coordinates":[37.857019,55.67456]},"properties":{"osm_id":"node/3753579524","station_name":"Котельники","access_kind":"entrance","station_osm_id":"node/3706464707","entrance_ref":"3","network":"Московский метрополитен","match_rule":"stop_area_station","source":"OpenStreetMap/Overpass","source_snapshot":"2026-09-17T11:36:49Z"}},{"type":"Feature","id":"node/3753579527","geometry":{"type":"Point","coordinates":[37.856433,55.67484]},"properties":{"osm_id":"node/3753579527","station_name":"Котельники","access_kind":"entrance","station_osm_id":"node/3706464707","entrance_ref":"4","network":"Московский метрополитен","match_rule":"stop_area_station","source":"OpenStreetMap/Overpass","source_snapshot":"2026-09-17T11:36:49Z"}},{"type":"Feature","id":"node/3753579530","geometry":{"type":"Point","coordinates":[37.856293,55.675246]},"properties":{"osm_id":"node/3753579530","station_name":"Котельники","access_kind":"entrance","station_osm_id":"node/3706464707","entrance_ref":"5","network":"Московский метрополитен","match_rule":"stop_area_station","source":"OpenStreetMap/Overpass","source_snapshot":"2026-09-17T11:36:49Z"}},{"type":"Feature","id":"node/3753579532","geometry":{"type":"Point","coordinates":[37.857744,55.67604]},"properties":{"osm_id":"node/3753579532","station_name":"Котельники","access_kind":"entrance","station_osm_id":"node/3706464707","entrance_ref":"6","network":"Московский метрополитен","match_rule":"stop_area_station","source":"OpenStreetMap/Overpass","source_snapshot":"2026-09-17T11:36:49Z"}},{"type":"Feature","id":"node/3753579537","geometry":{"type":"Point","coordinates":[37.858083,55.676931]},"properties":{"osm_id":"node/3753579537","station_name":"Котельники","access_kind":"entrance","station_osm_id":"node/3706464707","entrance_ref":"7","network":"Московский метрополитен","match_rule":"stop_area_station","source":"OpenStreetMap/Overpass","source_snapshot":"2026-09-17T11:36:49Z"}},{"type":"Feature","id":"node/375602934","geometry":{"type":"Point","coordinates":[37.532148,55.801017]},"properties":{"osm_id":"node/375602934","station_name":"Аэропорт","access_kind":"entrance","station_osm_id":"node/266835847","entrance_ref":"1","network":"Московский метрополитен","match_rule":"stop_area_station","source":"OpenStreetMap/Overpass","source_snapshot":"2026-09-17T11:36:49Z"}},{"type":"Feature","id":"node/3763579686","geometry":{"type":"Point","coordinates":[37.525049,55.756149]},"properties":{"osm_id":"node/3763579686","station_name":"Шелепиха","access_kind":"entrance","station_osm_id":"node/5436430994","entrance_ref":"2","network":"Московский метрополитен","match_rule":"stop_area_station","source":"OpenStreetMap/Overpass","source_snapshot":"2026-09-17T11:36:49Z"}},{"type":"Feature","id":"node/3785949545","geometry":{"type":"Point","coordinates":[37.639215,55.729953]},"properties":{"osm_id":"node/3785949545","station_name":"Павелецкая","access_kind":"entrance","station_osm_id":"node/292019726","entrance_ref":"3","network":"Московский метрополитен","match_rule":"stop_area_station","source":"OpenStreetMap/Overpass","source_snapshot":"2026-09-17T11:36:49Z"}},{"type":"Feature","id":"node/3785963616","geometry":{"type":"Point","coordinates":[37.383429,55.834606]},"properties":{"osm_id":"node/3785963616","station_name":"Волоколамская","access_kind":"entrance","station_osm_id":"node/5202107568","entrance_ref":"2","network":"Московский метрополитен","match_rule":"stop_area_station","source":"OpenStreetMap/Overpass","source_snapshot":"2026-09-17T11:36:49Z"}},{"type":"Feature","id":"node/380403021","geometry":{"type":"Point","coordinates":[37.716514,55.751231]},"properties":{"osm_id":"node/380403021","station_name":"Авиамоторная","access_kind":"entrance","station_osm_id":"node/276191013","entrance_ref":"6","network":"Московский метрополитен","match_rule":"stop_area_station","source":"OpenStreetMap/Overpass","source_snapshot":"2026-09-17T11:36:49Z"}},{"type":"Feature","id":"node/380403022","geometry":{"type":"Point","coordinates":[37.71746,55.750876]},"properties":{"osm_id":"node/380403022","station_name":"Авиамоторная","access_kind":"entrance","station_osm_id":"node/276191013","entrance_ref":"7","network":"Московский метрополитен","match_rule":"stop_area_station","source":"OpenStreetMap/Overpass","source_snapshot":"2026-09-17T11:36:49Z"}},{"type":"Feature","id":"node/380403023","geometry":{"type":"Point","coordinates":[37.717914,55.751123]},"properties":{"osm_id":"node/380403023","station_name":"Авиамоторная","access_kind":"entrance","station_osm_id":"node/276191013","entrance_ref":"9","network":"Московский метрополитен","match_rule":"stop_area_station","source":"OpenStreetMap/Overpass","source_snapshot":"2026-09-17T11:36:49Z"}},{"type":"Feature","id":"node/380403024","geometry":{"type":"Point","coordinates":[37.716329,55.751556]},"properties":{"osm_id":"node/380403024","station_name":"Авиамоторная","access_kind":"entrance","station_osm_id":"node/276191013","entrance_ref":"5","network":"Московский метрополитен","match_rule":"stop_area_station","source":"OpenStreetMap/Overpass","source_snapshot":"2026-09-17T11:36:49Z"}},{"type":"Feature","id":"node/380403025","geometry":{"type":"Point","coordinates":[37.716259,55.751658]},"properties":{"osm_id":"node/380403025","station_name":"Авиамоторная","access_kind":"entrance","station_osm_id":"node/276191013","entrance_ref":"4","network":"Московский метрополитен","match_rule":"stop_area_station","source":"OpenStreetMap/Overpass","source_snapshot":"2026-09-17T11:36:49Z"}},{"type":"Feature","id":"node/380403026","geometry":{"type":"Point","coordinates":[37.716772,55.751988]},"properties":{"osm_id":"node/380403026","station_name":"Авиамоторная","access_kind":"entrance","station_osm_id":"node/276191013","entrance_ref":"3","network":"Московский метрополитен","match_rule":"stop_area_station","source":"OpenStreetMap/Overpass","source_snapshot":"2026-09-17T11:36:49Z"}},{"type":"Feature","id":"node/380403027","geometry":{"type":"Point","coordinates":[37.717116,55.752352]},"properties":{"osm_id":"node/380403027","station_name":"Авиамоторная","access_kind":"entrance","station_osm_id":"node/276191013","entrance_ref":"1","network":"Московский метрополитен","match_rule":"stop_area_station","source":"OpenStreetMap/Overpass","source_snapshot":"2026-09-17T11:36:49Z"}},{"type":"Feature","id":"node/380403028","geometry":{"type":"Point","coordinates":[37.717551,55.751929]},"properties":{"osm_id":"node/380403028","station_name":"Авиамоторная","access_kind":"entrance","station_osm_id":"node/276191013","entrance_ref":"2","network":"Московский метрополитен","match_rule":"stop_area_station","source":"OpenStreetMap/Overpass","source_snapshot":"2026-09-17T11:36:49Z"}},{"type":"Feature","id":"node/3822792107","geometry":{"type":"Point","coordinates":[37.555561,55.600475]},"properties":{"osm_id":"node/3822792107","station_name":"Битцевский парк","access_kind":"entrance","station_osm_id":"node/2591402980","entrance_ref":"1","network":"Московский метрополитен","match_rule":"stop_area_station","source":"OpenStreetMap/Overpass","source_snapshot":"2026-09-17T11:36:49Z"}},{"type":"Feature","id":"node/390449958","geometry":{"type":"Point","coordinates":[37.472959,55.729307]},"properties":{"osm_id":"node/390449958","station_name":"Славянский бульвар","access_kind":"entrance","station_osm_id":"node/253780238","entrance_ref":"4","network":"Московский метрополитен","match_rule":"stop_area_station","source":"OpenStreetMap/Overpass","source_snapshot":"2026-09-17T11:36:49Z"}},{"type":"Feature","id":"node/3908744823","geometry":{"type":"Point","coordinates":[37.713851,55.795338]},"properties":{"osm_id":"node/3908744823","station_name":"Преображенская площадь","access_kind":"entrance","station_osm_id":"node/265949958","entrance_ref":"10","network":"Московский метрополитен","match_rule":"stop_area_station","source":"OpenStreetMap/Overpass","source_snapshot":"2026-09-17T11:36:49Z"}},{"type":"Feature","id":"node/3916071797","geometry":{"type":"Point","coordinates":[37.664089,55.694483]},"properties":{"osm_id":"node/3916071797","station_name":"Технопарк","access_kind":"entrance","station_osm_id":"node/292148161","entrance_ref":"2","network":"Московский метрополитен","match_rule":"stop_area_station","source":"OpenStreetMap/Overpass","source_snapshot":"2026-09-17T11:36:49Z"}},{"type":"Feature","id":"node/3916071798","geometry":{"type":"Point","coordinates":[37.664526,55.694502]},"properties":{"osm_id":"node/3916071798","station_name":"Технопарк","access_kind":"entrance","station_osm_id":"node/292148161","entrance_ref":"4","network":"Московский метрополитен","match_rule":"stop_area_station","source":"OpenStreetMap/Overpass","source_snapshot":"2026-09-17T11:36:49Z"}},{"type":"Feature","id":"node/3954192845","geometry":{"type":"Point","coordinates":[37.439626,55.632942]},"properties":{"osm_id":"node/3954192845","station_name":"Румянцево","access_kind":"entrance","station_osm_id":"node/3943961770","entrance_ref":"1","network":"Московский метрополитен","match_rule":"stop_area_station","source":"OpenStreetMap/Overpass","source_snapshot":"2026-09-17T11:36:49Z"}},{"type":"Feature","id":"node/3954192847","geometry":{"type":"Point","coordinates":[37.443465,55.633073]},"properties":{"osm_id":"node/3954192847","station_name":"Румянцево","access_kind":"entrance","station_osm_id":"node/3943961770","entrance_ref":"2","network":"Московский метрополитен","match_rule":"stop_area_station","source":"OpenStreetMap/Overpass","source_snapshot":"2026-09-17T11:36:49Z"}},{"type":"Feature","id":"node/3958752697","geometry":{"type":"Point","coordinates":[37.516285,55.804198]},"properties":{"osm_id":"node/3958752697","station_name":"Сокол","access_kind":"entrance","station_osm_id":"node/5202107576","entrance_ref":"5","network":"Московский метрополитен","match_rule":"stop_area_station","source":"OpenStreetMap/Overpass","source_snapshot":"2026-09-17T11:36:49Z"}},{"type":"Feature","id":"node/3960705063","geometry":{"type":"Point","coordinates":[37.519959,55.633949]},"properties":{"osm_id":"node/3960705063","station_name":"Коньково","access_kind":"entrance","station_osm_id":"node/1221839292","entrance_ref":"9","network":"Московский метрополитен","match_rule":"stop_area_station","source":"OpenStreetMap/Overpass","source_snapshot":"2026-09-17T11:36:49Z"}},{"type":"Feature","id":"node/3960705064","geometry":{"type":"Point","coordinates":[37.51893,55.634329]},"properties":{"osm_id":"node/3960705064","station_name":"Коньково","access_kind":"entrance","station_osm_id":"node/1221839292","entrance_ref":"6","network":"Московский метрополитен","match_rule":"stop_area_station","source":"OpenStreetMap/Overpass","source_snapshot":"2026-09-17T11:36:49Z"}},{"type":"Feature","id":"node/3984124980","geometry":{"type":"Point","coordinates":[37.577377,55.760237]},"properties":{"osm_id":"node/3984124980","station_name":"Краснопресненская","access_kind":"entrance","station_osm_id":"node/309744779","entrance_ref":"1","network":"Московский метрополитен","match_rule":"stop_area_station","source":"OpenStreetMap/Overpass","source_snapshot":"2026-09-17T11:36:49Z"}},{"type":"Feature","id":"node/4006474500","geometry":{"type":"Point","coordinates":[37.424241,55.621674]},"properties":{"osm_id":"node/4006474500","station_name":"Саларьево","access_kind":"entrance","station_osm_id":"node/4006225428","entrance_ref":"1","network":"Московский метрополитен","match_rule":"stop_area_station","source":"OpenStreetMap/Overpass","source_snapshot":"2026-09-17T11:36:49Z"}},{"type":"Feature","id":"node/408787086","geometry":{"type":"Point","coordinates":[37.544524,55.774008]},"properties":{"osm_id":"node/408787086","station_name":"Беговая","access_kind":"entrance","station_osm_id":"node/296959508","entrance_ref":"2","network":"Московский метрополитен","match_rule":"stop_area_station","source":"OpenStreetMap/Overpass","source_snapshot":"2026-09-17T11:36:49Z"}},{"type":"Feature","id":"node/408787087","geometry":{"type":"Point","coordinates":[37.544479,55.773389]},"properties":{"osm_id":"node/408787087","station_name":"Беговая","access_kind":"entrance","station_osm_id":"node/296959508","entrance_ref":"1","network":"Московский метрополитен","match_rule":"stop_area_station","source":"OpenStreetMap/Overpass","source_snapshot":"2026-09-17T11:36:49Z"}},{"type":"Feature","id":"node/411730666","geometry":{"type":"Point","coordinates":[37.601305,55.884449]},"properties":{"osm_id":"node/411730666","station_name":"Бибирево","access_kind":"entrance","station_osm_id":"node/296957239","entrance_ref":"2","network":"Московский метрополитен","match_rule":"stop_area_station","source":"OpenStreetMap/Overpass","source_snapshot":"2026-09-17T11:36:49Z"}},{"type":"Feature","id":"node/4169790902","geometry":{"type":"Point","coordinates":[37.615049,55.75723]},"properties":{"osm_id":"node/4169790902","station_name":"Охотный ряд","access_kind":"entrance","station_osm_id":"node/267335315","entrance_ref":"4","network":"Московский метрополитен","match_rule":"stop_area_station","source":"OpenStreetMap/Overpass","source_snapshot":"2026-09-17T11:36:49Z"}},{"type":"Feature","id":"node/4176194155","geometry":{"type":"Point","coordinates":[37.617601,55.758756]},"properties":{"osm_id":"node/4176194155","station_name":"Охотный ряд","access_kind":"entrance","station_osm_id":"node/267335315","entrance_ref":"8","network":"Московский метрополитен","match_rule":"stop_area_station","source":"OpenStreetMap/Overpass","source_snapshot":"2026-09-17T11:36:49Z"}},{"type":"Feature","id":"node/4176194156","geometry":{"type":"Point","coordinates":[37.618054,55.758827]},"properties":{"osm_id":"node/4176194156","station_name":"Охотный ряд","access_kind":"entrance","station_osm_id":"node/267335315","entrance_ref":"9","network":"Московский метрополитен","match_rule":"stop_area_station","source":"OpenStreetMap/Overpass","source_snapshot":"2026-09-17T11:36:49Z"}},{"type":"Feature","id":"node/418735551","geometry":{"type":"Point","coordinates":[37.601468,55.752153]},"properties":{"osm_id":"node/418735551","station_name":"Арбатская","access_kind":"entrance","station_osm_id":"node/253043175","entrance_ref":"1","network":"Московский метрополитен","match_rule":"stop_area_station","source":"OpenStreetMap/Overpass","source_snapshot":"2026-09-17T11:36:49Z"}},{"type":"Feature","id":"node/418752268","geometry":{"type":"Point","coordinates":[37.505317,55.67636]},"properties":{"osm_id":"node/418752268","station_name":"Проспект Вернадского","access_kind":"entrance","station_osm_id":"node/349930322","entrance_ref":"3","network":"Московский метрополитен","match_rule":"stop_area_station","source":"OpenStreetMap/Overpass","source_snapshot":"2026-09-17T11:36:49Z"}},{"type":"Feature","id":"node/418752269","geometry":{"type":"Point","coordinates":[37.505672,55.676143]},"properties":{"osm_id":"node/418752269","station_name":"Проспект Вернадского","access_kind":"entrance","station_osm_id":"node/349930322","entrance_ref":"5","network":"Московский метрополитен","match_rule":"stop_area_station","source":"OpenStreetMap/Overpass","source_snapshot":"2026-09-17T11:36:49Z"}},{"type":"Feature","id":"node/418752270","geometry":{"type":"Point","coordinates":[37.50716,55.677845]},"properties":{"osm_id":"node/418752270","station_name":"Проспект Вернадского","access_kind":"entrance","station_osm_id":"node/349930322","entrance_ref":"7","network":"Московский метрополитен","match_rule":"stop_area_station","source":"OpenStreetMap/Overpass","source_snapshot":"2026-09-17T11:36:49Z"}},{"type":"Feature","id":"node/4219297683","geometry":{"type":"Point","coordinates":[37.617516,55.758823]},"properties":{"osm_id":"node/4219297683","station_name":"Охотный ряд","access_kind":"entrance","station_osm_id":"node/267335315","entrance_ref":"8","network":"Московский метрополитен","match_rule":"stop_area_station","source":"OpenStreetMap/Overpass","source_snapshot":"2026-09-17T11:36:49Z"}},{"type":"Feature","id":"node/4221671575","geometry":{"type":"Point","coordinates":[37.532854,55.74804]},"properties":{"osm_id":"node/4221671575","station_name":"Москва-Сити","access_kind":"entrance","station_osm_id":"node/255856078","entrance_ref":"4","network":"Московский метрополитен","match_rule":"stop_area_station","source":"OpenStreetMap/Overpass","source_snapshot":"2026-09-17T11:36:49Z"}},{"type":"Feature","id":"node/4221671578","geometry":{"type":"Point","coordinates":[37.533335,55.748704]},"properties":{"osm_id":"node/4221671578","station_name":"Москва-Сити","access_kind":"entrance","station_osm_id":"node/255856078","entrance_ref":"2","network":"Московский метрополитен","match_rule":"stop_area_station","source":"OpenStreetMap/Overpass","source_snapshot":"2026-09-17T11:36:49Z"}},{"type":"Feature","id":"node/424996398","geometry":{"type":"Point","coordinates":[37.663197,55.868419]},"properties":{"osm_id":"node/424996398","station_name":"Бабушкинская","access_kind":"entrance","station_osm_id":"node/60660469","entrance_ref":"5","network":"Московский метрополитен","match_rule":"stop_area_station","source":"OpenStreetMap/Overpass","source_snapshot":"2026-09-17T11:36:49Z"}},{"type":"Feature","id":"node/424996409","geometry":{"type":"Point","coordinates":[37.665287,55.870623]},"properties":{"osm_id":"node/424996409","station_name":"Бабушкинская","access_kind":"entrance","station_osm_id":"node/60660469","entrance_ref":"3","network":"Московский метрополитен","match_rule":"stop_area_station","source":"OpenStreetMap/Overpass","source_snapshot":"2026-09-17T11:36:49Z"}},{"type":"Feature","id":"node/4257832834","geometry":{"type":"Point","coordinates":[37.560882,55.857101]},"properties":{"osm_id":"node/4257832834","station_name":"Верхние Лихоборы","access_kind":"entrance","station_osm_id":"node/5482407019","entrance_ref":"3","network":"Московский метрополитен","match_rule":"stop_area_station","source":"OpenStreetMap/Overpass","source_snapshot":"2026-09-17T11:36:49Z"}},{"type":"Feature","id":"node/4257832867","geometry":{"type":"Point","coordinates":[37.560675,55.857493]},"properties":{"osm_id":"node/4257832867","station_name":"Верхние Лихоборы","access_kind":"entrance","station_osm_id":"node/5482407019","entrance_ref":"3","network":"Московский метрополитен","match_rule":"stop_area_station","source":"OpenStreetMap/Overpass","source_snapshot":"2026-09-17T11:36:49Z"}},{"type":"Feature","id":"node/4257833001","geometry":{"type":"Point","coordinates":[37.560015,55.85773]},"properties":{"osm_id":"node/4257833001","station_name":"Верхние Лихоборы","access_kind":"entrance","station_osm_id":"node/5482407019","entrance_ref":"2","network":"Московский метрополитен","match_rule":"stop_area_station","source":"OpenStreetMap/Overpass","source_snapshot":"2026-09-17T11:36:49Z"}},{"type":"Feature","id":"node/4260086558","geometry":{"type":"Point","coordinates":[37.765259,55.633448]},"properties":{"osm_id":"node/4260086558","station_name":"Алма-Атинская","access_kind":"entrance","station_osm_id":"node/2080924763","entrance_ref":"1","network":"Московский метрополитен","match_rule":"stop_area_station","source":"OpenStreetMap/Overpass","source_snapshot":"2026-09-17T11:36:49Z"}},{"type":"Feature","id":"node/4269714317","geometry":{"type":"Point","coordinates":[37.533571,55.747886]},"properties":{"osm_id":"node/4269714317","station_name":"Москва-Сити","access_kind":"entrance","station_osm_id":"node/255856078","entrance_ref":"3","network":"Московский метрополитен","match_rule":"stop_area_station","source":"OpenStreetMap/Overpass","source_snapshot":"2026-09-17T11:36:49Z"}},{"type":"Feature","id":"node/4288225363","geometry":{"type":"Point","coordinates":[37.737548,55.7461]},"properties":{"osm_id":"node/4288225363","station_name":"Андроновка","access_kind":"entrance","station_osm_id":"relation/6604096","entrance_ref":"1","network":"МЦК","match_rule":"stop_area_relation","source":"OpenStreetMap/Overpass","source_snapshot":"2026-09-17T11:36:49Z"}},{"type":"Feature","id":"node/429477793","geometry":{"type":"Point","coordinates":[37.716715,55.610213]},"properties":{"osm_id":"node/429477793","station_name":"Домодедовская","access_kind":"entrance","station_osm_id":"node/305486163","entrance_ref":"9","network":"Московский метрополитен","match_rule":"stop_area_station","source":"OpenStreetMap/Overpass","source_snapshot":"2026-09-17T11:36:49Z"}},{"type":"Feature","id":"node/429477837","geometry":{"type":"Point","coordinates":[37.716498,55.610611]},"properties":{"osm_id":"node/429477837","station_name":"Домодедовская","access_kind":"entrance","station_osm_id":"node/305486163","entrance_ref":"8","network":"Московский метрополитен","match_rule":"stop_area_station","source":"OpenStreetMap/Overpass","source_snapshot":"2026-09-17T11:36:49Z"}},{"type":"Feature","id":"node/429477940","geometry":{"type":"Point","coordinates":[37.716347,55.610892]},"properties":{"osm_id":"node/429477940","station_name":"Домодедовская","access_kind":"entrance","station_osm_id":"node/305486163","entrance_ref":"7","network":"Московский метрополитен","match_rule":"stop_area_station","source":"OpenStreetMap/Overpass","source_snapshot":"2026-09-17T11:36:49Z"}},{"type":"Feature","id":"node/429478076","geometry":{"type":"Point","coordinates":[37.717586,55.609926]},"properties":{"osm_id":"node/429478076","station_name":"Домодедовская","access_kind":"entrance","station_osm_id":"node/305486163","entrance_ref":"11","network":"Московский метрополитен","match_rule":"stop_area_station","source":"OpenStreetMap/Overpass","source_snapshot":"2026-09-17T11:36:49Z"}},{"type":"Feature","id":"node/429478635","geometry":{"type":"Point","coordinates":[37.720892,55.611564]},"properties":{"osm_id":"node/429478635","station_name":"Домодедовская","access_kind":"entrance","station_osm_id":"node/305486163","entrance_ref":"1","network":"Московский метрополитен","match_rule":"stop_area_station","source":"OpenStreetMap/Overpass","source_snapshot":"2026-09-17T11:36:49Z"}},{"type":"Feature","id":"node/4307317330","geometry":{"type":"Point","coordinates":[37.65608,55.63697]},"properties":{"osm_id":"node/4307317330","station_name":"Кантемировская","access_kind":"entrance","station_osm_id":"node/308993566","entrance_ref":"6","network":"Московский метрополитен","match_rule":"stop_area_station","source":"OpenStreetMap/Overpass","source_snapshot":"2026-09-17T11:36:49Z"}},{"type":"Feature","id":"node/433350908","geometry":{"type":"Point","coordinates":[37.60412,55.862234]},"properties":{"osm_id":"node/433350908","station_name":"Отрадное","access_kind":"entrance","station_osm_id":"node/296957241","entrance_ref":"6","network":"Московский метрополитен","match_rule":"stop_area_station","source":"OpenStreetMap/Overpass","source_snapshot":"2026-09-17T11:36:49Z"}},{"type":"Feature","id":"node/433350910","geometry":{"type":"Point","coordinates":[37.606064,55.864219]},"properties":{"osm_id":"node/433350910","station_name":"Отрадное","access_kind":"entrance","station_osm_id":"node/296957241","entrance_ref":"3","network":"Московский метрополитен","match_rule":"stop_area_station","source":"OpenStreetMap/Overpass","source_snapshot":"2026-09-17T11:36:49Z"}},{"type":"Feature","id":"node/4352916511","geometry":{"type":"Point","coordinates":[37.633619,55.779716]},"properties":{"osm_id":"node/4352916511","station_name":"Проспект Мира","access_kind":"entrance","station_osm_id":"node/293799708","entrance_ref":"1","network":"Московский метрополитен","match_rule":"stop_area_station","source":"OpenStreetMap/Overpass","source_snapshot":"2026-09-17T11:36:49Z"}},{"type":"Feature","id":"node/4380562370","geometry":{"type":"Point","coordinates":[37.603706,55.812344]},"properties":{"osm_id":"node/4380562370","station_name":"Бутырская","access_kind":"entrance","station_osm_id":"node/4847996860","entrance_ref":"3","network":"Московский метрополитен","match_rule":"stop_area_station","source":"OpenStreetMap/Overpass","source_snapshot":"2026-09-17T11:36:49Z"}},{"type":"Feature","id":"node/4380562373","geometry":{"type":"Point","coordinates":[37.601815,55.81412]},"properties":{"osm_id":"node/4380562373","station_name":"Бутырская","access_kind":"entrance","station_osm_id":"node/4847996860","entrance_ref":"1","network":"Московский метрополитен","match_rule":"stop_area_station","source":"OpenStreetMap/Overpass","source_snapshot":"2026-09-17T11:36:49Z"}},{"type":"Feature","id":"node/4395107606","geometry":{"type":"Point","coordinates":[37.639693,55.845309]},"properties":{"osm_id":"node/4395107606","station_name":"Ботанический сад","access_kind":"entrance","station_osm_id":"relation/6604128","entrance_ref":"8","network":null,"match_rule":"stop_area_relation","source":"OpenStreetMap/Overpass","source_snapshot":"2026-09-17T11:36:49Z"}},{"type":"Feature","id":"node/4396507772","geometry":{"type":"Point","coordinates":[37.727447,55.731019]},"properties":{"osm_id":"node/4396507772","station_name":"Нижегородская","access_kind":"entrance","station_osm_id":"relation/7588425","entrance_ref":"4A","network":null,"match_rule":"stop_area_relation","source":"OpenStreetMap/Overpass","source_snapshot":"2026-09-17T11:36:49Z"}},{"type":"Feature","id":"node/4397860445","geometry":{"type":"Point","coordinates":[37.701824,55.829121]},"properties":{"osm_id":"node/4397860445","station_name":"Белокаменная","access_kind":"entrance","station_osm_id":"relation/6604087","entrance_ref":"1","network":"МЦК","match_rule":"stop_area_relation","source":"OpenStreetMap/Overpass","source_snapshot":"2026-09-17T11:36:49Z"}},{"type":"Feature","id":"node/4397860476","geometry":{"type":"Point","coordinates":[37.702561,55.829785]},"properties":{"osm_id":"node/4397860476","station_name":"Белокаменная","access_kind":"entrance","station_osm_id":"relation/6604087","entrance_ref":"2","network":"МЦК","match_rule":"stop_area_relation","source":"OpenStreetMap/Overpass","source_snapshot":"2026-09-17T11:36:49Z"}},{"type":"Feature","id":"node/4399007674","geometry":{"type":"Point","coordinates":[37.668744,55.838987]},"properties":{"osm_id":"node/4399007674","station_name":"Ростокино","access_kind":"entrance","station_osm_id":"relation/6604089","entrance_ref":"2","network":"МЦК","match_rule":"stop_area_relation","source":"OpenStreetMap/Overpass","source_snapshot":"2026-09-17T11:36:49Z"}},{"type":"Feature","id":"node/4399007678","geometry":{"type":"Point","coordinates":[37.668947,55.839226]},"properties":{"osm_id":"node/4399007678","station_name":"Ростокино","access_kind":"entrance","station_osm_id":"relation/6604089","entrance_ref":"1","network":"МЦК","match_rule":"stop_area_relation","source":"OpenStreetMap/Overpass","source_snapshot":"2026-09-17T11:36:49Z"}},{"type":"Feature","id":"node/4402350498","geometry":{"type":"Point","coordinates":[37.742734,55.788466]},"properties":{"osm_id":"node/4402350498","station_name":"Измайлово","access_kind":"entrance","station_osm_id":"relation/6604088","entrance_ref":"3","network":"МЦК","match_rule":"stop_area_relation","source":"OpenStreetMap/Overpass","source_snapshot":"2026-09-17T11:36:49Z"}},{"type":"Feature","id":"node/4402724049","geometry":{"type":"Point","coordinates":[37.552663,55.848452]},"properties":{"osm_id":"node/4402724049","station_name":"Лихоборы","access_kind":"entrance","station_osm_id":"relation/6604123","entrance_ref":"3","network":"МЦК","match_rule":"stop_area_relation","source":"OpenStreetMap/Overpass","source_snapshot":"2026-09-17T11:36:49Z"}},{"type":"Feature","id":"node/4404173969","geometry":{"type":"Point","coordinates":[37.648575,55.699538]},"properties":{"osm_id":"node/4404173969","station_name":"ЗИЛ","access_kind":"entrance","station_osm_id":"relation/7588437","entrance_ref":"2","network":null,"match_rule":"stop_area_relation","source":"OpenStreetMap/Overpass","source_snapshot":"2026-09-17T11:36:49Z"}},{"type":"Feature","id":"node/4404895618","geometry":{"type":"Point","coordinates":[37.58887,55.821886]},"properties":{"osm_id":"node/4404895618","station_name":"Фонвизинская","access_kind":"entrance","station_osm_id":"node/4404057364","entrance_ref":"4","network":"Московский метрополитен","match_rule":"stop_area_station","source":"OpenStreetMap/Overpass","source_snapshot":"2026-09-17T11:36:49Z"}},{"type":"Feature","id":"node/4404968676","geometry":{"type":"Point","coordinates":[37.58911,55.822325]},"properties":{"osm_id":"node/4404968676","station_name":"Фонвизинская","access_kind":"entrance","station_osm_id":"node/4404057364","entrance_ref":"3","network":"Московский метрополитен","match_rule":"stop_area_station","source":"OpenStreetMap/Overpass","source_snapshot":"2026-09-17T11:36:49Z"}},{"type":"Feature","id":"node/4406178171","geometry":{"type":"Point","coordinates":[37.507175,55.776857]},"properties":{"osm_id":"node/4406178171","station_name":"Хорошёво","access_kind":"entrance","station_osm_id":"relation/7588514","entrance_ref":"1","network":null,"match_rule":"stop_area_relation","source":"OpenStreetMap/Overpass","source_snapshot":"2026-09-17T11:36:49Z"}},{"type":"Feature","id":"node/4407191155","geometry":{"type":"Point","coordinates":[37.586565,55.707046]},"properties":{"osm_id":"node/4407191155","station_name":"Площадь Гагарина","access_kind":"entrance","station_osm_id":"relation/6604100","entrance_ref":"3","network":"МЦК","match_rule":"stop_area_relation","source":"OpenStreetMap/Overpass","source_snapshot":"2026-09-17T11:36:49Z"}},{"type":"Feature","id":"node/4407497637","geometry":{"type":"Point","coordinates":[37.737544,55.815729]},"properties":{"osm_id":"node/4407497637","station_name":"Бульвар Рокоссовского","access_kind":"entrance","station_osm_id":"relation/7627043","entrance_ref":"1","network":null,"match_rule":"stop_area_relation","source":"OpenStreetMap/Overpass","source_snapshot":"2026-09-17T11:36:49Z"}},{"type":"Feature","id":"node/4409542911","geometry":{"type":"Point","coordinates":[37.495194,55.824541]},"properties":{"osm_id":"node/4409542911","station_name":"Балтийская","access_kind":"entrance","station_osm_id":"relation/6604119","entrance_ref":"1","network":"МЦК","match_rule":"stop_area_relation","source":"OpenStreetMap/Overpass","source_snapshot":"2026-09-17T11:36:49Z"}},{"type":"Feature","id":"node/4413198529","geometry":{"type":"Point","coordinates":[37.746188,55.788446]},"properties":{"osm_id":"node/4413198529","station_name":"Измайлово","access_kind":"entrance","station_osm_id":"relation/6604088","entrance_ref":"1","network":"МЦК","match_rule":"stop_area_relation","source":"OpenStreetMap/Overpass","source_snapshot":"2026-09-17T11:36:49Z"}},{"type":"Feature","id":"node/4416889219","geometry":{"type":"Point","coordinates":[37.745009,55.802749]},"properties":{"osm_id":"node/4416889219","station_name":"Локомотив","access_kind":"entrance","station_osm_id":"relation/7588357","entrance_ref":"1","network":null,"match_rule":"stop_area_relation","source":"OpenStreetMap/Overpass","source_snapshot":"2026-09-17T11:36:49Z"}},{"type":"Feature","id":"node/4416889231","geometry":{"type":"Point","coordinates":[37.745647,55.803145]},"properties":{"osm_id":"node/4416889231","station_name":"Локомотив","access_kind":"entrance","station_osm_id":"relation/7588357","entrance_ref":"2","network":null,"match_rule":"stop_area_relation","source":"OpenStreetMap/Overpass","source_snapshot":"2026-09-17T11:36:49Z"}},{"type":"Feature","id":"node/4423519119","geometry":{"type":"Point","coordinates":[37.561033,55.720921]},"properties":{"osm_id":"node/4423519119","station_name":"Лужники","access_kind":"entrance","station_osm_id":"relation/6604099","entrance_ref":"1","network":"МЦК","match_rule":"stop_area_relation","source":"OpenStreetMap/Overpass","source_snapshot":"2026-09-17T11:36:49Z"}},{"type":"Feature","id":"node/4447700219","geometry":{"type":"Point","coordinates":[37.436951,55.859529]},"properties":{"osm_id":"node/4447700219","station_name":"Планерная","access_kind":"entrance","station_osm_id":"node/296959502","entrance_ref":"2","network":"Московский метрополитен","match_rule":"stop_area_station","source":"OpenStreetMap/Overpass","source_snapshot":"2026-09-17T11:36:49Z"}},{"type":"Feature","id":"node/4455470079","geometry":{"type":"Point","coordinates":[37.572569,55.833247]},"properties":{"osm_id":"node/4455470079","station_name":"Петровско-Разумовская","access_kind":"entrance","station_osm_id":"node/5202080141","entrance_ref":"4","network":"Московский метрополитен","match_rule":"stop_area_station","source":"OpenStreetMap/Overpass","source_snapshot":"2026-09-17T11:36:49Z"}},{"type":"Feature","id":"node/4455470080","geometry":{"type":"Point","coordinates":[37.573384,55.833253]},"properties":{"osm_id":"node/4455470080","station_name":"Петровско-Разумовская","access_kind":"entrance","station_osm_id":"node/5202080141","entrance_ref":"2","network":"Московский метрополитен","match_rule":"stop_area_station","source":"OpenStreetMap/Overpass","source_snapshot":"2026-09-17T11:36:49Z"}},{"type":"Feature","id":"node/4455470081","geometry":{"type":"Point","coordinates":[37.572526,55.833711]},"properties":{"osm_id":"node/4455470081","station_name":"Петровско-Разумовская","access_kind":"entrance","station_osm_id":"node/5202080141","entrance_ref":"5","network":"Московский метрополитен","match_rule":"stop_area_station","source":"OpenStreetMap/Overpass","source_snapshot":"2026-09-17T11:36:49Z"}},{"type":"Feature","id":"node/4455470082","geometry":{"type":"Point","coordinates":[37.573341,55.833718]},"properties":{"osm_id":"node/4455470082","station_name":"Петровско-Разумовская","access_kind":"entrance","station_osm_id":"node/5202080141","entrance_ref":"3","network":"Московский метрополитен","match_rule":"stop_area_station","source":"OpenStreetMap/Overpass","source_snapshot":"2026-09-17T11:36:49Z"}},{"type":"Feature","id":"node/4475861591","geometry":{"type":"Point","coordinates":[37.522635,55.839721]},"properties":{"osm_id":"node/4475861591","station_name":"Коптево","access_kind":"entrance","station_osm_id":"relation/6604122","entrance_ref":"2","network":"МЦК","match_rule":"stop_area_relation","source":"OpenStreetMap/Overpass","source_snapshot":"2026-09-17T11:36:49Z"}},{"type":"Feature","id":"node/4475861595","geometry":{"type":"Point","coordinates":[37.520806,55.840902]},"properties":{"osm_id":"node/4475861595","station_name":"Коптево","access_kind":"entrance","station_osm_id":"relation/6604122","entrance_ref":"1","network":"МЦК","match_rule":"stop_area_relation","source":"OpenStreetMap/Overpass","source_snapshot":"2026-09-17T11:36:49Z"}},{"type":"Feature","id":"node/4478898358","geometry":{"type":"Point","coordinates":[37.498393,55.797211]},"properties":{"osm_id":"node/4478898358","station_name":"Панфиловская","access_kind":"entrance","station_osm_id":"relation/7588512","entrance_ref":"1","network":null,"match_rule":"stop_area_relation","source":"OpenStreetMap/Overpass","source_snapshot":"2026-09-17T11:36:49Z"}},{"type":"Feature","id":"node/4484709547","geometry":{"type":"Point","coordinates":[37.59092,55.848331]},"properties":{"osm_id":"node/4484709547","station_name":"Владыкино","access_kind":"entrance","station_osm_id":"relation/6604129","entrance_ref":"3","network":"МЦК","match_rule":"stop_area_relation","source":"OpenStreetMap/Overpass","source_snapshot":"2026-09-17T11:36:49Z"}},{"type":"Feature","id":"node/4484709548","geometry":{"type":"Point","coordinates":[37.59029,55.848334]},"properties":{"osm_id":"node/4484709548","station_name":"Владыкино","access_kind":"entrance","station_osm_id":"node/297291268","entrance_ref":"1","network":"Московский метрополитен","match_rule":"stop_area_station","source":"OpenStreetMap/Overpass","source_snapshot":"2026-09-17T11:36:49Z"}},{"type":"Feature","id":"node/4484709549","geometry":{"type":"Point","coordinates":[37.50248,55.788999]},"properties":{"osm_id":"node/4484709549","station_name":"Зорге","access_kind":"entrance","station_osm_id":"relation/6604111","entrance_ref":"1","network":"МЦК","match_rule":"stop_area_relation","source":"OpenStreetMap/Overpass","source_snapshot":"2026-09-17T11:36:49Z"}},{"type":"Feature","id":"node/4487685301","geometry":{"type":"Point","coordinates":[37.534093,55.739605]},"properties":{"osm_id":"node/4487685301","station_name":"Кутузовская","access_kind":"entrance","station_osm_id":"relation/6604098","entrance_ref":"2","network":"МЦК","match_rule":"stop_area_relation","source":"OpenStreetMap/Overpass","source_snapshot":"2026-09-17T11:36:49Z"}},{"type":"Feature","id":"node/4488251083","geometry":{"type":"Point","coordinates":[37.675836,55.713022]},"properties":{"osm_id":"node/4488251083","station_name":"Дубровка","access_kind":"entrance","station_osm_id":"relation/7588434","entrance_ref":"1","network":null,"match_rule":"stop_area_relation","source":"OpenStreetMap/Overpass","source_snapshot":"2026-09-17T11:36:49Z"}},{"type":"Feature","id":"node/4496945410","geometry":{"type":"Point","coordinates":[37.424522,55.621881]},"properties":{"osm_id":"node/4496945410","station_name":"Саларьево","access_kind":"entrance","station_osm_id":"node/4006225428","entrance_ref":"1","network":"Московский метрополитен","match_rule":"stop_area_station","source":"OpenStreetMap/Overpass","source_snapshot":"2026-09-17T11:36:49Z"}},{"type":"Feature","id":"node/4501509397","geometry":{"type":"Point","coordinates":[37.572984,55.848444]},"properties":{"osm_id":"node/4501509397","station_name":"Окружная","access_kind":"entrance","station_osm_id":"relation/6604124","entrance_ref":"11","network":"МЦК","match_rule":"stop_area_relation","source":"OpenStreetMap/Overpass","source_snapshot":"2026-09-17T11:36:49Z"}},{"type":"Feature","id":"node/4531964436","geometry":{"type":"Point","coordinates":[37.762856,55.677104]},"properties":{"osm_id":"node/4531964436","station_name":"Люблино","access_kind":"entrance","station_osm_id":"node/296949285","entrance_ref":"5","network":"Московский метрополитен","match_rule":"stop_area_station","source":"OpenStreetMap/Overpass","source_snapshot":"2026-09-17T11:36:49Z"}},{"type":"Feature","id":"node/4531964437","geometry":{"type":"Point","coordinates":[37.761721,55.676719]},"properties":{"osm_id":"node/4531964437","station_name":"Люблино","access_kind":"entrance","station_osm_id":"node/296949285","entrance_ref":"2","network":"Московский метрополитен","match_rule":"stop_area_station","source":"OpenStreetMap/Overpass","source_snapshot":"2026-09-17T11:36:49Z"}},{"type":"Feature","id":"node/4531967011","geometry":{"type":"Point","coordinates":[37.762187,55.677154]},"properties":{"osm_id":"node/4531967011","station_name":"Люблино","access_kind":"entrance","station_osm_id":"node/296949285","entrance_ref":"4","network":"Московский метрополитен","match_rule":"stop_area_station","source":"OpenStreetMap/Overpass","source_snapshot":"2026-09-17T11:36:49Z"}},{"type":"Feature","id":"node/4531967012","geometry":{"type":"Point","coordinates":[37.761822,55.677042]},"properties":{"osm_id":"node/4531967012","station_name":"Люблино","access_kind":"entrance","station_osm_id":"node/296949285","entrance_ref":"3","network":"Московский метрополитен","match_rule":"stop_area_station","source":"OpenStreetMap/Overpass","source_snapshot":"2026-09-17T11:36:49Z"}},{"type":"Feature","id":"node/4589052430","geometry":{"type":"Point","coordinates":[37.664691,55.693747]},"properties":{"osm_id":"node/4589052430","station_name":"Технопарк","access_kind":"entrance","station_osm_id":"node/292148161","entrance_ref":"5","network":"Московский метрополитен","match_rule":"stop_area_station","source":"OpenStreetMap/Overpass","source_snapshot":"2026-09-17T11:36:49Z"}},{"type":"Feature","id":"node/4589052431","geometry":{"type":"Point","coordinates":[37.664147,55.693731]},"properties":{"osm_id":"node/4589052431","station_name":"Технопарк","access_kind":"entrance","station_osm_id":"node/292148161","entrance_ref":"1","network":"Московский метрополитен","match_rule":"stop_area_station","source":"OpenStreetMap/Overpass","source_snapshot":"2026-09-17T11:36:49Z"}},{"type":"Feature","id":"node/4590709857","geometry":{"type":"Point","coordinates":[37.576222,55.836612]},"properties":{"osm_id":"node/4590709857","station_name":"Петровско-Разумовская","access_kind":"entrance","station_osm_id":"node/5202080142","entrance_ref":"1","network":"Московский метрополитен","match_rule":"stop_area_station","source":"OpenStreetMap/Overpass","source_snapshot":"2026-09-17T11:36:49Z"}},{"type":"Feature","id":"node/4590724271","geometry":{"type":"Point","coordinates":[37.585859,55.823775]},"properties":{"osm_id":"node/4590724271","station_name":"Фонвизинская","access_kind":"entrance","station_osm_id":"node/4404057364","entrance_ref":"1","network":"Московский метрополитен","match_rule":"stop_area_station","source":"OpenStreetMap/Overpass","source_snapshot":"2026-09-17T11:36:49Z"}},{"type":"Feature","id":"node/4590724273","geometry":{"type":"Point","coordinates":[37.586533,55.823948]},"properties":{"osm_id":"node/4590724273","station_name":"Фонвизинская","access_kind":"entrance","station_osm_id":"node/4404057364","entrance_ref":"2","network":"Московский метрополитен","match_rule":"stop_area_station","source":"OpenStreetMap/Overpass","source_snapshot":"2026-09-17T11:36:49Z"}},{"type":"Feature","id":"node/4600807024","geometry":{"type":"Point","coordinates":[37.676696,55.711538]},"properties":{"osm_id":"node/4600807024","station_name":"Дубровка","access_kind":"entrance","station_osm_id":"relation/7588434","entrance_ref":"3","network":null,"match_rule":"stop_area_relation","source":"OpenStreetMap/Overpass","source_snapshot":"2026-09-17T11:36:49Z"}},{"type":"Feature","id":"node/461075148","geometry":{"type":"Point","coordinates":[37.445664,55.730525]},"properties":{"osm_id":"node/461075148","station_name":"Кунцевская","access_kind":"entrance","station_osm_id":"node/5176248502","entrance_ref":"2","network":"Московский метрополитен","match_rule":"stop_area_station","source":"OpenStreetMap/Overpass","source_snapshot":"2026-09-17T11:36:49Z"}},{"type":"Feature","id":"node/461075174","geometry":{"type":"Point","coordinates":[37.44652,55.730689]},"properties":{"osm_id":"node/461075174","station_name":"Кунцевская","access_kind":"entrance","station_osm_id":"node/5176248502","entrance_ref":"1","network":"Московский метрополитен","match_rule":"stop_area_station","source":"OpenStreetMap/Overpass","source_snapshot":"2026-09-17T11:36:49Z"}},{"type":"Feature","id":"node/462114617","geometry":{"type":"Point","coordinates":[37.635414,55.791539]},"properties":{"osm_id":"node/462114617","station_name":"Рижская","access_kind":"entrance","station_osm_id":"node/10702624108","entrance_ref":"4","network":"Московский метрополитен","match_rule":"stop_area_station","source":"OpenStreetMap/Overpass","source_snapshot":"2026-09-17T11:36:49Z"}},{"type":"Feature","id":"node/462114642","geometry":{"type":"Point","coordinates":[37.633042,55.792412]},"properties":{"osm_id":"node/462114642","station_name":"Рижская","access_kind":"entrance","station_osm_id":"node/10702624108","entrance_ref":"8","network":"Московский метрополитен","match_rule":"stop_area_station","source":"OpenStreetMap/Overpass","source_snapshot":"2026-09-17T11:36:49Z"}},{"type":"Feature","id":"node/4639613692","geometry":{"type":"Point","coordinates":[37.515405,55.737122]},"properties":{"osm_id":"node/4639613692","station_name":"Парк Победы","access_kind":"entrance","station_osm_id":"node/2950850833","entrance_ref":"6","network":"Московский метрополитен","match_rule":"stop_area_station","source":"OpenStreetMap/Overpass","source_snapshot":"2026-09-17T11:36:49Z"}},{"type":"Feature","id":"node/4675779756","geometry":{"type":"Point","coordinates":[37.639708,55.845879]},"properties":{"osm_id":"node/4675779756","station_name":"Ботанический сад","access_kind":"entrance","station_osm_id":"relation/6604128","entrance_ref":"7","network":null,"match_rule":"stop_area_relation","source":"OpenStreetMap/Overpass","source_snapshot":"2026-09-17T11:36:49Z"}},{"type":"Feature","id":"node/4692184419","geometry":{"type":"Point","coordinates":[37.51457,55.706793]},"properties":{"osm_id":"node/4692184419","station_name":"Ломоносовский проспект","access_kind":"entrance","station_osm_id":"node/4737155709","entrance_ref":"4","network":"Московский метрополитен","match_rule":"stop_area_station","source":"OpenStreetMap/Overpass","source_snapshot":"2026-09-17T11:36:49Z"}},{"type":"Feature","id":"node/4692184420","geometry":{"type":"Point","coordinates":[37.515281,55.706313]},"properties":{"osm_id":"node/4692184420","station_name":"Ломоносовский проспект","access_kind":"entrance","station_osm_id":"node/4737155709","entrance_ref":"1","network":"Московский метрополитен","match_rule":"stop_area_station","source":"OpenStreetMap/Overpass","source_snapshot":"2026-09-17T11:36:49Z"}},{"type":"Feature","id":"node/4692184422","geometry":{"type":"Point","coordinates":[37.517285,55.707287]},"properties":{"osm_id":"node/4692184422","station_name":"Ломоносовский проспект","access_kind":"entrance","station_osm_id":"node/4737155709","entrance_ref":"6","network":"Московский метрополитен","match_rule":"stop_area_station","source":"OpenStreetMap/Overpass","source_snapshot":"2026-09-17T11:36:49Z"}},{"type":"Feature","id":"node/4692184441","geometry":{"type":"Point","coordinates":[37.513384,55.705383]},"properties":{"osm_id":"node/4692184441","station_name":"Ломоносовский проспект","access_kind":"entrance","station_osm_id":"node/4737155709","entrance_ref":"2","network":"Московский метрополитен","match_rule":"stop_area_station","source":"OpenStreetMap/Overpass","source_snapshot":"2026-09-17T11:36:49Z"}},{"type":"Feature","id":"node/4692184442","geometry":{"type":"Point","coordinates":[37.512529,55.705864]},"properties":{"osm_id":"node/4692184442","station_name":"Ломоносовский проспект","access_kind":"entrance","station_osm_id":"node/4737155709","entrance_ref":"3","network":"Московский метрополитен","match_rule":"stop_area_station","source":"OpenStreetMap/Overpass","source_snapshot":"2026-09-17T11:36:49Z"}},{"type":"Feature","id":"node/4692184608","geometry":{"type":"Point","coordinates":[37.518071,55.707611]},"properties":{"osm_id":"node/4692184608","station_name":"Ломоносовский проспект","access_kind":"entrance","station_osm_id":"node/4737155709","entrance_ref":"5","network":"Московский метрополитен","match_rule":"stop_area_station","source":"OpenStreetMap/Overpass","source_snapshot":"2026-09-17T11:36:49Z"}},{"type":"Feature","id":"node/4693453148","geometry":{"type":"Point","coordinates":[37.497612,55.723427]},"properties":{"osm_id":"node/4693453148","station_name":"Минская","access_kind":"entrance","station_osm_id":"node/4737155708","entrance_ref":"2","network":"Московский метрополитен","match_rule":"stop_area_station","source":"OpenStreetMap/Overpass","source_snapshot":"2026-09-17T11:36:49Z"}},{"type":"Feature","id":"node/4693453149","geometry":{"type":"Point","coordinates":[37.498184,55.723585]},"properties":{"osm_id":"node/4693453149","station_name":"Минская","access_kind":"entrance","station_osm_id":"node/4737155708","entrance_ref":"1","network":"Московский метрополитен","match_rule":"stop_area_station","source":"OpenStreetMap/Overpass","source_snapshot":"2026-09-17T11:36:49Z"}},{"type":"Feature","id":"node/4701774622","geometry":{"type":"Point","coordinates":[37.450704,55.67162]},"properties":{"osm_id":"node/4701774622","station_name":"Озёрная","access_kind":"entrance","station_osm_id":"node/5868122985","entrance_ref":"4","network":"Московский метрополитен","match_rule":"stop_area_station","source":"OpenStreetMap/Overpass","source_snapshot":"2026-09-17T11:36:49Z"}},{"type":"Feature","id":"node/4701774625","geometry":{"type":"Point","coordinates":[37.450142,55.671382]},"properties":{"osm_id":"node/4701774625","station_name":"Озёрная","access_kind":"entrance","station_osm_id":"node/5868122985","entrance_ref":"3","network":"Московский метрополитен","match_rule":"stop_area_station","source":"OpenStreetMap/Overpass","source_snapshot":"2026-09-17T11:36:49Z"}},{"type":"Feature","id":"node/4710678369","geometry":{"type":"Point","coordinates":[37.4993,55.698513]},"properties":{"osm_id":"node/4710678369","station_name":"Раменки","access_kind":"entrance","station_osm_id":"node/4737155710","entrance_ref":"5","network":"Московский метрополитен","match_rule":"stop_area_station","source":"OpenStreetMap/Overpass","source_snapshot":"2026-09-17T11:36:49Z"}},{"type":"Feature","id":"node/4710678373","geometry":{"type":"Point","coordinates":[37.49998,55.698891]},"properties":{"osm_id":"node/4710678373","station_name":"Раменки","access_kind":"entrance","station_osm_id":"node/4737155710","entrance_ref":"6","network":"Московский метрополитен","match_rule":"stop_area_station","source":"OpenStreetMap/Overpass","source_snapshot":"2026-09-17T11:36:49Z"}},{"type":"Feature","id":"node/4710678378","geometry":{"type":"Point","coordinates":[37.500811,55.698414]},"properties":{"osm_id":"node/4710678378","station_name":"Раменки","access_kind":"entrance","station_osm_id":"node/4737155710","entrance_ref":"7","network":"Московский метрополитен","match_rule":"stop_area_station","source":"OpenStreetMap/Overpass","source_snapshot":"2026-09-17T11:36:49Z"}},{"type":"Feature","id":"node/4710684020","geometry":{"type":"Point","coordinates":[37.497012,55.696331]},"properties":{"osm_id":"node/4710684020","station_name":"Раменки","access_kind":"entrance","station_osm_id":"node/4737155710","entrance_ref":"2","network":"Московский метрополитен","match_rule":"stop_area_station","source":"OpenStreetMap/Overpass","source_snapshot":"2026-09-17T11:36:49Z"}},{"type":"Feature","id":"node/4710684025","geometry":{"type":"Point","coordinates":[37.497996,55.696881]},"properties":{"osm_id":"node/4710684025","station_name":"Раменки","access_kind":"entrance","station_osm_id":"node/4737155710","entrance_ref":"1","network":"Московский метрополитен","match_rule":"stop_area_station","source":"OpenStreetMap/Overpass","source_snapshot":"2026-09-17T11:36:49Z"}},{"type":"Feature","id":"node/4710684036","geometry":{"type":"Point","coordinates":[37.49615,55.696756]},"properties":{"osm_id":"node/4710684036","station_name":"Раменки","access_kind":"entrance","station_osm_id":"node/4737155710","entrance_ref":"3","network":"Московский метрополитен","match_rule":"stop_area_station","source":"OpenStreetMap/Overpass","source_snapshot":"2026-09-17T11:36:49Z"}},{"type":"Feature","id":"node/4710684043","geometry":{"type":"Point","coordinates":[37.496829,55.697135]},"properties":{"osm_id":"node/4710684043","station_name":"Раменки","access_kind":"entrance","station_osm_id":"node/4737155710","entrance_ref":"4","network":"Московский метрополитен","match_rule":"stop_area_station","source":"OpenStreetMap/Overpass","source_snapshot":"2026-09-17T11:36:49Z"}},{"type":"Feature","id":"node/4724929302","geometry":{"type":"Point","coordinates":[37.486064,55.812212]},"properties":{"osm_id":"node/4724929302","station_name":"Стрешнево","access_kind":"entrance","station_osm_id":"relation/6604118","entrance_ref":"1","network":"МЦК","match_rule":"stop_area_relation","source":"OpenStreetMap/Overpass","source_snapshot":"2026-09-17T11:36:49Z"}},{"type":"Feature","id":"node/4728494074","geometry":{"type":"Point","coordinates":[37.493867,55.825607]},"properties":{"osm_id":"node/4728494074","station_name":"Балтийская","access_kind":"entrance","station_osm_id":"relation/6604119","entrance_ref":"2","network":"МЦК","match_rule":"stop_area_relation","source":"OpenStreetMap/Overpass","source_snapshot":"2026-09-17T11:36:49Z"}},{"type":"Feature","id":"node/474383287","geometry":{"type":"Point","coordinates":[37.625861,55.726826]},"properties":{"osm_id":"node/474383287","station_name":"Серпуховская","access_kind":"entrance","station_osm_id":"node/296953130","entrance_ref":"2","network":"Московский метрополитен","match_rule":"stop_area_station","source":"OpenStreetMap/Overpass","source_snapshot":"2026-09-17T11:36:49Z"}},{"type":"Feature","id":"node/4751899550","geometry":{"type":"Point","coordinates":[37.582199,55.777507]},"properties":{"osm_id":"node/4751899550","station_name":"Белорусская","access_kind":"entrance","station_osm_id":"node/1157975976","entrance_ref":"4","network":"Московский метрополитен","match_rule":"stop_area_station","source":"OpenStreetMap/Overpass","source_snapshot":"2026-09-17T11:36:49Z"}},{"type":"Feature","id":"node/4755593176","geometry":{"type":"Point","coordinates":[37.556234,55.548521]},"properties":{"osm_id":"node/4755593176","station_name":"Улица Скобелевская","access_kind":"entrance","station_osm_id":"node/296932663","entrance_ref":"2","network":"Московский метрополитен","match_rule":"stop_area_station","source":"OpenStreetMap/Overpass","source_snapshot":"2026-09-17T11:36:49Z"}},{"type":"Feature","id":"node/4755593177","geometry":{"type":"Point","coordinates":[37.556098,55.54854]},"properties":{"osm_id":"node/4755593177","station_name":"Улица Скобелевская","access_kind":"entrance","station_osm_id":"node/296932663","entrance_ref":"2","network":"Московский метрополитен","match_rule":"stop_area_station","source":"OpenStreetMap/Overpass","source_snapshot":"2026-09-17T11:36:49Z"}},{"type":"Feature","id":"node/475573591","geometry":{"type":"Point","coordinates":[37.728809,55.70857]},"properties":{"osm_id":"node/475573591","station_name":"Текстильщики","access_kind":"entrance","station_osm_id":"node/253016893","entrance_ref":"6","network":"Московский метрополитен","match_rule":"stop_area_station","source":"OpenStreetMap/Overpass","source_snapshot":"2026-09-17T11:36:49Z"}},{"type":"Feature","id":"node/475573595","geometry":{"type":"Point","coordinates":[37.728443,55.692371]},"properties":{"osm_id":"node/475573595","station_name":"Печатники","access_kind":"entrance","station_osm_id":"node/296949278","entrance_ref":"6","network":"Московский метрополитен","match_rule":"stop_area_station","source":"OpenStreetMap/Overpass","source_snapshot":"2026-09-17T11:36:49Z"}},{"type":"Feature","id":"node/4774408913","geometry":{"type":"Point","coordinates":[37.572841,55.848834]},"properties":{"osm_id":"node/4774408913","station_name":"Окружная","access_kind":"entrance","station_osm_id":"relation/6604124","entrance_ref":"10","network":"МЦК","match_rule":"stop_area_relation","source":"OpenStreetMap/Overpass","source_snapshot":"2026-09-17T11:36:49Z"}},{"type":"Feature","id":"node/4776570201","geometry":{"type":"Point","coordinates":[37.466771,55.735953]},"properties":{"osm_id":"node/4776570201","station_name":"Пионерская","access_kind":"entrance","station_osm_id":"node/244036856","entrance_ref":"1","network":"Московский метрополитен","match_rule":"stop_area_station","source":"OpenStreetMap/Overpass","source_snapshot":"2026-09-17T11:36:49Z"}},{"type":"Feature","id":"node/4776570204","geometry":{"type":"Point","coordinates":[37.4668,55.735901]},"properties":{"osm_id":"node/4776570204","station_name":"Пионерская","access_kind":"entrance","station_osm_id":"node/244036856","entrance_ref":"1","network":"Московский метрополитен","match_rule":"stop_area_station","source":"OpenStreetMap/Overpass","source_snapshot":"2026-09-17T11:36:49Z"}},{"type":"Feature","id":"node/4776570210","geometry":{"type":"Point","coordinates":[37.467509,55.736025]},"properties":{"osm_id":"node/4776570210","station_name":"Пионерская","access_kind":"entrance","station_osm_id":"node/244036856","entrance_ref":"2","network":"Московский метрополитен","match_rule":"stop_area_station","source":"OpenStreetMap/Overpass","source_snapshot":"2026-09-17T11:36:49Z"}},{"type":"Feature","id":"node/4776570213","geometry":{"type":"Point","coordinates":[37.467482,55.736074]},"properties":{"osm_id":"node/4776570213","station_name":"Пионерская","access_kind":"entrance","station_osm_id":"node/244036856","entrance_ref":"2","network":"Московский метрополитен","match_rule":"stop_area_station","source":"OpenStreetMap/Overpass","source_snapshot":"2026-09-17T11:36:49Z"}},{"type":"Feature","id":"node/4821481205","geometry":{"type":"Point","coordinates":[37.445644,55.730574]},"properties":{"osm_id":"node/4821481205","station_name":"Кунцевская","access_kind":"entrance","station_osm_id":"node/5176248502","entrance_ref":"2","network":"Московский метрополитен","match_rule":"stop_area_station","source":"OpenStreetMap/Overpass","source_snapshot":"2026-09-17T11:36:49Z"}},{"type":"Feature","id":"node/4821481206","geometry":{"type":"Point","coordinates":[37.445509,55.730669]},"properties":{"osm_id":"node/4821481206","station_name":"Кунцевская","access_kind":"entrance","station_osm_id":"node/10852613371","entrance_ref":"2","network":"Московский метрополитен","match_rule":"stop_area_station","source":"OpenStreetMap/Overpass","source_snapshot":"2026-09-17T11:36:49Z"}},{"type":"Feature","id":"node/4821481207","geometry":{"type":"Point","coordinates":[37.446538,55.730646]},"properties":{"osm_id":"node/4821481207","station_name":"Кунцевская","access_kind":"entrance","station_osm_id":"node/5176248502","entrance_ref":"1","network":"Московский метрополитен","match_rule":"stop_area_station","source":"OpenStreetMap/Overpass","source_snapshot":"2026-09-17T11:36:49Z"}},{"type":"Feature","id":"node/4821481208","geometry":{"type":"Point","coordinates":[37.446456,55.73084]},"properties":{"osm_id":"node/4821481208","station_name":"Кунцевская","access_kind":"entrance","station_osm_id":"node/10852613371","entrance_ref":"1","network":"Московский метрополитен","match_rule":"stop_area_station","source":"OpenStreetMap/Overpass","source_snapshot":"2026-09-17T11:36:49Z"}},{"type":"Feature","id":"node/4840730276","geometry":{"type":"Point","coordinates":[37.798309,55.809762]},"properties":{"osm_id":"node/4840730276","station_name":"Щёлковская","access_kind":"entrance","station_osm_id":"node/2692905506","entrance_ref":"1","network":"Московский метрополитен","match_rule":"stop_area_station","source":"OpenStreetMap/Overpass","source_snapshot":"2026-09-17T11:36:49Z"}},{"type":"Feature","id":"node/4842700928","geometry":{"type":"Point","coordinates":[37.745115,55.802827]},"properties":{"osm_id":"node/4842700928","station_name":"Черкизовская","access_kind":"entrance","station_osm_id":"node/265949956","entrance_ref":"1","network":"Московский метрополитен","match_rule":"stop_area_station","source":"OpenStreetMap/Overpass","source_snapshot":"2026-09-17T11:36:49Z"}},{"type":"Feature","id":"node/4926701312","geometry":{"type":"Point","coordinates":[37.598698,55.650965]},"properties":{"osm_id":"node/4926701312","station_name":"Севастопольская","access_kind":"entrance","station_osm_id":"node/296953135","entrance_ref":"2","network":"Московский метрополитен","match_rule":"stop_area_station","source":"OpenStreetMap/Overpass","source_snapshot":"2026-09-17T11:36:49Z"}},{"type":"Feature","id":"node/4926701313","geometry":{"type":"Point","coordinates":[37.59871,55.651282]},"properties":{"osm_id":"node/4926701313","station_name":"Севастопольская","access_kind":"entrance","station_osm_id":"node/296953135","entrance_ref":"1","network":"Московский метрополитен","match_rule":"stop_area_station","source":"OpenStreetMap/Overpass","source_snapshot":"2026-09-17T11:36:49Z"}},{"type":"Feature","id":"node/4926701316","geometry":{"type":"Point","coordinates":[37.598177,55.651745]},"properties":{"osm_id":"node/4926701316","station_name":"Севастопольская","access_kind":"entrance","station_osm_id":"node/296953135","entrance_ref":"4","network":"Московский метрополитен","match_rule":"stop_area_station","source":"OpenStreetMap/Overpass","source_snapshot":"2026-09-17T11:36:49Z"}},{"type":"Feature","id":"node/4926701317","geometry":{"type":"Point","coordinates":[37.598182,55.651423]},"properties":{"osm_id":"node/4926701317","station_name":"Севастопольская","access_kind":"entrance","station_osm_id":"node/296953135","entrance_ref":"3","network":"Московский метрополитен","match_rule":"stop_area_station","source":"OpenStreetMap/Overpass","source_snapshot":"2026-09-17T11:36:49Z"}},{"type":"Feature","id":"node/4926701432","geometry":{"type":"Point","coordinates":[37.618081,55.65311]},"properties":{"osm_id":"node/4926701432","station_name":"Варшавская","access_kind":"entrance","station_osm_id":"node/10702113003","entrance_ref":"1","network":"Московский метрополитен","match_rule":"stop_area_station","source":"OpenStreetMap/Overpass","source_snapshot":"2026-09-17T11:36:49Z"}},{"type":"Feature","id":"node/4926701434","geometry":{"type":"Point","coordinates":[37.618088,55.65356]},"properties":{"osm_id":"node/4926701434","station_name":"Варшавская","access_kind":"entrance","station_osm_id":"node/10702113003","entrance_ref":"2","network":"Московский метрополитен","match_rule":"stop_area_station","source":"OpenStreetMap/Overpass","source_snapshot":"2026-09-17T11:36:49Z"}},{"type":"Feature","id":"node/4929271013","geometry":{"type":"Point","coordinates":[37.748532,55.758679]},"properties":{"osm_id":"node/4929271013","station_name":"Шоссе Энтузиастов","access_kind":"entrance","station_osm_id":"relation/6604102","entrance_ref":"1","network":"МЦК","match_rule":"stop_area_relation","source":"OpenStreetMap/Overpass","source_snapshot":"2026-09-17T11:36:49Z"}},{"type":"Feature","id":"node/4929274611","geometry":{"type":"Point","coordinates":[37.743333,55.788451]},"properties":{"osm_id":"node/4929274611","station_name":"Измайлово","access_kind":"entrance","station_osm_id":"relation/6604088","entrance_ref":"2","network":"МЦК","match_rule":"stop_area_relation","source":"OpenStreetMap/Overpass","source_snapshot":"2026-09-17T11:36:49Z"}},{"type":"Feature","id":"node/493080397","geometry":{"type":"Point","coordinates":[37.635975,55.792634]},"properties":{"osm_id":"node/493080397","station_name":"Рижская","access_kind":"entrance","station_osm_id":"node/10702624108","entrance_ref":"1","network":"Московский метрополитен","match_rule":"stop_area_station","source":"OpenStreetMap/Overpass","source_snapshot":"2026-09-17T11:36:49Z"}},{"type":"Feature","id":"node/4932587236","geometry":{"type":"Point","coordinates":[37.718108,55.724198]},"properties":{"osm_id":"node/4932587236","station_name":"Новохохловская","access_kind":"entrance","station_osm_id":"relation/7588426","entrance_ref":"2","network":null,"match_rule":"stop_area_relation","source":"OpenStreetMap/Overpass","source_snapshot":"2026-09-17T11:36:49Z"}},{"type":"Feature","id":"node/4932587237","geometry":{"type":"Point","coordinates":[37.717788,55.724515]},"properties":{"osm_id":"node/4932587237","station_name":"Новохохловская","access_kind":"entrance","station_osm_id":"relation/7588426","entrance_ref":"1","network":null,"match_rule":"stop_area_relation","source":"OpenStreetMap/Overpass","source_snapshot":"2026-09-17T11:36:49Z"}},{"type":"Feature","id":"node/4933663392","geometry":{"type":"Point","coordinates":[37.604859,55.690305]},"properties":{"osm_id":"node/4933663392","station_name":"Крымская","access_kind":"entrance","station_osm_id":"relation/7588495","entrance_ref":"5","network":null,"match_rule":"stop_area_relation","source":"OpenStreetMap/Overpass","source_snapshot":"2026-09-17T11:36:49Z"}},{"type":"Feature","id":"node/4933663394","geometry":{"type":"Point","coordinates":[37.606291,55.689982]},"properties":{"osm_id":"node/4933663394","station_name":"Крымская","access_kind":"entrance","station_osm_id":"relation/7588495","entrance_ref":"4","network":null,"match_rule":"stop_area_relation","source":"OpenStreetMap/Overpass","source_snapshot":"2026-09-17T11:36:49Z"}},{"type":"Feature","id":"node/4933663395","geometry":{"type":"Point","coordinates":[37.606569,55.689951]},"properties":{"osm_id":"node/4933663395","station_name":"Крымская","access_kind":"entrance","station_osm_id":"relation/7588495","entrance_ref":"3","network":null,"match_rule":"stop_area_relation","source":"OpenStreetMap/Overpass","source_snapshot":"2026-09-17T11:36:49Z"}},{"type":"Feature","id":"node/4933885896","geometry":{"type":"Point","coordinates":[37.666032,55.779985]},"properties":{"osm_id":"node/4933885896","station_name":"Красносельская","access_kind":"entrance","station_osm_id":"node/267335089","entrance_ref":"1","network":"Московский метрополитен","match_rule":"stop_area_station","source":"OpenStreetMap/Overpass","source_snapshot":"2026-09-17T11:36:49Z"}},{"type":"Feature","id":"node/4954194833","geometry":{"type":"Point","coordinates":[37.468782,55.729036]},"properties":{"osm_id":"node/4954194833","station_name":"Славянский бульвар","access_kind":"entrance","station_osm_id":"node/253780238","entrance_ref":"1","network":"Московский метрополитен","match_rule":"stop_area_station","source":"OpenStreetMap/Overpass","source_snapshot":"2026-09-17T11:36:49Z"}},{"type":"Feature","id":"node/4987071210","geometry":{"type":"Point","coordinates":[37.799399,55.809961]},"properties":{"osm_id":"node/4987071210","station_name":"Щёлковская","access_kind":"entrance","station_osm_id":"node/2692905506","entrance_ref":"4","network":"Московский метрополитен","match_rule":"stop_area_station","source":"OpenStreetMap/Overpass","source_snapshot":"2026-09-17T11:36:49Z"}},{"type":"Feature","id":"node/5006861704","geometry":{"type":"Point","coordinates":[37.73657,55.746439]},"properties":{"osm_id":"node/5006861704","station_name":"Андроновка","access_kind":"entrance","station_osm_id":"relation/6604096","entrance_ref":"2","network":"МЦК","match_rule":"stop_area_relation","source":"OpenStreetMap/Overpass","source_snapshot":"2026-09-17T11:36:49Z"}},{"type":"Feature","id":"node/5041152233","geometry":{"type":"Point","coordinates":[37.817505,55.71638]},"properties":{"osm_id":"node/5041152233","station_name":"Выхино","access_kind":"entrance","station_osm_id":"node/253016895","entrance_ref":"4","network":"Московский метрополитен","match_rule":"stop_area_station","source":"OpenStreetMap/Overpass","source_snapshot":"2026-09-17T11:36:49Z"}},{"type":"Feature","id":"node/5041152234","geometry":{"type":"Point","coordinates":[37.817874,55.716268]},"properties":{"osm_id":"node/5041152234","station_name":"Выхино","access_kind":"entrance","station_osm_id":"node/253016895","entrance_ref":"5","network":"Московский метрополитен","match_rule":"stop_area_station","source":"OpenStreetMap/Overpass","source_snapshot":"2026-09-17T11:36:49Z"}},{"type":"Feature","id":"node/5041152235","geometry":{"type":"Point","coordinates":[37.81906,55.715819]},"properties":{"osm_id":"node/5041152235","station_name":"Выхино","access_kind":"entrance","station_osm_id":"node/253016895","entrance_ref":"1","network":"Московский метрополитен","match_rule":"stop_area_station","source":"OpenStreetMap/Overpass","source_snapshot":"2026-09-17T11:36:49Z"}},{"type":"Feature","id":"node/5041152236","geometry":{"type":"Point","coordinates":[37.548698,55.773288]},"properties":{"osm_id":"node/5041152236","station_name":"Беговая","access_kind":"entrance","station_osm_id":"node/296959508","entrance_ref":"5","network":"Московский метрополитен","match_rule":"stop_area_station","source":"OpenStreetMap/Overpass","source_snapshot":"2026-09-17T11:36:49Z"}},{"type":"Feature","id":"node/5045412422","geometry":{"type":"Point","coordinates":[37.798807,55.810732]},"properties":{"osm_id":"node/5045412422","station_name":"Щёлковская","access_kind":"entrance","station_osm_id":"node/2692905506","entrance_ref":"3","network":"Московский метрополитен","match_rule":"stop_area_station","source":"OpenStreetMap/Overpass","source_snapshot":"2026-09-17T11:36:49Z"}},{"type":"Feature","id":"node/5048415322","geometry":{"type":"Point","coordinates":[37.533471,55.740175]},"properties":{"osm_id":"node/5048415322","station_name":"Кутузовская","access_kind":"entrance","station_osm_id":"relation/6604098","entrance_ref":"3","network":"МЦК","match_rule":"stop_area_relation","source":"OpenStreetMap/Overpass","source_snapshot":"2026-09-17T11:36:49Z"}},{"type":"Feature","id":"node/5057017033","geometry":{"type":"Point","coordinates":[37.679893,55.789308]},"properties":{"osm_id":"node/5057017033","station_name":"Сокольники","access_kind":"entrance","station_osm_id":"node/267334996","entrance_ref":"2","network":"Московский метрополитен","match_rule":"stop_area_station","source":"OpenStreetMap/Overpass","source_snapshot":"2026-09-17T11:36:49Z"}},{"type":"Feature","id":"node/5057017034","geometry":{"type":"Point","coordinates":[37.744573,55.804759]},"properties":{"osm_id":"node/5057017034","station_name":"Черкизовская","access_kind":"entrance","station_osm_id":"node/265949956","entrance_ref":"4","network":"Московский метрополитен","match_rule":"stop_area_station","source":"OpenStreetMap/Overpass","source_snapshot":"2026-09-17T11:36:49Z"}},{"type":"Feature","id":"node/5057143395","geometry":{"type":"Point","coordinates":[37.744257,55.619944]},"properties":{"osm_id":"node/5057143395","station_name":"Шипиловская","access_kind":"entrance","station_osm_id":"node/1527999934","entrance_ref":"2","network":"Московский метрополитен","match_rule":"stop_area_station","source":"OpenStreetMap/Overpass","source_snapshot":"2026-09-17T11:36:49Z"}},{"type":"Feature","id":"node/5057143396","geometry":{"type":"Point","coordinates":[37.685375,55.706176]},"properties":{"osm_id":"node/5057143396","station_name":"Кожуховская","access_kind":"entrance","station_osm_id":"node/296949274","entrance_ref":"2","network":"Московский метрополитен","match_rule":"stop_area_station","source":"OpenStreetMap/Overpass","source_snapshot":"2026-09-17T11:36:49Z"}},{"type":"Feature","id":"node/5058850922","geometry":{"type":"Point","coordinates":[37.585721,55.707191]},"properties":{"osm_id":"node/5058850922","station_name":"Площадь Гагарина","access_kind":"entrance","station_osm_id":"relation/6604100","entrance_ref":"4","network":"МЦК","match_rule":"stop_area_relation","source":"OpenStreetMap/Overpass","source_snapshot":"2026-09-17T11:36:49Z"}},{"type":"Feature","id":"node/5086370295","geometry":{"type":"Point","coordinates":[37.513845,55.746798]},"properties":{"osm_id":"node/5086370295","station_name":"Фили","access_kind":"entrance","station_osm_id":"node/241158327","entrance_ref":"1","network":"Московский метрополитен","match_rule":"stop_area_station","source":"OpenStreetMap/Overpass","source_snapshot":"2026-09-17T11:36:49Z"}},{"type":"Feature","id":"node/5086370296","geometry":{"type":"Point","coordinates":[37.51412,55.746903]},"properties":{"osm_id":"node/5086370296","station_name":"Фили","access_kind":"entrance","station_osm_id":"node/241158327","entrance_ref":"2","network":"Московский метрополитен","match_rule":"stop_area_station","source":"OpenStreetMap/Overpass","source_snapshot":"2026-09-17T11:36:49Z"}},{"type":"Feature","id":"node/5102516749","geometry":{"type":"Point","coordinates":[37.465886,55.808026]},"properties":{"osm_id":"node/5102516749","station_name":"Щукинская","access_kind":"entrance","station_osm_id":"node/296959505","entrance_ref":"3","network":"Московский метрополитен","match_rule":"stop_area_station","source":"OpenStreetMap/Overpass","source_snapshot":"2026-09-17T11:36:49Z"}},{"type":"Feature","id":"node/5104873975","geometry":{"type":"Point","coordinates":[37.488133,55.812676]},"properties":{"osm_id":"node/5104873975","station_name":"Стрешнево","access_kind":"entrance","station_osm_id":"relation/6604118","entrance_ref":"2","network":"МЦК","match_rule":"stop_area_relation","source":"OpenStreetMap/Overpass","source_snapshot":"2026-09-17T11:36:49Z"}},{"type":"Feature","id":"node/5140467404","geometry":{"type":"Point","coordinates":[37.798265,55.810711]},"properties":{"osm_id":"node/5140467404","station_name":"Щёлковская","access_kind":"entrance","station_osm_id":"node/2692905506","entrance_ref":"2","network":"Московский метрополитен","match_rule":"stop_area_station","source":"OpenStreetMap/Overpass","source_snapshot":"2026-09-17T11:36:49Z"}},{"type":"Feature","id":"node/5175195830","geometry":{"type":"Point","coordinates":[37.436212,55.861772]},"properties":{"osm_id":"node/5175195830","station_name":"Планерная","access_kind":"entrance","station_osm_id":"node/296959502","entrance_ref":"1","network":"Московский метрополитен","match_rule":"stop_area_station","source":"OpenStreetMap/Overpass","source_snapshot":"2026-09-17T11:36:49Z"}},{"type":"Feature","id":"node/5181712727","geometry":{"type":"Point","coordinates":[37.622846,55.728938]},"properties":{"osm_id":"node/5181712727","station_name":"Добрынинская","access_kind":"entrance","station_osm_id":"node/294024698","entrance_ref":"1","network":"Московский метрополитен","match_rule":"stop_area_station","source":"OpenStreetMap/Overpass","source_snapshot":"2026-09-17T11:36:49Z"}},{"type":"Feature","id":"node/5189639084","geometry":{"type":"Point","coordinates":[37.589849,55.846328]},"properties":{"osm_id":"node/5189639084","station_name":"Владыкино","access_kind":"entrance","station_osm_id":"relation/6604129","entrance_ref":"4","network":"МЦК","match_rule":"stop_area_relation","source":"OpenStreetMap/Overpass","source_snapshot":"2026-09-17T11:36:49Z"}},{"type":"Feature","id":"node/5250046967","geometry":{"type":"Point","coordinates":[37.7654,55.633494]},"properties":{"osm_id":"node/5250046967","station_name":"Алма-Атинская","access_kind":"entrance","station_osm_id":"node/2080924763","entrance_ref":"1","network":"Московский метрополитен","match_rule":"stop_area_station","source":"OpenStreetMap/Overpass","source_snapshot":"2026-09-17T11:36:49Z"}},{"type":"Feature","id":"node/5250046970","geometry":{"type":"Point","coordinates":[37.766818,55.632171]},"properties":{"osm_id":"node/5250046970","station_name":"Алма-Атинская","access_kind":"entrance","station_osm_id":"node/2080924763","entrance_ref":"2","network":"Московский метрополитен","match_rule":"stop_area_station","source":"OpenStreetMap/Overpass","source_snapshot":"2026-09-17T11:36:49Z"}},{"type":"Feature","id":"node/5255904281","geometry":{"type":"Point","coordinates":[37.433946,55.817312]},"properties":{"osm_id":"node/5255904281","station_name":"Спартак","access_kind":"entrance","station_osm_id":"node/5202107560","entrance_ref":null,"network":"Московский метрополитен","match_rule":"stop_area_station","source":"OpenStreetMap/Overpass","source_snapshot":"2026-09-17T11:36:49Z"}},{"type":"Feature","id":"node/526557518","geometry":{"type":"Point","coordinates":[37.663397,55.868802]},"properties":{"osm_id":"node/526557518","station_name":"Бабушкинская","access_kind":"entrance","station_osm_id":"node/60660469","entrance_ref":"6","network":"Московский метрополитен","match_rule":"stop_area_station","source":"OpenStreetMap/Overpass","source_snapshot":"2026-09-17T11:36:49Z"}},{"type":"Feature","id":"node/526557574","geometry":{"type":"Point","coordinates":[37.664365,55.870754]},"properties":{"osm_id":"node/526557574","station_name":"Бабушкинская","access_kind":"entrance","station_osm_id":"node/60660469","entrance_ref":"2","network":"Московский метрополитен","match_rule":"stop_area_station","source":"OpenStreetMap/Overpass","source_snapshot":"2026-09-17T11:36:49Z"}},{"type":"Feature","id":"node/528559468","geometry":{"type":"Point","coordinates":[37.71776,55.750944]},"properties":{"osm_id":"node/528559468","station_name":"Авиамоторная","access_kind":"entrance","station_osm_id":"node/276191013","entrance_ref":"8","network":"Московский метрополитен","match_rule":"stop_area_station","source":"OpenStreetMap/Overpass","source_snapshot":"2026-09-17T11:36:49Z"}},{"type":"Feature","id":"node/529126001","geometry":{"type":"Point","coordinates":[37.653872,55.856168]},"properties":{"osm_id":"node/529126001","station_name":"Свиблово","access_kind":"entrance","station_osm_id":"node/268521588","entrance_ref":"1","network":"Московский метрополитен","match_rule":"stop_area_station","source":"OpenStreetMap/Overpass","source_snapshot":"2026-09-17T11:36:49Z"}},{"type":"Feature","id":"node/5298948929","geometry":{"type":"Point","coordinates":[37.481506,55.877565]},"properties":{"osm_id":"node/5298948929","station_name":"Ховрино","access_kind":"entrance","station_osm_id":"node/5308689093","entrance_ref":"4","network":"Московский метрополитен","match_rule":"stop_area_station","source":"OpenStreetMap/Overpass","source_snapshot":"2026-09-17T11:36:49Z"}},{"type":"Feature","id":"node/5298948932","geometry":{"type":"Point","coordinates":[37.482356,55.877375]},"properties":{"osm_id":"node/5298948932","station_name":"Ховрино","access_kind":"entrance","station_osm_id":"node/5308689093","entrance_ref":"5","network":"Московский метрополитен","match_rule":"stop_area_station","source":"OpenStreetMap/Overpass","source_snapshot":"2026-09-17T11:36:49Z"}},{"type":"Feature","id":"node/5301938107","geometry":{"type":"Point","coordinates":[37.676636,55.712067]},"properties":{"osm_id":"node/5301938107","station_name":"Дубровка","access_kind":"entrance","station_osm_id":"relation/7588434","entrance_ref":"2","network":null,"match_rule":"stop_area_relation","source":"OpenStreetMap/Overpass","source_snapshot":"2026-09-17T11:36:49Z"}},{"type":"Feature","id":"node/5310099930","geometry":{"type":"Point","coordinates":[37.531967,55.785683]},"properties":{"osm_id":"node/5310099930","station_name":"ЦСКА","access_kind":"entrance","station_osm_id":"node/5436420781","entrance_ref":"2","network":"Московский метрополитен","match_rule":"stop_area_station","source":"OpenStreetMap/Overpass","source_snapshot":"2026-09-17T11:36:49Z"}},{"type":"Feature","id":"node/5310796591","geometry":{"type":"Point","coordinates":[37.532889,55.747904]},"properties":{"osm_id":"node/5310796591","station_name":"Москва-Сити","access_kind":"entrance","station_osm_id":"node/255856078","entrance_ref":"5","network":"Московский метрополитен","match_rule":"nearest_station","source":"OpenStreetMap/Overpass","source_snapshot":"2026-09-17T11:36:49Z"}},{"type":"Feature","id":"node/5310796593","geometry":{"type":"Point","coordinates":[37.531781,55.747809]},"properties":{"osm_id":"node/5310796593","station_name":"Москва-Сити","access_kind":"entrance","station_osm_id":"node/255856078","entrance_ref":"6","network":"Московский метрополитен","match_rule":"nearest_station","source":"OpenStreetMap/Overpass","source_snapshot":"2026-09-17T11:36:49Z"}},{"type":"Feature","id":"node/5310802485","geometry":{"type":"Point","coordinates":[37.52595,55.756579]},"properties":{"osm_id":"node/5310802485","station_name":"Шелепиха","access_kind":"entrance","station_osm_id":"node/5436430994","entrance_ref":"3","network":"Московский метрополитен","match_rule":"stop_area_station","source":"OpenStreetMap/Overpass","source_snapshot":"2026-09-17T11:36:49Z"}},{"type":"Feature","id":"node/5310803711","geometry":{"type":"Point","coordinates":[37.505281,55.78932]},"properties":{"osm_id":"node/5310803711","station_name":"Зорге","access_kind":"entrance","station_osm_id":"relation/6604111","entrance_ref":null,"network":"МЦК","match_rule":"stop_area_relation","source":"OpenStreetMap/Overpass","source_snapshot":"2026-09-17T11:36:49Z"}},{"type":"Feature","id":"node/5310940723","geometry":{"type":"Point","coordinates":[37.656299,55.7762]},"properties":{"osm_id":"node/5310940723","station_name":"Комсомольская","access_kind":"entrance","station_osm_id":"node/267335088","entrance_ref":"2","network":"Московский метрополитен","match_rule":"stop_area_station","source":"OpenStreetMap/Overpass","source_snapshot":"2026-09-17T11:36:49Z"}},{"type":"Feature","id":"node/5310943972","geometry":{"type":"Point","coordinates":[37.625496,55.759886]},"properties":{"osm_id":"node/5310943972","station_name":"Лубянка","access_kind":"entrance","station_osm_id":"node/267335316","entrance_ref":"11","network":"Московский метрополитен","match_rule":"stop_area_station","source":"OpenStreetMap/Overpass","source_snapshot":"2026-09-17T11:36:49Z"}},{"type":"Feature","id":"node/5311000678","geometry":{"type":"Point","coordinates":[37.664111,55.694009]},"properties":{"osm_id":"node/5311000678","station_name":"Технопарк","access_kind":"entrance","station_osm_id":"node/292148161","entrance_ref":"1","network":"Московский метрополитен","match_rule":"stop_area_station","source":"OpenStreetMap/Overpass","source_snapshot":"2026-09-17T11:36:49Z"}},{"type":"Feature","id":"node/5311000679","geometry":{"type":"Point","coordinates":[37.664646,55.694028]},"properties":{"osm_id":"node/5311000679","station_name":"Технопарк","access_kind":"entrance","station_osm_id":"node/292148161","entrance_ref":"5","network":"Московский метрополитен","match_rule":"stop_area_station","source":"OpenStreetMap/Overpass","source_snapshot":"2026-09-17T11:36:49Z"}},{"type":"Feature","id":"node/5311851885","geometry":{"type":"Point","coordinates":[37.639272,55.729713]},"properties":{"osm_id":"node/5311851885","station_name":"Павелецкая","access_kind":"entrance","station_osm_id":"node/292019726","entrance_ref":"3.2","network":"Московский метрополитен","match_rule":"stop_area_station","source":"OpenStreetMap/Overpass","source_snapshot":"2026-09-17T11:36:49Z"}},{"type":"Feature","id":"node/5312004266","geometry":{"type":"Point","coordinates":[37.597191,55.769468]},"properties":{"osm_id":"node/5312004266","station_name":"Маяковская","access_kind":"entrance","station_osm_id":"node/291687455","entrance_ref":"3","network":"Московский метрополитен","match_rule":"stop_area_station","source":"OpenStreetMap/Overpass","source_snapshot":"2026-09-17T11:36:49Z"}},{"type":"Feature","id":"node/5312483266","geometry":{"type":"Point","coordinates":[37.783412,55.787655]},"properties":{"osm_id":"node/5312483266","station_name":"Измайловская","access_kind":"entrance","station_osm_id":"node/2692857848","entrance_ref":"2","network":"Московский метрополитен","match_rule":"stop_area_station","source":"OpenStreetMap/Overpass","source_snapshot":"2026-09-17T11:36:49Z"}},{"type":"Feature","id":"node/5312483267","geometry":{"type":"Point","coordinates":[37.783295,55.787655]},"properties":{"osm_id":"node/5312483267","station_name":"Измайловская","access_kind":"entrance","station_osm_id":"node/2692857848","entrance_ref":"3","network":"Московский метрополитен","match_rule":"stop_area_station","source":"OpenStreetMap/Overpass","source_snapshot":"2026-09-17T11:36:49Z"}},{"type":"Feature","id":"node/5312494097","geometry":{"type":"Point","coordinates":[37.567032,55.744402]},"properties":{"osm_id":"node/5312494097","station_name":"Киевская","access_kind":"entrance","station_osm_id":"node/309745114","entrance_ref":"1","network":"Московский метрополитен","match_rule":"stop_area_station","source":"OpenStreetMap/Overpass","source_snapshot":"2026-09-17T11:36:49Z"}},{"type":"Feature","id":"node/5312494395","geometry":{"type":"Point","coordinates":[37.660185,55.758493]},"properties":{"osm_id":"node/5312494395","station_name":"Курская","access_kind":"entrance","station_osm_id":"node/5202107570","entrance_ref":"3","network":"Московский метрополитен","match_rule":"stop_area_station","source":"OpenStreetMap/Overpass","source_snapshot":"2026-09-17T11:36:49Z"}},{"type":"Feature","id":"node/5312508011","geometry":{"type":"Point","coordinates":[37.385481,55.826258]},"properties":{"osm_id":"node/5312508011","station_name":"Мякинино","access_kind":"entrance","station_osm_id":"node/5202107566","entrance_ref":"1","network":"Московский метрополитен","match_rule":"stop_area_station","source":"OpenStreetMap/Overpass","source_snapshot":"2026-09-17T11:36:49Z"}},{"type":"Feature","id":"node/5312601096","geometry":{"type":"Point","coordinates":[37.515459,55.745348]},"properties":{"osm_id":"node/5312601096","station_name":"Фили","access_kind":"entrance","station_osm_id":"node/241158327","entrance_ref":"4","network":"Московский метрополитен","match_rule":"stop_area_station","source":"OpenStreetMap/Overpass","source_snapshot":"2026-09-17T11:36:49Z"}},{"type":"Feature","id":"node/5312601100","geometry":{"type":"Point","coordinates":[37.514105,55.746733]},"properties":{"osm_id":"node/5312601100","station_name":"Фили","access_kind":"entrance","station_osm_id":"node/241158327","entrance_ref":"1-2","network":"Московский метрополитен","match_rule":"stop_area_station","source":"OpenStreetMap/Overpass","source_snapshot":"2026-09-17T11:36:49Z"}},{"type":"Feature","id":"node/5312601101","geometry":{"type":"Point","coordinates":[37.515824,55.745476]},"properties":{"osm_id":"node/5312601101","station_name":"Фили","access_kind":"entrance","station_osm_id":"node/241158327","entrance_ref":"3","network":"Московский метрополитен","match_rule":"stop_area_station","source":"OpenStreetMap/Overpass","source_snapshot":"2026-09-17T11:36:49Z"}},{"type":"Feature","id":"node/5313938587","geometry":{"type":"Point","coordinates":[37.535203,55.747691]},"properties":{"osm_id":"node/5313938587","station_name":"Деловой центр","access_kind":"entrance","station_osm_id":"node/3226428878","entrance_ref":"1","network":"Московский метрополитен","match_rule":"stop_area_station","source":"OpenStreetMap/Overpass","source_snapshot":"2026-09-17T11:36:49Z"}},{"type":"Feature","id":"node/5314027738","geometry":{"type":"Point","coordinates":[37.480657,55.879255]},"properties":{"osm_id":"node/5314027738","station_name":"Ховрино","access_kind":"entrance","station_osm_id":"node/5308689093","entrance_ref":"1","network":"Московский метрополитен","match_rule":"stop_area_station","source":"OpenStreetMap/Overpass","source_snapshot":"2026-09-17T11:36:49Z"}},{"type":"Feature","id":"node/5314027744","geometry":{"type":"Point","coordinates":[37.479897,55.878612]},"properties":{"osm_id":"node/5314027744","station_name":"Ховрино","access_kind":"entrance","station_osm_id":"node/5308689093","entrance_ref":"2","network":"Московский метрополитен","match_rule":"stop_area_station","source":"OpenStreetMap/Overpass","source_snapshot":"2026-09-17T11:36:49Z"}},{"type":"Feature","id":"node/5314027745","geometry":{"type":"Point","coordinates":[37.480215,55.878004]},"properties":{"osm_id":"node/5314027745","station_name":"Ховрино","access_kind":"entrance","station_osm_id":"node/5308689093","entrance_ref":"3","network":"Московский метрополитен","match_rule":"stop_area_station","source":"OpenStreetMap/Overpass","source_snapshot":"2026-09-17T11:36:49Z"}},{"type":"Feature","id":"node/5314562119","geometry":{"type":"Point","coordinates":[37.793929,55.717644]},"properties":{"osm_id":"node/5314562119","station_name":"Рязанский проспект","access_kind":"entrance","station_osm_id":"node/253017004","entrance_ref":"1","network":"Московский метрополитен","match_rule":"stop_area_station","source":"OpenStreetMap/Overpass","source_snapshot":"2026-09-17T11:36:49Z"}},{"type":"Feature","id":"node/5314562120","geometry":{"type":"Point","coordinates":[37.792881,55.71622]},"properties":{"osm_id":"node/5314562120","station_name":"Рязанский проспект","access_kind":"entrance","station_osm_id":"node/253017004","entrance_ref":"2","network":"Московский метрополитен","match_rule":"stop_area_station","source":"OpenStreetMap/Overpass","source_snapshot":"2026-09-17T11:36:49Z"}},{"type":"Feature","id":"node/5314597039","geometry":{"type":"Point","coordinates":[37.549055,55.773253]},"properties":{"osm_id":"node/5314597039","station_name":"Беговая","access_kind":"entrance","station_osm_id":"node/296959508","entrance_ref":"4","network":"Московский метрополитен","match_rule":"stop_area_station","source":"OpenStreetMap/Overpass","source_snapshot":"2026-09-17T11:36:49Z"}},{"type":"Feature","id":"node/5314671261","geometry":{"type":"Point","coordinates":[37.597259,55.583869]},"properties":{"osm_id":"node/5314671261","station_name":"Аннино","access_kind":"entrance","station_osm_id":"node/296953140","entrance_ref":"3","network":"Московский метрополитен","match_rule":"stop_area_station","source":"OpenStreetMap/Overpass","source_snapshot":"2026-09-17T11:36:49Z"}},{"type":"Feature","id":"node/5314702048","geometry":{"type":"Point","coordinates":[37.728203,55.692877]},"properties":{"osm_id":"node/5314702048","station_name":"Печатники","access_kind":"entrance","station_osm_id":"node/296949278","entrance_ref":"3","network":"Московский метрополитен","match_rule":"stop_area_station","source":"OpenStreetMap/Overpass","source_snapshot":"2026-09-17T11:36:49Z"}},{"type":"Feature","id":"node/5314702049","geometry":{"type":"Point","coordinates":[37.728434,55.69281]},"properties":{"osm_id":"node/5314702049","station_name":"Печатники","access_kind":"entrance","station_osm_id":"node/296949278","entrance_ref":"3","network":"Московский метрополитен","match_rule":"stop_area_station","source":"OpenStreetMap/Overpass","source_snapshot":"2026-09-17T11:36:49Z"}},{"type":"Feature","id":"node/5318216215","geometry":{"type":"Point","coordinates":[37.618084,55.690108]},"properties":{"osm_id":"node/5318216215","station_name":"Верхние Котлы","access_kind":"entrance","station_osm_id":"relation/7588493","entrance_ref":"2","network":null,"match_rule":"stop_area_relation","source":"OpenStreetMap/Overpass","source_snapshot":"2026-09-17T11:36:49Z"}},{"type":"Feature","id":"node/5318216220","geometry":{"type":"Point","coordinates":[37.61825,55.689846]},"properties":{"osm_id":"node/5318216220","station_name":"Верхние Котлы","access_kind":"entrance","station_osm_id":"relation/7588493","entrance_ref":"1","network":null,"match_rule":"stop_area_relation","source":"OpenStreetMap/Overpass","source_snapshot":"2026-09-17T11:36:49Z"}},{"type":"Feature","id":"node/5318743893","geometry":{"type":"Point","coordinates":[37.650579,55.698478]},"properties":{"osm_id":"node/5318743893","station_name":"ЗИЛ","access_kind":"entrance","station_osm_id":"relation/7588437","entrance_ref":"1","network":null,"match_rule":"stop_area_relation","source":"OpenStreetMap/Overpass","source_snapshot":"2026-09-17T11:36:49Z"}},{"type":"Feature","id":"node/5318761947","geometry":{"type":"Point","coordinates":[37.553472,55.847075]},"properties":{"osm_id":"node/5318761947","station_name":"Лихоборы","access_kind":"entrance","station_osm_id":"relation/6604123","entrance_ref":"2","network":"МЦК","match_rule":"stop_area_relation","source":"OpenStreetMap/Overpass","source_snapshot":"2026-09-17T11:36:49Z"}},{"type":"Feature","id":"node/5318761948","geometry":{"type":"Point","coordinates":[37.553675,55.846893]},"properties":{"osm_id":"node/5318761948","station_name":"Лихоборы","access_kind":"entrance","station_osm_id":"relation/6604123","entrance_ref":"1","network":"МЦК","match_rule":"stop_area_relation","source":"OpenStreetMap/Overpass","source_snapshot":"2026-09-17T11:36:49Z"}},{"type":"Feature","id":"node/5326183227","geometry":{"type":"Point","coordinates":[37.582689,55.775445]},"properties":{"osm_id":"node/5326183227","station_name":"Белорусская","access_kind":"entrance","station_osm_id":"node/1158396469","entrance_ref":"1","network":"Московский метрополитен","match_rule":"stop_area_station","source":"OpenStreetMap/Overpass","source_snapshot":"2026-09-17T11:36:49Z"}},{"type":"Feature","id":"node/5326183323","geometry":{"type":"Point","coordinates":[37.582807,55.775305]},"properties":{"osm_id":"node/5326183323","station_name":"Белорусская","access_kind":"entrance","station_osm_id":"node/1158396469","entrance_ref":"1","network":"Московский метрополитен","match_rule":"stop_area_station","source":"OpenStreetMap/Overpass","source_snapshot":"2026-09-17T11:36:49Z"}},{"type":"Feature","id":"node/5329143725","geometry":{"type":"Point","coordinates":[37.481487,55.876976]},"properties":{"osm_id":"node/5329143725","station_name":"Ховрино","access_kind":"entrance","station_osm_id":"node/5308689093","entrance_ref":"6","network":"Московский метрополитен","match_rule":"stop_area_station","source":"OpenStreetMap/Overpass","source_snapshot":"2026-09-17T11:36:49Z"}},{"type":"Feature","id":"node/5424365742","geometry":{"type":"Point","coordinates":[37.386456,55.825855]},"properties":{"osm_id":"node/5424365742","station_name":"Мякинино","access_kind":"entrance","station_osm_id":"node/5202107566","entrance_ref":"1","network":"Московский метрополитен","match_rule":"stop_area_station","source":"OpenStreetMap/Overpass","source_snapshot":"2026-09-17T11:36:49Z"}},{"type":"Feature","id":"node/5443308034","geometry":{"type":"Point","coordinates":[37.524439,55.755917]},"properties":{"osm_id":"node/5443308034","station_name":"Шелепиха","access_kind":"entrance","station_osm_id":"node/5436430994","entrance_ref":"1","network":"Московский метрополитен","match_rule":"stop_area_station","source":"OpenStreetMap/Overpass","source_snapshot":"2026-09-17T11:36:49Z"}},{"type":"Feature","id":"node/5443308045","geometry":{"type":"Point","coordinates":[37.52318,55.757675]},"properties":{"osm_id":"node/5443308045","station_name":"Шелепиха","access_kind":"entrance","station_osm_id":"node/5436430994","entrance_ref":"4","network":"Московский метрополитен","match_rule":"stop_area_station","source":"OpenStreetMap/Overpass","source_snapshot":"2026-09-17T11:36:49Z"}},{"type":"Feature","id":"node/5443317356","geometry":{"type":"Point","coordinates":[37.556057,55.790688]},"properties":{"osm_id":"node/5443317356","station_name":"Петровский парк","access_kind":"entrance","station_osm_id":"node/5436412993","entrance_ref":"3","network":"Московский метрополитен","match_rule":"stop_area_station","source":"OpenStreetMap/Overpass","source_snapshot":"2026-09-17T11:36:49Z"}},{"type":"Feature","id":"node/5443317367","geometry":{"type":"Point","coordinates":[37.55865,55.792655]},"properties":{"osm_id":"node/5443317367","station_name":"Петровский парк","access_kind":"entrance","station_osm_id":"node/5436412993","entrance_ref":"4","network":"Московский метрополитен","match_rule":"stop_area_station","source":"OpenStreetMap/Overpass","source_snapshot":"2026-09-17T11:36:49Z"}},{"type":"Feature","id":"node/5443317368","geometry":{"type":"Point","coordinates":[37.558202,55.792267]},"properties":{"osm_id":"node/5443317368","station_name":"Петровский парк","access_kind":"entrance","station_osm_id":"node/5436412993","entrance_ref":"5","network":"Московский метрополитен","match_rule":"stop_area_station","source":"OpenStreetMap/Overpass","source_snapshot":"2026-09-17T11:36:49Z"}},{"type":"Feature","id":"node/5443335290","geometry":{"type":"Point","coordinates":[37.521648,55.77706]},"properties":{"osm_id":"node/5443335290","station_name":"Хорошёвская","access_kind":"entrance","station_osm_id":"node/5436404611","entrance_ref":"8","network":"Московский метрополитен","match_rule":"stop_area_station","source":"OpenStreetMap/Overpass","source_snapshot":"2026-09-17T11:36:49Z"}},{"type":"Feature","id":"node/5463220029","geometry":{"type":"Point","coordinates":[37.499965,55.798439]},"properties":{"osm_id":"node/5463220029","station_name":"Панфиловская","access_kind":"entrance","station_osm_id":"relation/7588512","entrance_ref":"2","network":null,"match_rule":"stop_area_relation","source":"OpenStreetMap/Overpass","source_snapshot":"2026-09-17T11:36:49Z"}},{"type":"Feature","id":"node/547518735","geometry":{"type":"Point","coordinates":[37.637391,55.843892]},"properties":{"osm_id":"node/547518735","station_name":"Ботанический сад","access_kind":"entrance","station_osm_id":"node/268521591","entrance_ref":"1","network":"Московский метрополитен","match_rule":"stop_area_station","source":"OpenStreetMap/Overpass","source_snapshot":"2026-09-17T11:36:49Z"}},{"type":"Feature","id":"node/5477880040","geometry":{"type":"Point","coordinates":[37.576009,55.844007]},"properties":{"osm_id":"node/5477880040","station_name":"Окружная","access_kind":"entrance","station_osm_id":"node/5482410676","entrance_ref":"1","network":"Московский метрополитен","match_rule":"stop_area_station","source":"OpenStreetMap/Overpass","source_snapshot":"2026-09-17T11:36:49Z"}},{"type":"Feature","id":"node/5483373127","geometry":{"type":"Point","coordinates":[37.538345,55.748278]},"properties":{"osm_id":"node/5483373127","station_name":"Деловой центр","access_kind":"entrance","station_osm_id":"node/5436457732","entrance_ref":"2","network":"Московский метрополитен","match_rule":"stop_area_station","source":"OpenStreetMap/Overpass","source_snapshot":"2026-09-17T11:36:49Z"}},{"type":"Feature","id":"node/5483373130","geometry":{"type":"Point","coordinates":[37.53783,55.748526]},"properties":{"osm_id":"node/5483373130","station_name":"Деловой центр","access_kind":"entrance","station_osm_id":"node/3226428878","entrance_ref":"3","network":"Московский метрополитен","match_rule":"stop_area_station","source":"OpenStreetMap/Overpass","source_snapshot":"2026-09-17T11:36:49Z"}},{"type":"Feature","id":"node/5483373133","geometry":{"type":"Point","coordinates":[37.543473,55.748653]},"properties":{"osm_id":"node/5483373133","station_name":"Деловой центр","access_kind":"entrance","station_osm_id":"node/253045735","entrance_ref":"5","network":"Московский метрополитен","match_rule":"stop_area_station","source":"OpenStreetMap/Overpass","source_snapshot":"2026-09-17T11:36:49Z"}},{"type":"Feature","id":"node/5496563552","geometry":{"type":"Point","coordinates":[37.548163,55.865629]},"properties":{"osm_id":"node/5496563552","station_name":"Селигерская","access_kind":"entrance","station_osm_id":"node/5482245444","entrance_ref":"3","network":"Московский метрополитен","match_rule":"stop_area_station","source":"OpenStreetMap/Overpass","source_snapshot":"2026-09-17T11:36:49Z"}},{"type":"Feature","id":"node/5496563553","geometry":{"type":"Point","coordinates":[37.546072,55.867103]},"properties":{"osm_id":"node/5496563553","station_name":"Селигерская","access_kind":"entrance","station_osm_id":"node/5482245444","entrance_ref":"1","network":"Московский метрополитен","match_rule":"stop_area_station","source":"OpenStreetMap/Overpass","source_snapshot":"2026-09-17T11:36:49Z"}},{"type":"Feature","id":"node/5496563554","geometry":{"type":"Point","coordinates":[37.546009,55.867567]},"properties":{"osm_id":"node/5496563554","station_name":"Селигерская","access_kind":"entrance","station_osm_id":"node/5482245444","entrance_ref":"2","network":"Московский метрополитен","match_rule":"stop_area_station","source":"OpenStreetMap/Overpass","source_snapshot":"2026-09-17T11:36:49Z"}},{"type":"Feature","id":"node/5499614699","geometry":{"type":"Point","coordinates":[37.561252,55.854521]},"properties":{"osm_id":"node/5499614699","station_name":"Верхние Лихоборы","access_kind":"entrance","station_osm_id":"node/5482407019","entrance_ref":"4","network":"Московский метрополитен","match_rule":"stop_area_station","source":"OpenStreetMap/Overpass","source_snapshot":"2026-09-17T11:36:49Z"}},{"type":"Feature","id":"node/5533266548","geometry":{"type":"Point","coordinates":[37.546352,55.865237]},"properties":{"osm_id":"node/5533266548","station_name":"Селигерская","access_kind":"entrance","station_osm_id":"node/5482245444","entrance_ref":"4","network":"Московский метрополитен","match_rule":"stop_area_station","source":"OpenStreetMap/Overpass","source_snapshot":"2026-09-17T11:36:49Z"}},{"type":"Feature","id":"node/5533266549","geometry":{"type":"Point","coordinates":[37.54627,55.865197]},"properties":{"osm_id":"node/5533266549","station_name":"Селигерская","access_kind":"entrance","station_osm_id":"node/5482245444","entrance_ref":"4","network":"Московский метрополитен","match_rule":"stop_area_station","source":"OpenStreetMap/Overpass","source_snapshot":"2026-09-17T11:36:49Z"}},{"type":"Feature","id":"node/5579867924","geometry":{"type":"Point","coordinates":[37.381521,55.836379]},"properties":{"osm_id":"node/5579867924","station_name":"Волоколамская","access_kind":"entrance","station_osm_id":"node/5202107568","entrance_ref":"1","network":"Московский метрополитен","match_rule":"stop_area_station","source":"OpenStreetMap/Overpass","source_snapshot":"2026-09-17T11:36:49Z"}},{"type":"Feature","id":"node/5579867928","geometry":{"type":"Point","coordinates":[37.381382,55.836494]},"properties":{"osm_id":"node/5579867928","station_name":"Волоколамская","access_kind":"entrance","station_osm_id":"node/5202107568","entrance_ref":"1","network":"Московский метрополитен","match_rule":"stop_area_station","source":"OpenStreetMap/Overpass","source_snapshot":"2026-09-17T11:36:49Z"}},{"type":"Feature","id":"node/561272719","geometry":{"type":"Point","coordinates":[37.605375,55.864379]},"properties":{"osm_id":"node/561272719","station_name":"Отрадное","access_kind":"entrance","station_osm_id":"node/296957241","entrance_ref":"2","network":"Московский метрополитен","match_rule":"stop_area_station","source":"OpenStreetMap/Overpass","source_snapshot":"2026-09-17T11:36:49Z"}},{"type":"Feature","id":"node/561272720","geometry":{"type":"Point","coordinates":[37.606029,55.863963]},"properties":{"osm_id":"node/561272720","station_name":"Отрадное","access_kind":"entrance","station_osm_id":"node/296957241","entrance_ref":"4","network":"Московский метрополитен","match_rule":"stop_area_station","source":"OpenStreetMap/Overpass","source_snapshot":"2026-09-17T11:36:49Z"}},{"type":"Feature","id":"node/564262603","geometry":{"type":"Point","coordinates":[37.604438,55.862553]},"properties":{"osm_id":"node/564262603","station_name":"Отрадное","access_kind":"entrance","station_osm_id":"node/296957241","entrance_ref":"5","network":"Московский метрополитен","match_rule":"stop_area_station","source":"OpenStreetMap/Overpass","source_snapshot":"2026-09-17T11:36:49Z"}},{"type":"Feature","id":"node/564262644","geometry":{"type":"Point","coordinates":[37.603747,55.862847]},"properties":{"osm_id":"node/564262644","station_name":"Отрадное","access_kind":"entrance","station_osm_id":"node/296957241","entrance_ref":"8","network":"Московский метрополитен","match_rule":"stop_area_station","source":"OpenStreetMap/Overpass","source_snapshot":"2026-09-17T11:36:49Z"}},{"type":"Feature","id":"node/5674413042","geometry":{"type":"Point","coordinates":[37.353895,55.638571]},"properties":{"osm_id":"node/5674413042","station_name":"Новопеределкино","access_kind":"entrance","station_osm_id":"node/5868122986","entrance_ref":"1","network":"Московский метрополитен","match_rule":"stop_area_station","source":"OpenStreetMap/Overpass","source_snapshot":"2026-09-17T11:36:49Z"}},{"type":"Feature","id":"node/5674413047","geometry":{"type":"Point","coordinates":[37.35337,55.638814]},"properties":{"osm_id":"node/5674413047","station_name":"Новопеределкино","access_kind":"entrance","station_osm_id":"node/5868122986","entrance_ref":"2","network":"Московский метрополитен","match_rule":"stop_area_station","source":"OpenStreetMap/Overpass","source_snapshot":"2026-09-17T11:36:49Z"}},{"type":"Feature","id":"node/581018423","geometry":{"type":"Point","coordinates":[37.525207,55.641605]},"properties":{"osm_id":"node/581018423","station_name":"Беляево","access_kind":"entrance","station_osm_id":"node/282416839","entrance_ref":"2","network":"Московский метрополитен","match_rule":"stop_area_station","source":"OpenStreetMap/Overpass","source_snapshot":"2026-09-17T11:36:49Z"}},{"type":"Feature","id":"node/581018424","geometry":{"type":"Point","coordinates":[37.525878,55.641444]},"properties":{"osm_id":"node/581018424","station_name":"Беляево","access_kind":"entrance","station_osm_id":"node/282416839","entrance_ref":"4","network":"Московский метрополитен","match_rule":"stop_area_station","source":"OpenStreetMap/Overpass","source_snapshot":"2026-09-17T11:36:49Z"}},{"type":"Feature","id":"node/581018425","geometry":{"type":"Point","coordinates":[37.526069,55.641726]},"properties":{"osm_id":"node/581018425","station_name":"Беляево","access_kind":"entrance","station_osm_id":"node/282416839","entrance_ref":"3","network":"Московский метрополитен","match_rule":"stop_area_station","source":"OpenStreetMap/Overpass","source_snapshot":"2026-09-17T11:36:49Z"}},{"type":"Feature","id":"node/581018431","geometry":{"type":"Point","coordinates":[37.525399,55.641886]},"properties":{"osm_id":"node/581018431","station_name":"Беляево","access_kind":"entrance","station_osm_id":"node/282416839","entrance_ref":"1","network":"Московский метрополитен","match_rule":"stop_area_station","source":"OpenStreetMap/Overpass","source_snapshot":"2026-09-17T11:36:49Z"}},{"type":"Feature","id":"node/581040515","geometry":{"type":"Point","coordinates":[37.505534,55.620108]},"properties":{"osm_id":"node/581040515","station_name":"Тёплый Стан","access_kind":"entrance","station_osm_id":"node/259785706","entrance_ref":"9","network":"Московский метрополитен","match_rule":"stop_area_station","source":"OpenStreetMap/Overpass","source_snapshot":"2026-09-17T11:36:49Z"}},{"type":"Feature","id":"node/581040517","geometry":{"type":"Point","coordinates":[37.506394,55.619786]},"properties":{"osm_id":"node/581040517","station_name":"Тёплый Стан","access_kind":"entrance","station_osm_id":"node/259785706","entrance_ref":"7","network":"Московский метрополитен","match_rule":"stop_area_station","source":"OpenStreetMap/Overpass","source_snapshot":"2026-09-17T11:36:49Z"}},{"type":"Feature","id":"node/581040518","geometry":{"type":"Point","coordinates":[37.506026,55.61947]},"properties":{"osm_id":"node/581040518","station_name":"Тёплый Стан","access_kind":"entrance","station_osm_id":"node/259785706","entrance_ref":"6","network":"Московский метрополитен","match_rule":"stop_area_station","source":"OpenStreetMap/Overpass","source_snapshot":"2026-09-17T11:36:49Z"}},{"type":"Feature","id":"node/581040529","geometry":{"type":"Point","coordinates":[37.507324,55.619567]},"properties":{"osm_id":"node/581040529","station_name":"Тёплый Стан","access_kind":"entrance","station_osm_id":"node/259785706","entrance_ref":"5","network":"Московский метрополитен","match_rule":"stop_area_station","source":"OpenStreetMap/Overpass","source_snapshot":"2026-09-17T11:36:49Z"}},{"type":"Feature","id":"node/581040571","geometry":{"type":"Point","coordinates":[37.505173,55.619789]},"properties":{"osm_id":"node/581040571","station_name":"Тёплый Стан","access_kind":"entrance","station_osm_id":"node/259785706","entrance_ref":"8","network":"Московский метрополитен","match_rule":"stop_area_station","source":"OpenStreetMap/Overpass","source_snapshot":"2026-09-17T11:36:49Z"}},{"type":"Feature","id":"node/582568373","geometry":{"type":"Point","coordinates":[37.508724,55.617575]},"properties":{"osm_id":"node/582568373","station_name":"Тёплый Стан","access_kind":"entrance","station_osm_id":"node/259785706","entrance_ref":"1","network":"Московский метрополитен","match_rule":"stop_area_station","source":"OpenStreetMap/Overpass","source_snapshot":"2026-09-17T11:36:49Z"}},{"type":"Feature","id":"node/582568379","geometry":{"type":"Point","coordinates":[37.508233,55.617748]},"properties":{"osm_id":"node/582568379","station_name":"Тёплый Стан","access_kind":"entrance","station_osm_id":"node/259785706","entrance_ref":"2","network":"Московский метрополитен","match_rule":"stop_area_station","source":"OpenStreetMap/Overpass","source_snapshot":"2026-09-17T11:36:49Z"}},{"type":"Feature","id":"node/582568387","geometry":{"type":"Point","coordinates":[37.508432,55.617268]},"properties":{"osm_id":"node/582568387","station_name":"Тёплый Стан","access_kind":"entrance","station_osm_id":"node/259785706","entrance_ref":"3","network":"Московский метрополитен","match_rule":"stop_area_station","source":"OpenStreetMap/Overpass","source_snapshot":"2026-09-17T11:36:49Z"}},{"type":"Feature","id":"node/582568391","geometry":{"type":"Point","coordinates":[37.507849,55.617474]},"properties":{"osm_id":"node/582568391","station_name":"Тёплый Стан","access_kind":"entrance","station_osm_id":"node/259785706","entrance_ref":"4","network":"Московский метрополитен","match_rule":"stop_area_station","source":"OpenStreetMap/Overpass","source_snapshot":"2026-09-17T11:36:49Z"}},{"type":"Feature","id":"node/582858590","geometry":{"type":"Point","coordinates":[37.519255,55.634739]},"properties":{"osm_id":"node/582858590","station_name":"Коньково","access_kind":"entrance","station_osm_id":"node/1221839292","entrance_ref":"7","network":"Московский метрополитен","match_rule":"stop_area_station","source":"OpenStreetMap/Overpass","source_snapshot":"2026-09-17T11:36:49Z"}},{"type":"Feature","id":"node/582858612","geometry":{"type":"Point","coordinates":[37.519134,55.634041]},"properties":{"osm_id":"node/582858612","station_name":"Коньково","access_kind":"entrance","station_osm_id":"node/1221839292","entrance_ref":"5","network":"Московский метрополитен","match_rule":"stop_area_station","source":"OpenStreetMap/Overpass","source_snapshot":"2026-09-17T11:36:49Z"}},{"type":"Feature","id":"node/582858613","geometry":{"type":"Point","coordinates":[37.520481,55.633794]},"properties":{"osm_id":"node/582858613","station_name":"Коньково","access_kind":"entrance","station_osm_id":"node/1221839292","entrance_ref":"10","network":"Московский метрополитен","match_rule":"stop_area_station","source":"OpenStreetMap/Overpass","source_snapshot":"2026-09-17T11:36:49Z"}},{"type":"Feature","id":"node/582858614","geometry":{"type":"Point","coordinates":[37.519872,55.634606]},"properties":{"osm_id":"node/582858614","station_name":"Коньково","access_kind":"entrance","station_osm_id":"node/1221839292","entrance_ref":"8","network":"Московский метрополитен","match_rule":"stop_area_station","source":"OpenStreetMap/Overpass","source_snapshot":"2026-09-17T11:36:49Z"}},{"type":"Feature","id":"node/582859550","geometry":{"type":"Point","coordinates":[37.518122,55.632445]},"properties":{"osm_id":"node/582859550","station_name":"Коньково","access_kind":"entrance","station_osm_id":"node/1221839292","entrance_ref":"4","network":"Московский метрополитен","match_rule":"stop_area_station","source":"OpenStreetMap/Overpass","source_snapshot":"2026-09-17T11:36:49Z"}},{"type":"Feature","id":"node/582859552","geometry":{"type":"Point","coordinates":[37.517849,55.632051]},"properties":{"osm_id":"node/582859552","station_name":"Коньково","access_kind":"entrance","station_osm_id":"node/1221839292","entrance_ref":"3","network":"Московский метрополитен","match_rule":"stop_area_station","source":"OpenStreetMap/Overpass","source_snapshot":"2026-09-17T11:36:49Z"}},{"type":"Feature","id":"node/582859554","geometry":{"type":"Point","coordinates":[37.519134,55.63178]},"properties":{"osm_id":"node/582859554","station_name":"Коньково","access_kind":"entrance","station_osm_id":"node/1221839292","entrance_ref":"2","network":"Московский метрополитен","match_rule":"stop_area_station","source":"OpenStreetMap/Overpass","source_snapshot":"2026-09-17T11:36:49Z"}},{"type":"Feature","id":"node/582859555","geometry":{"type":"Point","coordinates":[37.519402,55.632192]},"properties":{"osm_id":"node/582859555","station_name":"Коньково","access_kind":"entrance","station_osm_id":"node/1221839292","entrance_ref":"1","network":"Московский метрополитен","match_rule":"stop_area_station","source":"OpenStreetMap/Overpass","source_snapshot":"2026-09-17T11:36:49Z"}},{"type":"Feature","id":"node/5848313142","geometry":{"type":"Point","coordinates":[37.633164,55.781653]},"properties":{"osm_id":"node/5848313142","station_name":"Проспект Мира","access_kind":"entrance","station_osm_id":"node/277499848","entrance_ref":"2","network":"Московский метрополитен","match_rule":"stop_area_station","source":"OpenStreetMap/Overpass","source_snapshot":"2026-09-17T11:36:49Z"}},{"type":"Feature","id":"node/5868863420","geometry":{"type":"Point","coordinates":[37.33276,55.633888]},"properties":{"osm_id":"node/5868863420","station_name":"Рассказовка","access_kind":"entrance","station_osm_id":"node/5868122987","entrance_ref":"1","network":"Московский метрополитен","match_rule":"stop_area_station","source":"OpenStreetMap/Overpass","source_snapshot":"2026-09-17T11:36:49Z"}},{"type":"Feature","id":"node/5868868485","geometry":{"type":"Point","coordinates":[37.333616,55.63402]},"properties":{"osm_id":"node/5868868485","station_name":"Рассказовка","access_kind":"entrance","station_osm_id":"node/5868122987","entrance_ref":"2","network":"Московский метрополитен","match_rule":"stop_area_station","source":"OpenStreetMap/Overpass","source_snapshot":"2026-09-17T11:36:49Z"}},{"type":"Feature","id":"node/5868879974","geometry":{"type":"Point","coordinates":[37.334665,55.634196]},"properties":{"osm_id":"node/5868879974","station_name":"Рассказовка","access_kind":"entrance","station_osm_id":"node/5868122987","entrance_ref":"3","network":"Московский метрополитен","match_rule":"stop_area_station","source":"OpenStreetMap/Overpass","source_snapshot":"2026-09-17T11:36:49Z"}},{"type":"Feature","id":"node/5868900641","geometry":{"type":"Point","coordinates":[37.336497,55.634476]},"properties":{"osm_id":"node/5868900641","station_name":"Рассказовка","access_kind":"entrance","station_osm_id":"node/5868122987","entrance_ref":"5","network":"Московский метрополитен","match_rule":"stop_area_station","source":"OpenStreetMap/Overpass","source_snapshot":"2026-09-17T11:36:49Z"}},{"type":"Feature","id":"node/5868903538","geometry":{"type":"Point","coordinates":[37.335532,55.634327]},"properties":{"osm_id":"node/5868903538","station_name":"Рассказовка","access_kind":"entrance","station_osm_id":"node/5868122987","entrance_ref":"4","network":"Московский метрополитен","match_rule":"stop_area_station","source":"OpenStreetMap/Overpass","source_snapshot":"2026-09-17T11:36:49Z"}},{"type":"Feature","id":"node/5869021395","geometry":{"type":"Point","coordinates":[37.371822,55.648385]},"properties":{"osm_id":"node/5869021395","station_name":"Боровское шоссе","access_kind":"entrance","station_osm_id":"node/5868122988","entrance_ref":"3","network":"Московский метрополитен","match_rule":"stop_area_station","source":"OpenStreetMap/Overpass","source_snapshot":"2026-09-17T11:36:49Z"}},{"type":"Feature","id":"node/5869025209","geometry":{"type":"Point","coordinates":[37.371246,55.648172]},"properties":{"osm_id":"node/5869025209","station_name":"Боровское шоссе","access_kind":"entrance","station_osm_id":"node/5868122988","entrance_ref":"2","network":"Московский метрополитен","match_rule":"stop_area_station","source":"OpenStreetMap/Overpass","source_snapshot":"2026-09-17T11:36:49Z"}},{"type":"Feature","id":"node/5869025210","geometry":{"type":"Point","coordinates":[37.368639,55.647105]},"properties":{"osm_id":"node/5869025210","station_name":"Боровское шоссе","access_kind":"entrance","station_osm_id":"node/5868122988","entrance_ref":"1","network":"Московский метрополитен","match_rule":"stop_area_station","source":"OpenStreetMap/Overpass","source_snapshot":"2026-09-17T11:36:49Z"}},{"type":"Feature","id":"node/5869029742","geometry":{"type":"Point","coordinates":[37.356516,55.640669]},"properties":{"osm_id":"node/5869029742","station_name":"Новопеределкино","access_kind":"entrance","station_osm_id":"node/5868122986","entrance_ref":"3","network":"Московский метрополитен","match_rule":"stop_area_station","source":"OpenStreetMap/Overpass","source_snapshot":"2026-09-17T11:36:49Z"}},{"type":"Feature","id":"node/5869044917","geometry":{"type":"Point","coordinates":[37.356403,55.640112]},"properties":{"osm_id":"node/5869044917","station_name":"Новопеределкино","access_kind":"entrance","station_osm_id":"node/5868122986","entrance_ref":"4","network":"Московский метрополитен","match_rule":"stop_area_station","source":"OpenStreetMap/Overpass","source_snapshot":"2026-09-17T11:36:49Z"}},{"type":"Feature","id":"node/5870389596","geometry":{"type":"Point","coordinates":[37.392065,55.650199]},"properties":{"osm_id":"node/5870389596","station_name":"Солнцево","access_kind":"entrance","station_osm_id":"node/5868122989","entrance_ref":"4","network":"Московский метрополитен","match_rule":"stop_area_station","source":"OpenStreetMap/Overpass","source_snapshot":"2026-09-17T11:36:49Z"}},{"type":"Feature","id":"node/5870389601","geometry":{"type":"Point","coordinates":[37.392429,55.650667]},"properties":{"osm_id":"node/5870389601","station_name":"Солнцево","access_kind":"entrance","station_osm_id":"node/5868122989","entrance_ref":"3","network":"Московский метрополитен","match_rule":"stop_area_station","source":"OpenStreetMap/Overpass","source_snapshot":"2026-09-17T11:36:49Z"}},{"type":"Feature","id":"node/5874121125","geometry":{"type":"Point","coordinates":[37.484193,55.688492]},"properties":{"osm_id":"node/5874121125","station_name":"Мичуринский проспект","access_kind":"entrance","station_osm_id":"node/9315693028","entrance_ref":"2","network":"Московский метрополитен","match_rule":"stop_area_station","source":"OpenStreetMap/Overpass","source_snapshot":"2026-09-17T11:36:49Z"}},{"type":"Feature","id":"node/5874121146","geometry":{"type":"Point","coordinates":[37.483673,55.689692]},"properties":{"osm_id":"node/5874121146","station_name":"Мичуринский проспект","access_kind":"entrance","station_osm_id":"node/9315693028","entrance_ref":"1","network":"Московский метрополитен","match_rule":"stop_area_station","source":"OpenStreetMap/Overpass","source_snapshot":"2026-09-17T11:36:49Z"}},{"type":"Feature","id":"node/5874121149","geometry":{"type":"Point","coordinates":[37.483534,55.689774]},"properties":{"osm_id":"node/5874121149","station_name":"Мичуринский проспект","access_kind":"entrance","station_osm_id":"node/9315693028","entrance_ref":"1","network":"Московский метрополитен","match_rule":"stop_area_station","source":"OpenStreetMap/Overpass","source_snapshot":"2026-09-17T11:36:49Z"}},{"type":"Feature","id":"node/5876533107","geometry":{"type":"Point","coordinates":[37.390298,55.648395]},"properties":{"osm_id":"node/5876533107","station_name":"Солнцево","access_kind":"entrance","station_osm_id":"node/5868122989","entrance_ref":"1","network":"Московский метрополитен","match_rule":"stop_area_station","source":"OpenStreetMap/Overpass","source_snapshot":"2026-09-17T11:36:49Z"}},{"type":"Feature","id":"node/5885491866","geometry":{"type":"Point","coordinates":[37.559451,55.857278]},"properties":{"osm_id":"node/5885491866","station_name":"Верхние Лихоборы","access_kind":"entrance","station_osm_id":"node/5482407019","entrance_ref":"1","network":"Московский метрополитен","match_rule":"stop_area_station","source":"OpenStreetMap/Overpass","source_snapshot":"2026-09-17T11:36:49Z"}},{"type":"Feature","id":"node/5885503549","geometry":{"type":"Point","coordinates":[37.560244,55.857646]},"properties":{"osm_id":"node/5885503549","station_name":"Верхние Лихоборы","access_kind":"entrance","station_osm_id":"node/5482407019","entrance_ref":"2","network":"Московский метрополитен","match_rule":"stop_area_station","source":"OpenStreetMap/Overpass","source_snapshot":"2026-09-17T11:36:49Z"}},{"type":"Feature","id":"node/5901214260","geometry":{"type":"Point","coordinates":[37.730849,55.730882]},"properties":{"osm_id":"node/5901214260","station_name":"Нижегородская","access_kind":"entrance","station_osm_id":"node/10852613372","entrance_ref":"2","network":"Московский метрополитен","match_rule":"stop_area_station","source":"OpenStreetMap/Overpass","source_snapshot":"2026-09-17T11:36:49Z"}},{"type":"Feature","id":"node/5901214263","geometry":{"type":"Point","coordinates":[37.73175,55.730769]},"properties":{"osm_id":"node/5901214263","station_name":"Нижегородская","access_kind":"entrance","station_osm_id":"node/10852613372","entrance_ref":"3","network":"Московский метрополитен","match_rule":"stop_area_station","source":"OpenStreetMap/Overpass","source_snapshot":"2026-09-17T11:36:49Z"}},{"type":"Feature","id":"node/5906552196","geometry":{"type":"Point","coordinates":[37.41883,55.659333]},"properties":{"osm_id":"node/5906552196","station_name":"Говорово","access_kind":"entrance","station_osm_id":"node/5868122990","entrance_ref":"3","network":"Московский метрополитен","match_rule":"stop_area_station","source":"OpenStreetMap/Overpass","source_snapshot":"2026-09-17T11:36:49Z"}},{"type":"Feature","id":"node/5906552985","geometry":{"type":"Point","coordinates":[37.417873,55.659336]},"properties":{"osm_id":"node/5906552985","station_name":"Говорово","access_kind":"entrance","station_osm_id":"node/5868122990","entrance_ref":"4","network":"Московский метрополитен","match_rule":"stop_area_station","source":"OpenStreetMap/Overpass","source_snapshot":"2026-09-17T11:36:49Z"}},{"type":"Feature","id":"node/5906554470","geometry":{"type":"Point","coordinates":[37.415666,55.659346]},"properties":{"osm_id":"node/5906554470","station_name":"Говорово","access_kind":"entrance","station_osm_id":"node/5868122990","entrance_ref":"2","network":"Московский метрополитен","match_rule":"stop_area_station","source":"OpenStreetMap/Overpass","source_snapshot":"2026-09-17T11:36:49Z"}},{"type":"Feature","id":"node/5906554592","geometry":{"type":"Point","coordinates":[37.416213,55.659395]},"properties":{"osm_id":"node/5906554592","station_name":"Говорово","access_kind":"entrance","station_osm_id":"node/5868122990","entrance_ref":"1","network":"Московский метрополитен","match_rule":"stop_area_station","source":"OpenStreetMap/Overpass","source_snapshot":"2026-09-17T11:36:49Z"}},{"type":"Feature","id":"node/5911779232","geometry":{"type":"Point","coordinates":[37.451244,55.670643]},"properties":{"osm_id":"node/5911779232","station_name":"Озёрная","access_kind":"entrance","station_osm_id":"node/5868122985","entrance_ref":"2","network":"Московский метрополитен","match_rule":"stop_area_station","source":"OpenStreetMap/Overpass","source_snapshot":"2026-09-17T11:36:49Z"}},{"type":"Feature","id":"node/5911779233","geometry":{"type":"Point","coordinates":[37.447611,55.670426]},"properties":{"osm_id":"node/5911779233","station_name":"Озёрная","access_kind":"entrance","station_osm_id":"node/5868122985","entrance_ref":"1","network":"Московский метрополитен","match_rule":"stop_area_station","source":"OpenStreetMap/Overpass","source_snapshot":"2026-09-17T11:36:49Z"}},{"type":"Feature","id":"node/5916070336","geometry":{"type":"Point","coordinates":[37.389845,55.64854]},"properties":{"osm_id":"node/5916070336","station_name":"Солнцево","access_kind":"entrance","station_osm_id":"node/5868122989","entrance_ref":"2","network":"Московский метрополитен","match_rule":"stop_area_station","source":"OpenStreetMap/Overpass","source_snapshot":"2026-09-17T11:36:49Z"}},{"type":"Feature","id":"node/5943222612","geometry":{"type":"Point","coordinates":[37.62193,55.767752]},"properties":{"osm_id":"node/5943222612","station_name":"Трубная","access_kind":"entrance","station_osm_id":"node/296944258","entrance_ref":"2","network":"Московский метрополитен","match_rule":"stop_area_station","source":"OpenStreetMap/Overpass","source_snapshot":"2026-09-17T11:36:49Z"}},{"type":"Feature","id":"node/595387032","geometry":{"type":"Point","coordinates":[37.629046,55.742489]},"properties":{"osm_id":"node/595387032","station_name":"Новокузнецкая","access_kind":"entrance","station_osm_id":"node/292143796","entrance_ref":"1","network":"Московский метрополитен","match_rule":"stop_area_station","source":"OpenStreetMap/Overpass","source_snapshot":"2026-09-17T11:36:49Z"}},{"type":"Feature","id":"node/595387036","geometry":{"type":"Point","coordinates":[37.62909,55.742272]},"properties":{"osm_id":"node/595387036","station_name":"Новокузнецкая","access_kind":"entrance","station_osm_id":"node/292143796","entrance_ref":"1","network":"Московский метрополитен","match_rule":"stop_area_station","source":"OpenStreetMap/Overpass","source_snapshot":"2026-09-17T11:36:49Z"}},{"type":"Feature","id":"node/595387046","geometry":{"type":"Point","coordinates":[37.62922,55.742241]},"properties":{"osm_id":"node/595387046","station_name":"Новокузнецкая","access_kind":"entrance","station_osm_id":"node/292143796","entrance_ref":"1","network":"Московский метрополитен","match_rule":"stop_area_station","source":"OpenStreetMap/Overpass","source_snapshot":"2026-09-17T11:36:49Z"}},{"type":"Feature","id":"node/595693009","geometry":{"type":"Point","coordinates":[37.665099,55.870253]},"properties":{"osm_id":"node/595693009","station_name":"Бабушкинская","access_kind":"entrance","station_osm_id":"node/60660469","entrance_ref":"4","network":"Московский метрополитен","match_rule":"stop_area_station","source":"OpenStreetMap/Overpass","source_snapshot":"2026-09-17T11:36:49Z"}},{"type":"Feature","id":"node/59606732","geometry":{"type":"Point","coordinates":[37.60789,55.718731]},"properties":{"osm_id":"node/59606732","station_name":"Шаболовская","access_kind":"entrance","station_osm_id":"node/277499854","entrance_ref":"1","network":"Московский метрополитен","match_rule":"stop_area_station","source":"OpenStreetMap/Overpass","source_snapshot":"2026-09-17T11:36:49Z"}},{"type":"Feature","id":"node/59629973","geometry":{"type":"Point","coordinates":[37.735617,55.814141]},"properties":{"osm_id":"node/59629973","station_name":"Бульвар Рокоссовского","access_kind":"entrance","station_osm_id":"node/265949954","entrance_ref":"3","network":"Московский метрополитен","match_rule":"stop_area_station","source":"OpenStreetMap/Overpass","source_snapshot":"2026-09-17T11:36:49Z"}},{"type":"Feature","id":"node/59630005","geometry":{"type":"Point","coordinates":[37.732944,55.815364]},"properties":{"osm_id":"node/59630005","station_name":"Бульвар Рокоссовского","access_kind":"entrance","station_osm_id":"node/265949954","entrance_ref":"2","network":"Московский метрополитен","match_rule":"stop_area_station","source":"OpenStreetMap/Overpass","source_snapshot":"2026-09-17T11:36:49Z"}},{"type":"Feature","id":"node/59630257","geometry":{"type":"Point","coordinates":[37.732096,55.815039]},"properties":{"osm_id":"node/59630257","station_name":"Бульвар Рокоссовского","access_kind":"entrance","station_osm_id":"node/265949954","entrance_ref":"1","network":"Московский метрополитен","match_rule":"stop_area_station","source":"OpenStreetMap/Overpass","source_snapshot":"2026-09-17T11:36:49Z"}},{"type":"Feature","id":"node/59631058","geometry":{"type":"Point","coordinates":[37.679507,55.789233]},"properties":{"osm_id":"node/59631058","station_name":"Сокольники","access_kind":"entrance","station_osm_id":"node/267334996","entrance_ref":"1","network":"Московский метрополитен","match_rule":"stop_area_station","source":"OpenStreetMap/Overpass","source_snapshot":"2026-09-17T11:36:49Z"}},{"type":"Feature","id":"node/59642700","geometry":{"type":"Point","coordinates":[37.744459,55.802753]},"properties":{"osm_id":"node/59642700","station_name":"Черкизовская","access_kind":"entrance","station_osm_id":"node/265949956","entrance_ref":"1","network":"Московский метрополитен","match_rule":"stop_area_station","source":"OpenStreetMap/Overpass","source_snapshot":"2026-09-17T11:36:49Z"}},{"type":"Feature","id":"node/59748384","geometry":{"type":"Point","coordinates":[37.650247,55.769719]},"properties":{"osm_id":"node/59748384","station_name":"Красные Ворота","access_kind":"entrance","station_osm_id":"node/6938823554","entrance_ref":"2","network":"Московский метрополитен","match_rule":"stop_area_station","source":"OpenStreetMap/Overpass","source_snapshot":"2026-09-17T11:36:49Z"}},{"type":"Feature","id":"node/59748391","geometry":{"type":"Point","coordinates":[37.648063,55.768369]},"properties":{"osm_id":"node/59748391","station_name":"Красные Ворота","access_kind":"entrance","station_osm_id":"node/6938823554","entrance_ref":"1","network":"Московский метрополитен","match_rule":"stop_area_station","source":"OpenStreetMap/Overpass","source_snapshot":"2026-09-17T11:36:49Z"}},{"type":"Feature","id":"node/59842699","geometry":{"type":"Point","coordinates":[37.638236,55.76499]},"properties":{"osm_id":"node/59842699","station_name":"Чистые пруды","access_kind":"entrance","station_osm_id":"node/267335317","entrance_ref":"2","network":"Московский метрополитен","match_rule":"stop_area_station","source":"OpenStreetMap/Overpass","source_snapshot":"2026-09-17T11:36:49Z"}},{"type":"Feature","id":"node/601420160","geometry":{"type":"Point","coordinates":[37.749688,55.788432]},"properties":{"osm_id":"node/601420160","station_name":"Партизанская","access_kind":"entrance","station_osm_id":"node/68916801","entrance_ref":"1","network":"Московский метрополитен","match_rule":"stop_area_station","source":"OpenStreetMap/Overpass","source_snapshot":"2026-09-17T11:36:49Z"}},{"type":"Feature","id":"node/60271651","geometry":{"type":"Point","coordinates":[37.657315,55.708666]},"properties":{"osm_id":"node/60271651","station_name":"Автозаводская","access_kind":"entrance","station_osm_id":"node/292146578","entrance_ref":"3","network":"Московский метрополитен","match_rule":"stop_area_station","source":"OpenStreetMap/Overpass","source_snapshot":"2026-09-17T11:36:49Z"}},{"type":"Feature","id":"node/60295631","geometry":{"type":"Point","coordinates":[37.612632,55.731302]},"properties":{"osm_id":"node/60295631","station_name":"Октябрьская","access_kind":"entrance","station_osm_id":"node/277499853","entrance_ref":"3","network":"Московский метрополитен","match_rule":"stop_area_station","source":"OpenStreetMap/Overpass","source_snapshot":"2026-09-17T11:36:49Z"}},{"type":"Feature","id":"node/60660090","geometry":{"type":"Point","coordinates":[37.664174,55.870365]},"properties":{"osm_id":"node/60660090","station_name":"Бабушкинская","access_kind":"entrance","station_osm_id":"node/60660469","entrance_ref":"1","network":"Московский метрополитен","match_rule":"stop_area_station","source":"OpenStreetMap/Overpass","source_snapshot":"2026-09-17T11:36:49Z"}},{"type":"Feature","id":"node/60660365","geometry":{"type":"Point","coordinates":[37.661453,55.88797]},"properties":{"osm_id":"node/60660365","station_name":"Медведково","access_kind":"entrance","station_osm_id":"node/60660466","entrance_ref":"1","network":"Московский метрополитен","match_rule":"stop_area_station","source":"OpenStreetMap/Overpass","source_snapshot":"2026-09-17T11:36:49Z"}},{"type":"Feature","id":"node/60730297","geometry":{"type":"Point","coordinates":[37.618034,55.758865]},"properties":{"osm_id":"node/60730297","station_name":"Охотный ряд","access_kind":"entrance","station_osm_id":"node/267335315","entrance_ref":"9","network":"Московский метрополитен","match_rule":"stop_area_station","source":"OpenStreetMap/Overpass","source_snapshot":"2026-09-17T11:36:49Z"}},{"type":"Feature","id":"node/60767667","geometry":{"type":"Point","coordinates":[37.611399,55.729252]},"properties":{"osm_id":"node/60767667","station_name":"Октябрьская","access_kind":"entrance","station_osm_id":"node/291686160","entrance_ref":"1","network":"Московский метрополитен","match_rule":"stop_area_station","source":"OpenStreetMap/Overpass","source_snapshot":"2026-09-17T11:36:49Z"}},{"type":"Feature","id":"node/60789579","geometry":{"type":"Point","coordinates":[37.799746,55.793574]},"properties":{"osm_id":"node/60789579","station_name":"Первомайская","access_kind":"entrance","station_osm_id":"node/2692882978","entrance_ref":"3","network":"Московский метрополитен","match_rule":"stop_area_station","source":"OpenStreetMap/Overpass","source_snapshot":"2026-09-17T11:36:49Z"}},{"type":"Feature","id":"node/60789588","geometry":{"type":"Point","coordinates":[37.799093,55.793565]},"properties":{"osm_id":"node/60789588","station_name":"Первомайская","access_kind":"entrance","station_osm_id":"node/2692882978","entrance_ref":"4","network":"Московский метрополитен","match_rule":"stop_area_station","source":"OpenStreetMap/Overpass","source_snapshot":"2026-09-17T11:36:49Z"}},{"type":"Feature","id":"node/60854425","geometry":{"type":"Point","coordinates":[37.664397,55.676765]},"properties":{"osm_id":"node/60854425","station_name":"Коломенская","access_kind":"entrance","station_osm_id":"node/292147581","entrance_ref":"2","network":"Московский метрополитен","match_rule":"stop_area_station","source":"OpenStreetMap/Overpass","source_snapshot":"2026-09-17T11:36:49Z"}},{"type":"Feature","id":"node/60901994","geometry":{"type":"Point","coordinates":[37.580657,55.727439]},"properties":{"osm_id":"node/60901994","station_name":"Фрунзенская","access_kind":"entrance","station_osm_id":"node/278693056","entrance_ref":"1","network":"Московский метрополитен","match_rule":"stop_area_station","source":"OpenStreetMap/Overpass","source_snapshot":"2026-09-17T11:36:49Z"}},{"type":"Feature","id":"node/61101742","geometry":{"type":"Point","coordinates":[37.601041,55.779505]},"properties":{"osm_id":"node/61101742","station_name":"Новослободская","access_kind":"entrance","station_osm_id":"node/297366493","entrance_ref":"1","network":"Московский метрополитен","match_rule":"stop_area_station","source":"OpenStreetMap/Overpass","source_snapshot":"2026-09-17T11:36:49Z"}},{"type":"Feature","id":"node/611734164","geometry":{"type":"Point","coordinates":[37.439245,55.849607]},"properties":{"osm_id":"node/611734164","station_name":"Сходненская","access_kind":"entrance","station_osm_id":"node/309750154","entrance_ref":"9","network":"Московский метрополитен","match_rule":"stop_area_station","source":"OpenStreetMap/Overpass","source_snapshot":"2026-09-17T11:36:49Z"}},{"type":"Feature","id":"node/611734172","geometry":{"type":"Point","coordinates":[37.439371,55.849255]},"properties":{"osm_id":"node/611734172","station_name":"Сходненская","access_kind":"entrance","station_osm_id":"node/309750154","entrance_ref":"8","network":"Московский метрополитен","match_rule":"stop_area_station","source":"OpenStreetMap/Overpass","source_snapshot":"2026-09-17T11:36:49Z"}},{"type":"Feature","id":"node/612086759","geometry":{"type":"Point","coordinates":[37.534225,55.60564]},"properties":{"osm_id":"node/612086759","station_name":"Ясенево","access_kind":"entrance","station_osm_id":"node/264162888","entrance_ref":"4","network":"Московский метрополитен","match_rule":"stop_area_station","source":"OpenStreetMap/Overpass","source_snapshot":"2026-09-17T11:36:49Z"}},{"type":"Feature","id":"node/612086761","geometry":{"type":"Point","coordinates":[37.534509,55.606214]},"properties":{"osm_id":"node/612086761","station_name":"Ясенево","access_kind":"entrance","station_osm_id":"node/264162888","entrance_ref":"1","network":"Московский метрополитен","match_rule":"stop_area_station","source":"OpenStreetMap/Overpass","source_snapshot":"2026-09-17T11:36:49Z"}},{"type":"Feature","id":"node/612086906","geometry":{"type":"Point","coordinates":[37.555948,55.60051]},"properties":{"osm_id":"node/612086906","station_name":"Битцевский парк","access_kind":"entrance","station_osm_id":"node/2591402980","entrance_ref":"1","network":"Московский метрополитен","match_rule":"stop_area_station","source":"OpenStreetMap/Overpass","source_snapshot":"2026-09-17T11:36:49Z"}},{"type":"Feature","id":"node/61276477","geometry":{"type":"Point","coordinates":[37.625634,55.740772]},"properties":{"osm_id":"node/61276477","station_name":"Третьяковская","access_kind":"entrance","station_osm_id":"node/277499852","entrance_ref":"2","network":"Московский метрополитен","match_rule":"stop_area_station","source":"OpenStreetMap/Overpass","source_snapshot":"2026-09-17T11:36:49Z"}},{"type":"Feature","id":"node/6147681743","geometry":{"type":"Point","coordinates":[37.475083,55.865206]},"properties":{"osm_id":"node/6147681743","station_name":"Беломорская","access_kind":"entrance","station_osm_id":"node/6147634222","entrance_ref":"1","network":"Московский метрополитен","match_rule":"stop_area_station","source":"OpenStreetMap/Overpass","source_snapshot":"2026-09-17T11:36:49Z"}},{"type":"Feature","id":"node/6147681744","geometry":{"type":"Point","coordinates":[37.476259,55.865484]},"properties":{"osm_id":"node/6147681744","station_name":"Беломорская","access_kind":"entrance","station_osm_id":"node/6147634222","entrance_ref":"2","network":"Московский метрополитен","match_rule":"stop_area_station","source":"OpenStreetMap/Overpass","source_snapshot":"2026-09-17T11:36:49Z"}},{"type":"Feature","id":"node/614933283","geometry":{"type":"Point","coordinates":[37.441091,55.84959]},"properties":{"osm_id":"node/614933283","station_name":"Сходненская","access_kind":"entrance","station_osm_id":"node/309750154","entrance_ref":"6","network":"Московский метрополитен","match_rule":"stop_area_station","source":"OpenStreetMap/Overpass","source_snapshot":"2026-09-17T11:36:49Z"}},{"type":"Feature","id":"node/614933288","geometry":{"type":"Point","coordinates":[37.44069,55.849773]},"properties":{"osm_id":"node/614933288","station_name":"Сходненская","access_kind":"entrance","station_osm_id":"node/309750154","entrance_ref":"5","network":"Московский метрополитен","match_rule":"stop_area_station","source":"OpenStreetMap/Overpass","source_snapshot":"2026-09-17T11:36:49Z"}},{"type":"Feature","id":"node/614933295","geometry":{"type":"Point","coordinates":[37.438511,55.851405]},"properties":{"osm_id":"node/614933295","station_name":"Сходненская","access_kind":"entrance","station_osm_id":"node/309750154","entrance_ref":"1","network":"Московский метрополитен","match_rule":"stop_area_station","source":"OpenStreetMap/Overpass","source_snapshot":"2026-09-17T11:36:49Z"}},{"type":"Feature","id":"node/614933307","geometry":{"type":"Point","coordinates":[37.440003,55.851757]},"properties":{"osm_id":"node/614933307","station_name":"Сходненская","access_kind":"entrance","station_osm_id":"node/309750154","entrance_ref":"3","network":"Московский метрополитен","match_rule":"stop_area_station","source":"OpenStreetMap/Overpass","source_snapshot":"2026-09-17T11:36:49Z"}},{"type":"Feature","id":"node/614933308","geometry":{"type":"Point","coordinates":[37.440404,55.851531]},"properties":{"osm_id":"node/614933308","station_name":"Сходненская","access_kind":"entrance","station_osm_id":"node/309750154","entrance_ref":"4","network":"Московский метрополитен","match_rule":"stop_area_station","source":"OpenStreetMap/Overpass","source_snapshot":"2026-09-17T11:36:49Z"}},{"type":"Feature","id":"node/614933324","geometry":{"type":"Point","coordinates":[37.438828,55.851644]},"properties":{"osm_id":"node/614933324","station_name":"Сходненская","access_kind":"entrance","station_osm_id":"node/309750154","entrance_ref":"2","network":"Московский метрополитен","match_rule":"stop_area_station","source":"OpenStreetMap/Overpass","source_snapshot":"2026-09-17T11:36:49Z"}},{"type":"Feature","id":"node/616213706","geometry":{"type":"Point","coordinates":[37.552779,55.602038]},"properties":{"osm_id":"node/616213706","station_name":"Новоясеневская","access_kind":"entrance","station_osm_id":"node/291712231","entrance_ref":"3","network":"Московский метрополитен","match_rule":"stop_area_station","source":"OpenStreetMap/Overpass","source_snapshot":"2026-09-17T11:36:49Z"}},{"type":"Feature","id":"node/6172832827","geometry":{"type":"Point","coordinates":[37.584422,55.793382]},"properties":{"osm_id":"node/6172832827","station_name":"Савёловская","access_kind":"entrance","station_osm_id":"node/6172651201","entrance_ref":"7","network":"Московский метрополитен","match_rule":"stop_area_station","source":"OpenStreetMap/Overpass","source_snapshot":"2026-09-17T11:36:49Z"}},{"type":"Feature","id":"node/6172833190","geometry":{"type":"Point","coordinates":[37.585183,55.793786]},"properties":{"osm_id":"node/6172833190","station_name":"Савёловская","access_kind":"entrance","station_osm_id":"node/6172651201","entrance_ref":"6","network":"Московский метрополитен","match_rule":"stop_area_station","source":"OpenStreetMap/Overpass","source_snapshot":"2026-09-17T11:36:49Z"}},{"type":"Feature","id":"node/6173328510","geometry":{"type":"Point","coordinates":[37.925413,55.703279]},"properties":{"osm_id":"node/6173328510","station_name":"Некрасовка","access_kind":"entrance","station_osm_id":"node/6518539852","entrance_ref":"8","network":"Московский метрополитен","match_rule":"stop_area_station","source":"OpenStreetMap/Overpass","source_snapshot":"2026-09-17T11:36:49Z"}},{"type":"Feature","id":"node/6173328511","geometry":{"type":"Point","coordinates":[37.924588,55.703694]},"properties":{"osm_id":"node/6173328511","station_name":"Некрасовка","access_kind":"entrance","station_osm_id":"node/6518539852","entrance_ref":"9","network":"Московский метрополитен","match_rule":"stop_area_station","source":"OpenStreetMap/Overpass","source_snapshot":"2026-09-17T11:36:49Z"}},{"type":"Feature","id":"node/6268512847","geometry":{"type":"Point","coordinates":[37.930176,55.701625]},"properties":{"osm_id":"node/6268512847","station_name":"Некрасовка","access_kind":"entrance","station_osm_id":"node/6518539852","entrance_ref":"3","network":"Московский метрополитен","match_rule":"stop_area_station","source":"OpenStreetMap/Overpass","source_snapshot":"2026-09-17T11:36:49Z"}},{"type":"Feature","id":"node/6268512976","geometry":{"type":"Point","coordinates":[37.928703,55.702378]},"properties":{"osm_id":"node/6268512976","station_name":"Некрасовка","access_kind":"entrance","station_osm_id":"node/6518539852","entrance_ref":"4","network":"Московский метрополитен","match_rule":"stop_area_station","source":"OpenStreetMap/Overpass","source_snapshot":"2026-09-17T11:36:49Z"}},{"type":"Feature","id":"node/639103499","geometry":{"type":"Point","coordinates":[37.385242,55.82359]},"properties":{"osm_id":"node/639103499","station_name":"Мякинино","access_kind":"entrance","station_osm_id":"node/5202107566","entrance_ref":"2","network":"Московский метрополитен","match_rule":"stop_area_station","source":"OpenStreetMap/Overpass","source_snapshot":"2026-09-17T11:36:49Z"}},{"type":"Feature","id":"node/6423337500","geometry":{"type":"Point","coordinates":[37.929047,55.702679]},"properties":{"osm_id":"node/6423337500","station_name":"Некрасовка","access_kind":"entrance","station_osm_id":"node/6518539852","entrance_ref":"1","network":"Московский метрополитен","match_rule":"stop_area_station","source":"OpenStreetMap/Overpass","source_snapshot":"2026-09-17T11:36:49Z"}},{"type":"Feature","id":"node/6423355668","geometry":{"type":"Point","coordinates":[37.877532,55.710842]},"properties":{"osm_id":"node/6423355668","station_name":"Улица Дмитриевского","access_kind":"entrance","station_osm_id":"node/6518539850","entrance_ref":"1","network":"Московский метрополитен","match_rule":"stop_area_station","source":"OpenStreetMap/Overpass","source_snapshot":"2026-09-17T11:36:49Z"}},{"type":"Feature","id":"node/6423368851","geometry":{"type":"Point","coordinates":[37.89614,55.70939]},"properties":{"osm_id":"node/6423368851","station_name":"Лухмановская","access_kind":"entrance","station_osm_id":"node/6518539851","entrance_ref":"4","network":"Московский метрополитен","match_rule":"stop_area_station","source":"OpenStreetMap/Overpass","source_snapshot":"2026-09-17T11:36:49Z"}},{"type":"Feature","id":"node/6423368852","geometry":{"type":"Point","coordinates":[37.896699,55.709703]},"properties":{"osm_id":"node/6423368852","station_name":"Лухмановская","access_kind":"entrance","station_osm_id":"node/6518539851","entrance_ref":"3","network":"Московский метрополитен","match_rule":"stop_area_station","source":"OpenStreetMap/Overpass","source_snapshot":"2026-09-17T11:36:49Z"}},{"type":"Feature","id":"node/6423368853","geometry":{"type":"Point","coordinates":[37.89719,55.70964]},"properties":{"osm_id":"node/6423368853","station_name":"Лухмановская","access_kind":"entrance","station_osm_id":"node/6518539851","entrance_ref":"2","network":"Московский метрополитен","match_rule":"stop_area_station","source":"OpenStreetMap/Overpass","source_snapshot":"2026-09-17T11:36:49Z"}},{"type":"Feature","id":"node/6423386104","geometry":{"type":"Point","coordinates":[37.930553,55.701908]},"properties":{"osm_id":"node/6423386104","station_name":"Некрасовка","access_kind":"entrance","station_osm_id":"node/6518539852","entrance_ref":"2","network":"Московский метрополитен","match_rule":"stop_area_station","source":"OpenStreetMap/Overpass","source_snapshot":"2026-09-17T11:36:49Z"}},{"type":"Feature","id":"node/6439803968","geometry":{"type":"Point","coordinates":[37.878087,55.710873]},"properties":{"osm_id":"node/6439803968","station_name":"Улица Дмитриевского","access_kind":"entrance","station_osm_id":"node/6518539850","entrance_ref":"2","network":"Московский метрополитен","match_rule":"stop_area_station","source":"OpenStreetMap/Overpass","source_snapshot":"2026-09-17T11:36:49Z"}},{"type":"Feature","id":"node/6439852214","geometry":{"type":"Point","coordinates":[37.902493,55.708205]},"properties":{"osm_id":"node/6439852214","station_name":"Лухмановская","access_kind":"entrance","station_osm_id":"node/6518539851","entrance_ref":"1","network":"Московский метрополитен","match_rule":"stop_area_station","source":"OpenStreetMap/Overpass","source_snapshot":"2026-09-17T11:36:49Z"}},{"type":"Feature","id":"node/6439857317","geometry":{"type":"Point","coordinates":[37.879463,55.710921]},"properties":{"osm_id":"node/6439857317","station_name":"Улица Дмитриевского","access_kind":"entrance","station_osm_id":"node/6518539850","entrance_ref":"3","network":"Московский метрополитен","match_rule":"stop_area_station","source":"OpenStreetMap/Overpass","source_snapshot":"2026-09-17T11:36:49Z"}},{"type":"Feature","id":"node/6441476357","geometry":{"type":"Point","coordinates":[37.422064,55.621653]},"properties":{"osm_id":"node/6441476357","station_name":"Саларьево","access_kind":"entrance","station_osm_id":"node/4006225428","entrance_ref":"2B","network":"Московский метрополитен","match_rule":"stop_area_station","source":"OpenStreetMap/Overpass","source_snapshot":"2026-09-17T11:36:49Z"}},{"type":"Feature","id":"node/6441476359","geometry":{"type":"Point","coordinates":[37.422763,55.621346]},"properties":{"osm_id":"node/6441476359","station_name":"Саларьево","access_kind":"entrance","station_osm_id":"node/4006225428","entrance_ref":"2A","network":"Московский метрополитен","match_rule":"stop_area_station","source":"OpenStreetMap/Overpass","source_snapshot":"2026-09-17T11:36:49Z"}},{"type":"Feature","id":"node/6441476360","geometry":{"type":"Point","coordinates":[37.421911,55.621537]},"properties":{"osm_id":"node/6441476360","station_name":"Саларьево","access_kind":"entrance","station_osm_id":"node/4006225428","entrance_ref":"3B","network":"Московский метрополитен","match_rule":"stop_area_station","source":"OpenStreetMap/Overpass","source_snapshot":"2026-09-17T11:36:49Z"}},{"type":"Feature","id":"node/6441476362","geometry":{"type":"Point","coordinates":[37.422608,55.621235]},"properties":{"osm_id":"node/6441476362","station_name":"Саларьево","access_kind":"entrance","station_osm_id":"node/4006225428","entrance_ref":"3A","network":"Московский метрополитен","match_rule":"stop_area_station","source":"OpenStreetMap/Overpass","source_snapshot":"2026-09-17T11:36:49Z"}},{"type":"Feature","id":"node/6441476363","geometry":{"type":"Point","coordinates":[37.421766,55.621427]},"properties":{"osm_id":"node/6441476363","station_name":"Саларьево","access_kind":"entrance","station_osm_id":"node/4006225428","entrance_ref":"4B","network":"Московский метрополитен","match_rule":"stop_area_station","source":"OpenStreetMap/Overpass","source_snapshot":"2026-09-17T11:36:49Z"}},{"type":"Feature","id":"node/6441476365","geometry":{"type":"Point","coordinates":[37.422457,55.621128]},"properties":{"osm_id":"node/6441476365","station_name":"Саларьево","access_kind":"entrance","station_osm_id":"node/4006225428","entrance_ref":"4A","network":"Московский метрополитен","match_rule":"stop_area_station","source":"OpenStreetMap/Overpass","source_snapshot":"2026-09-17T11:36:49Z"}},{"type":"Feature","id":"node/6441476366","geometry":{"type":"Point","coordinates":[37.42162,55.621316]},"properties":{"osm_id":"node/6441476366","station_name":"Саларьево","access_kind":"entrance","station_osm_id":"node/4006225428","entrance_ref":"5B","network":"Московский метрополитен","match_rule":"stop_area_station","source":"OpenStreetMap/Overpass","source_snapshot":"2026-09-17T11:36:49Z"}},{"type":"Feature","id":"node/6441476368","geometry":{"type":"Point","coordinates":[37.422299,55.621017]},"properties":{"osm_id":"node/6441476368","station_name":"Саларьево","access_kind":"entrance","station_osm_id":"node/4006225428","entrance_ref":"5A","network":"Московский метрополитен","match_rule":"stop_area_station","source":"OpenStreetMap/Overpass","source_snapshot":"2026-09-17T11:36:49Z"}},{"type":"Feature","id":"node/6448679204","geometry":{"type":"Point","coordinates":[37.534378,55.787413]},"properties":{"osm_id":"node/6448679204","station_name":"ЦСКА","access_kind":"entrance","station_osm_id":"node/5436420781","entrance_ref":"1","network":"Московский метрополитен","match_rule":"stop_area_station","source":"OpenStreetMap/Overpass","source_snapshot":"2026-09-17T11:36:49Z"}},{"type":"Feature","id":"node/6475716342","geometry":{"type":"Point","coordinates":[37.421658,55.620946]},"properties":{"osm_id":"node/6475716342","station_name":"Саларьево","access_kind":"entrance","station_osm_id":"node/4006225428","entrance_ref":"6","network":"Московский метрополитен","match_rule":"stop_area_station","source":"OpenStreetMap/Overpass","source_snapshot":"2026-09-17T11:36:49Z"}},{"type":"Feature","id":"node/6475716343","geometry":{"type":"Point","coordinates":[37.423961,55.622267]},"properties":{"osm_id":"node/6475716343","station_name":"Саларьево","access_kind":"entrance","station_osm_id":"node/4006225428","entrance_ref":"2","network":"Московский метрополитен","match_rule":"stop_area_station","source":"OpenStreetMap/Overpass","source_snapshot":"2026-09-17T11:36:49Z"}},{"type":"Feature","id":"node/6508528975","geometry":{"type":"Point","coordinates":[37.406873,55.600731]},"properties":{"osm_id":"node/6508528975","station_name":"Филатов Луг","access_kind":"entrance","station_osm_id":"node/6560279951","entrance_ref":"2","network":"Московский метрополитен","match_rule":"stop_area_station","source":"OpenStreetMap/Overpass","source_snapshot":"2026-09-17T11:36:49Z"}},{"type":"Feature","id":"node/6508528976","geometry":{"type":"Point","coordinates":[37.409233,55.601351]},"properties":{"osm_id":"node/6508528976","station_name":"Филатов Луг","access_kind":"entrance","station_osm_id":"node/6560279951","entrance_ref":"1","network":"Московский метрополитен","match_rule":"stop_area_station","source":"OpenStreetMap/Overpass","source_snapshot":"2026-09-17T11:36:49Z"}},{"type":"Feature","id":"node/6508560306","geometry":{"type":"Point","coordinates":[37.432809,55.58592]},"properties":{"osm_id":"node/6508560306","station_name":"Прокшино","access_kind":"entrance","station_osm_id":"node/6560279950","entrance_ref":"1","network":"Московский метрополитен","match_rule":"stop_area_station","source":"OpenStreetMap/Overpass","source_snapshot":"2026-09-17T11:36:49Z"}},{"type":"Feature","id":"node/6508560307","geometry":{"type":"Point","coordinates":[37.43393,55.586817]},"properties":{"osm_id":"node/6508560307","station_name":"Прокшино","access_kind":"entrance","station_osm_id":"node/6560279950","entrance_ref":"2","network":"Московский метрополитен","match_rule":"stop_area_station","source":"OpenStreetMap/Overpass","source_snapshot":"2026-09-17T11:36:49Z"}},{"type":"Feature","id":"node/6508618433","geometry":{"type":"Point","coordinates":[37.468147,55.559458]},"properties":{"osm_id":"node/6508618433","station_name":"Новомосковская","access_kind":"entrance","station_osm_id":"node/6560279948","entrance_ref":"4","network":"Московский метрополитен","match_rule":"stop_area_station","source":"OpenStreetMap/Overpass","source_snapshot":"2026-09-17T11:36:49Z"}},{"type":"Feature","id":"node/6508618434","geometry":{"type":"Point","coordinates":[37.469772,55.560145]},"properties":{"osm_id":"node/6508618434","station_name":"Новомосковская","access_kind":"entrance","station_osm_id":"node/6560279948","entrance_ref":"1","network":"Московский метрополитен","match_rule":"stop_area_station","source":"OpenStreetMap/Overpass","source_snapshot":"2026-09-17T11:36:49Z"}},{"type":"Feature","id":"node/6508618435","geometry":{"type":"Point","coordinates":[37.470468,55.55979]},"properties":{"osm_id":"node/6508618435","station_name":"Новомосковская","access_kind":"entrance","station_osm_id":"node/6560279948","entrance_ref":"2","network":"Московский метрополитен","match_rule":"stop_area_station","source":"OpenStreetMap/Overpass","source_snapshot":"2026-09-17T11:36:49Z"}},{"type":"Feature","id":"node/6517974866","geometry":{"type":"Point","coordinates":[37.926935,55.703781]},"properties":{"osm_id":"node/6517974866","station_name":"Некрасовка","access_kind":"entrance","station_osm_id":"node/6518539852","entrance_ref":"5","network":"Московский метрополитен","match_rule":"stop_area_station","source":"OpenStreetMap/Overpass","source_snapshot":"2026-09-17T11:36:49Z"}},{"type":"Feature","id":"node/6517974867","geometry":{"type":"Point","coordinates":[37.926484,55.703487]},"properties":{"osm_id":"node/6517974867","station_name":"Некрасовка","access_kind":"entrance","station_osm_id":"node/6518539852","entrance_ref":"6","network":"Московский метрополитен","match_rule":"stop_area_station","source":"OpenStreetMap/Overpass","source_snapshot":"2026-09-17T11:36:49Z"}},{"type":"Feature","id":"node/6518627283","geometry":{"type":"Point","coordinates":[37.850471,55.70427]},"properties":{"osm_id":"node/6518627283","station_name":"Косино","access_kind":"entrance","station_osm_id":"node/6518539849","entrance_ref":"7","network":"Московский метрополитен","match_rule":"stop_area_station","source":"OpenStreetMap/Overpass","source_snapshot":"2026-09-17T11:36:49Z"}},{"type":"Feature","id":"node/6518676253","geometry":{"type":"Point","coordinates":[37.924349,55.703818]},"properties":{"osm_id":"node/6518676253","station_name":"Некрасовка","access_kind":"entrance","station_osm_id":"node/6518539852","entrance_ref":"10","network":"Московский метрополитен","match_rule":"stop_area_station","source":"OpenStreetMap/Overpass","source_snapshot":"2026-09-17T11:36:49Z"}},{"type":"Feature","id":"node/6518676260","geometry":{"type":"Point","coordinates":[37.92533,55.704615]},"properties":{"osm_id":"node/6518676260","station_name":"Некрасовка","access_kind":"entrance","station_osm_id":"node/6518539852","entrance_ref":"11","network":"Московский метрополитен","match_rule":"stop_area_station","source":"OpenStreetMap/Overpass","source_snapshot":"2026-09-17T11:36:49Z"}},{"type":"Feature","id":"node/6518676261","geometry":{"type":"Point","coordinates":[37.925703,55.703172]},"properties":{"osm_id":"node/6518676261","station_name":"Некрасовка","access_kind":"entrance","station_osm_id":"node/6518539852","entrance_ref":"7","network":"Московский метрополитен","match_rule":"stop_area_station","source":"OpenStreetMap/Overpass","source_snapshot":"2026-09-17T11:36:49Z"}},{"type":"Feature","id":"node/654015596","geometry":{"type":"Point","coordinates":[37.713893,55.796327]},"properties":{"osm_id":"node/654015596","station_name":"Преображенская площадь","access_kind":"entrance","station_osm_id":"node/265949958","entrance_ref":"7","network":"Московский метрополитен","match_rule":"stop_area_station","source":"OpenStreetMap/Overpass","source_snapshot":"2026-09-17T11:36:49Z"}},{"type":"Feature","id":"node/654015602","geometry":{"type":"Point","coordinates":[37.713338,55.796229]},"properties":{"osm_id":"node/654015602","station_name":"Преображенская площадь","access_kind":"entrance","station_osm_id":"node/265949958","entrance_ref":"8","network":"Московский метрополитен","match_rule":"stop_area_station","source":"OpenStreetMap/Overpass","source_snapshot":"2026-09-17T11:36:49Z"}},{"type":"Feature","id":"node/654015604","geometry":{"type":"Point","coordinates":[37.717593,55.796066]},"properties":{"osm_id":"node/654015604","station_name":"Преображенская площадь","access_kind":"entrance","station_osm_id":"node/265949958","entrance_ref":"5","network":"Московский метрополитен","match_rule":"stop_area_station","source":"OpenStreetMap/Overpass","source_snapshot":"2026-09-17T11:36:49Z"}},{"type":"Feature","id":"node/654015607","geometry":{"type":"Point","coordinates":[37.717039,55.796913]},"properties":{"osm_id":"node/654015607","station_name":"Преображенская площадь","access_kind":"entrance","station_osm_id":"node/265949958","entrance_ref":"2","network":"Московский метрополитен","match_rule":"stop_area_station","source":"OpenStreetMap/Overpass","source_snapshot":"2026-09-17T11:36:49Z"}},{"type":"Feature","id":"node/654015609","geometry":{"type":"Point","coordinates":[37.716578,55.796831]},"properties":{"osm_id":"node/654015609","station_name":"Преображенская площадь","access_kind":"entrance","station_osm_id":"node/265949958","entrance_ref":"1","network":"Московский метрополитен","match_rule":"stop_area_station","source":"OpenStreetMap/Overpass","source_snapshot":"2026-09-17T11:36:49Z"}},{"type":"Feature","id":"node/654015612","geometry":{"type":"Point","coordinates":[37.714866,55.795254]},"properties":{"osm_id":"node/654015612","station_name":"Преображенская площадь","access_kind":"entrance","station_osm_id":"node/265949958","entrance_ref":"12","network":"Московский метрополитен","match_rule":"stop_area_station","source":"OpenStreetMap/Overpass","source_snapshot":"2026-09-17T11:36:49Z"}},{"type":"Feature","id":"node/654015615","geometry":{"type":"Point","coordinates":[37.717014,55.795962]},"properties":{"osm_id":"node/654015615","station_name":"Преображенская площадь","access_kind":"entrance","station_osm_id":"node/265949958","entrance_ref":"6","network":"Московский метрополитен","match_rule":"stop_area_station","source":"OpenStreetMap/Overpass","source_snapshot":"2026-09-17T11:36:49Z"}},{"type":"Feature","id":"node/654015638","geometry":{"type":"Point","coordinates":[37.714174,55.795202]},"properties":{"osm_id":"node/654015638","station_name":"Преображенская площадь","access_kind":"entrance","station_osm_id":"node/265949958","entrance_ref":"11","network":"Московский метрополитен","match_rule":"stop_area_station","source":"OpenStreetMap/Overpass","source_snapshot":"2026-09-17T11:36:49Z"}},{"type":"Feature","id":"node/654015641","geometry":{"type":"Point","coordinates":[37.714843,55.795568]},"properties":{"osm_id":"node/654015641","station_name":"Преображенская площадь","access_kind":"entrance","station_osm_id":"node/265949958","entrance_ref":"13","network":"Московский метрополитен","match_rule":"stop_area_station","source":"OpenStreetMap/Overpass","source_snapshot":"2026-09-17T11:36:49Z"}},{"type":"Feature","id":"node/6540548804","geometry":{"type":"Point","coordinates":[37.663398,55.694478]},"properties":{"osm_id":"node/6540548804","station_name":"Технопарк","access_kind":"entrance","station_osm_id":"node/292148161","entrance_ref":"3","network":"Московский метрополитен","match_rule":"stop_area_station","source":"OpenStreetMap/Overpass","source_snapshot":"2026-09-17T11:36:49Z"}},{"type":"Feature","id":"node/6540548805","geometry":{"type":"Point","coordinates":[37.666995,55.694384]},"properties":{"osm_id":"node/6540548805","station_name":"Технопарк","access_kind":"entrance","station_osm_id":"node/292148161","entrance_ref":"8","network":"Московский метрополитен","match_rule":"stop_area_station","source":"OpenStreetMap/Overpass","source_snapshot":"2026-09-17T11:36:49Z"}},{"type":"Feature","id":"node/6541972536","geometry":{"type":"Point","coordinates":[37.468681,55.55979]},"properties":{"osm_id":"node/6541972536","station_name":"Новомосковская","access_kind":"entrance","station_osm_id":"node/6560279948","entrance_ref":"3","network":"Московский метрополитен","match_rule":"stop_area_station","source":"OpenStreetMap/Overpass","source_snapshot":"2026-09-17T11:36:49Z"}},{"type":"Feature","id":"node/654315197","geometry":{"type":"Point","coordinates":[37.717425,55.796359]},"properties":{"osm_id":"node/654315197","station_name":"Преображенская площадь","access_kind":"entrance","station_osm_id":"node/265949958","entrance_ref":"4","network":"Московский метрополитен","match_rule":"stop_area_station","source":"OpenStreetMap/Overpass","source_snapshot":"2026-09-17T11:36:49Z"}},{"type":"Feature","id":"node/654315230","geometry":{"type":"Point","coordinates":[37.713539,55.795901]},"properties":{"osm_id":"node/654315230","station_name":"Преображенская площадь","access_kind":"entrance","station_osm_id":"node/265949958","entrance_ref":"9","network":"Московский метрополитен","match_rule":"stop_area_station","source":"OpenStreetMap/Overpass","source_snapshot":"2026-09-17T11:36:49Z"}},{"type":"Feature","id":"node/6550914785","geometry":{"type":"Point","coordinates":[37.487194,55.81449]},"properties":{"osm_id":"node/6550914785","station_name":"Стрешнево","access_kind":"entrance","station_osm_id":"relation/6604118","entrance_ref":"3","network":"МЦК","match_rule":"stop_area_relation","source":"OpenStreetMap/Overpass","source_snapshot":"2026-09-17T11:36:49Z"}},{"type":"Feature","id":"node/6562838402","geometry":{"type":"Point","coordinates":[37.458877,55.569139]},"properties":{"osm_id":"node/6562838402","station_name":"Ольховая","access_kind":"entrance","station_osm_id":"node/6560279949","entrance_ref":"1","network":"Московский метрополитен","match_rule":"stop_area_station","source":"OpenStreetMap/Overpass","source_snapshot":"2026-09-17T11:36:49Z"}},{"type":"Feature","id":"node/6563780410","geometry":{"type":"Point","coordinates":[37.458983,55.569165]},"properties":{"osm_id":"node/6563780410","station_name":"Ольховая","access_kind":"entrance","station_osm_id":"node/6560279949","entrance_ref":"1","network":"Московский метрополитен","match_rule":"stop_area_station","source":"OpenStreetMap/Overpass","source_snapshot":"2026-09-17T11:36:49Z"}},{"type":"Feature","id":"node/657746323","geometry":{"type":"Point","coordinates":[37.735129,55.81349]},"properties":{"osm_id":"node/657746323","station_name":"Бульвар Рокоссовского","access_kind":"entrance","station_osm_id":"node/265949954","entrance_ref":"4","network":"Московский метрополитен","match_rule":"stop_area_station","source":"OpenStreetMap/Overpass","source_snapshot":"2026-09-17T11:36:49Z"}},{"type":"Feature","id":"node/657746326","geometry":{"type":"Point","coordinates":[37.735147,55.813253]},"properties":{"osm_id":"node/657746326","station_name":"Бульвар Рокоссовского","access_kind":"entrance","station_osm_id":"node/265949954","entrance_ref":"5","network":"Московский метрополитен","match_rule":"stop_area_station","source":"OpenStreetMap/Overpass","source_snapshot":"2026-09-17T11:36:49Z"}},{"type":"Feature","id":"node/661191298","geometry":{"type":"Point","coordinates":[37.53147,55.606874]},"properties":{"osm_id":"node/661191298","station_name":"Ясенево","access_kind":"entrance","station_osm_id":"node/264162888","entrance_ref":"7","network":"Московский метрополитен","match_rule":"stop_area_station","source":"OpenStreetMap/Overpass","source_snapshot":"2026-09-17T11:36:49Z"}},{"type":"Feature","id":"node/661191303","geometry":{"type":"Point","coordinates":[37.533114,55.606516]},"properties":{"osm_id":"node/661191303","station_name":"Ясенево","access_kind":"entrance","station_osm_id":"node/264162888","entrance_ref":"8","network":"Московский метрополитен","match_rule":"stop_area_station","source":"OpenStreetMap/Overpass","source_snapshot":"2026-09-17T11:36:49Z"}},{"type":"Feature","id":"node/6615154952","geometry":{"type":"Point","coordinates":[37.665889,55.694578]},"properties":{"osm_id":"node/6615154952","station_name":"Технопарк","access_kind":"entrance","station_osm_id":"node/292148161","entrance_ref":"6","network":"Московский метрополитен","match_rule":"stop_area_station","source":"OpenStreetMap/Overpass","source_snapshot":"2026-09-17T11:36:49Z"}},{"type":"Feature","id":"node/661992085","geometry":{"type":"Point","coordinates":[37.526562,55.643555]},"properties":{"osm_id":"node/661992085","station_name":"Беляево","access_kind":"entrance","station_osm_id":"node/282416839","entrance_ref":"6","network":"Московский метрополитен","match_rule":"stop_area_station","source":"OpenStreetMap/Overpass","source_snapshot":"2026-09-17T11:36:49Z"}},{"type":"Feature","id":"node/661992088","geometry":{"type":"Point","coordinates":[37.527203,55.643422]},"properties":{"osm_id":"node/661992088","station_name":"Беляево","access_kind":"entrance","station_osm_id":"node/282416839","entrance_ref":"8","network":"Московский метрополитен","match_rule":"stop_area_station","source":"OpenStreetMap/Overpass","source_snapshot":"2026-09-17T11:36:49Z"}},{"type":"Feature","id":"node/663152228","geometry":{"type":"Point","coordinates":[37.600267,55.653429]},"properties":{"osm_id":"node/663152228","station_name":"Каховская","access_kind":"entrance","station_osm_id":"node/314679443","entrance_ref":"9","network":"Московский метрополитен","match_rule":"stop_area_station","source":"OpenStreetMap/Overpass","source_snapshot":"2026-09-17T11:36:49Z"}},{"type":"Feature","id":"node/663152229","geometry":{"type":"Point","coordinates":[37.599582,55.653424]},"properties":{"osm_id":"node/663152229","station_name":"Каховская","access_kind":"entrance","station_osm_id":"node/314679443","entrance_ref":"8","network":"Московский метрополитен","match_rule":"stop_area_station","source":"OpenStreetMap/Overpass","source_snapshot":"2026-09-17T11:36:49Z"}},{"type":"Feature","id":"node/663152230","geometry":{"type":"Point","coordinates":[37.600443,55.652978]},"properties":{"osm_id":"node/663152230","station_name":"Каховская","access_kind":"entrance","station_osm_id":"node/314679443","entrance_ref":"10","network":"Московский метрополитен","match_rule":"stop_area_station","source":"OpenStreetMap/Overpass","source_snapshot":"2026-09-17T11:36:49Z"}},{"type":"Feature","id":"node/663152231","geometry":{"type":"Point","coordinates":[37.59977,55.652975]},"properties":{"osm_id":"node/663152231","station_name":"Каховская","access_kind":"entrance","station_osm_id":"node/314679443","entrance_ref":"11","network":"Московский метрополитен","match_rule":"stop_area_station","source":"OpenStreetMap/Overpass","source_snapshot":"2026-09-17T11:36:49Z"}},{"type":"Feature","id":"node/663152234","geometry":{"type":"Point","coordinates":[37.59659,55.652469]},"properties":{"osm_id":"node/663152234","station_name":"Каховская","access_kind":"entrance","station_osm_id":"node/314679443","entrance_ref":"6","network":"Московский метрополитен","match_rule":"stop_area_station","source":"OpenStreetMap/Overpass","source_snapshot":"2026-09-17T11:36:49Z"}},{"type":"Feature","id":"node/663156548","geometry":{"type":"Point","coordinates":[37.604874,55.641721]},"properties":{"osm_id":"node/663156548","station_name":"Чертановская","access_kind":"entrance","station_osm_id":"node/296953136","entrance_ref":"3","network":"Московский метрополитен","match_rule":"stop_area_station","source":"OpenStreetMap/Overpass","source_snapshot":"2026-09-17T11:36:49Z"}},{"type":"Feature","id":"node/663156550","geometry":{"type":"Point","coordinates":[37.605238,55.641923]},"properties":{"osm_id":"node/663156550","station_name":"Чертановская","access_kind":"entrance","station_osm_id":"node/296953136","entrance_ref":"2","network":"Московский метрополитен","match_rule":"stop_area_station","source":"OpenStreetMap/Overpass","source_snapshot":"2026-09-17T11:36:49Z"}},{"type":"Feature","id":"node/663156551","geometry":{"type":"Point","coordinates":[37.605885,55.64029]},"properties":{"osm_id":"node/663156551","station_name":"Чертановская","access_kind":"entrance","station_osm_id":"node/296953136","entrance_ref":"8","network":"Московский метрополитен","match_rule":"stop_area_station","source":"OpenStreetMap/Overpass","source_snapshot":"2026-09-17T11:36:49Z"}},{"type":"Feature","id":"node/663156554","geometry":{"type":"Point","coordinates":[37.60459,55.641135]},"properties":{"osm_id":"node/663156554","station_name":"Чертановская","access_kind":"entrance","station_osm_id":"node/296953136","entrance_ref":"4","network":"Московский метрополитен","match_rule":"stop_area_station","source":"OpenStreetMap/Overpass","source_snapshot":"2026-09-17T11:36:49Z"}},{"type":"Feature","id":"node/663656413","geometry":{"type":"Point","coordinates":[37.418144,55.740343]},"properties":{"osm_id":"node/663656413","station_name":"Молодёжная","access_kind":"entrance","station_osm_id":"node/244036228","entrance_ref":"2","network":"Московский метрополитен","match_rule":"stop_area_station","source":"OpenStreetMap/Overpass","source_snapshot":"2026-09-17T11:36:49Z"}},{"type":"Feature","id":"node/6640600577","geometry":{"type":"Point","coordinates":[37.667032,55.694678]},"properties":{"osm_id":"node/6640600577","station_name":"Технопарк","access_kind":"entrance","station_osm_id":"node/292148161","entrance_ref":"7","network":"Московский метрополитен","match_rule":"stop_area_station","source":"OpenStreetMap/Overpass","source_snapshot":"2026-09-17T11:36:49Z"}},{"type":"Feature","id":"node/665546032","geometry":{"type":"Point","coordinates":[37.51588,55.736446]},"properties":{"osm_id":"node/665546032","station_name":"Парк Победы","access_kind":"entrance","station_osm_id":"node/10852613370","entrance_ref":"2","network":"Московский метрополитен","match_rule":"stop_area_station","source":"OpenStreetMap/Overpass","source_snapshot":"2026-09-17T11:36:49Z"}},{"type":"Feature","id":"node/666528523","geometry":{"type":"Point","coordinates":[37.640087,55.766988]},"properties":{"osm_id":"node/666528523","station_name":"Сретенский бульвар","access_kind":"station","station_osm_id":"node/666528523","entrance_ref":null,"network":"Московский метрополитен","match_rule":"station_fallback","source":"OpenStreetMap/Overpass","source_snapshot":"2026-09-17T11:36:49Z"}},{"type":"Feature","id":"node/667010143","geometry":{"type":"Point","coordinates":[37.630056,55.756236]},"properties":{"osm_id":"node/667010143","station_name":"Китай-город","access_kind":"entrance","station_osm_id":"node/5176322726","entrance_ref":"1","network":"Московский метрополитен","match_rule":"stop_area_station","source":"OpenStreetMap/Overpass","source_snapshot":"2026-09-17T11:36:49Z"}},{"type":"Feature","id":"node/667010162","geometry":{"type":"Point","coordinates":[37.629514,55.756633]},"properties":{"osm_id":"node/667010162","station_name":"Китай-город","access_kind":"entrance","station_osm_id":"node/5176322726","entrance_ref":"2","network":"Московский метрополитен","match_rule":"stop_area_station","source":"OpenStreetMap/Overpass","source_snapshot":"2026-09-17T11:36:49Z"}},{"type":"Feature","id":"node/667010195","geometry":{"type":"Point","coordinates":[37.63174,55.757334]},"properties":{"osm_id":"node/667010195","station_name":"Китай-город","access_kind":"entrance","station_osm_id":"node/5176322726","entrance_ref":"5","network":"Московский метрополитен","match_rule":"stop_area_station","source":"OpenStreetMap/Overpass","source_snapshot":"2026-09-17T11:36:49Z"}},{"type":"Feature","id":"node/668718141","geometry":{"type":"Point","coordinates":[37.415872,55.741335]},"properties":{"osm_id":"node/668718141","station_name":"Молодёжная","access_kind":"entrance","station_osm_id":"node/244036228","entrance_ref":"1","network":"Московский метрополитен","match_rule":"stop_area_station","source":"OpenStreetMap/Overpass","source_snapshot":"2026-09-17T11:36:49Z"}},{"type":"Feature","id":"node/671374609","geometry":{"type":"Point","coordinates":[37.817122,55.715778]},"properties":{"osm_id":"node/671374609","station_name":"Выхино","access_kind":"entrance","station_osm_id":"node/253016895","entrance_ref":"3","network":"Московский метрополитен","match_rule":"stop_area_station","source":"OpenStreetMap/Overpass","source_snapshot":"2026-09-17T11:36:49Z"}},{"type":"Feature","id":"node/683406568","geometry":{"type":"Point","coordinates":[37.405178,55.802919]},"properties":{"osm_id":"node/683406568","station_name":"Строгино","access_kind":"entrance","station_osm_id":"node/5202107564","entrance_ref":"7","network":"Московский метрополитен","match_rule":"stop_area_station","source":"OpenStreetMap/Overpass","source_snapshot":"2026-09-17T11:36:49Z"}},{"type":"Feature","id":"node/683406583","geometry":{"type":"Point","coordinates":[37.404781,55.80383]},"properties":{"osm_id":"node/683406583","station_name":"Строгино","access_kind":"entrance","station_osm_id":"node/5202107564","entrance_ref":"5","network":"Московский метрополитен","match_rule":"stop_area_station","source":"OpenStreetMap/Overpass","source_snapshot":"2026-09-17T11:36:49Z"}},{"type":"Feature","id":"node/683406606","geometry":{"type":"Point","coordinates":[37.401413,55.803728]},"properties":{"osm_id":"node/683406606","station_name":"Строгино","access_kind":"entrance","station_osm_id":"node/5202107564","entrance_ref":"1","network":"Московский метрополитен","match_rule":"stop_area_station","source":"OpenStreetMap/Overpass","source_snapshot":"2026-09-17T11:36:49Z"}},{"type":"Feature","id":"node/683406657","geometry":{"type":"Point","coordinates":[37.405684,55.803634]},"properties":{"osm_id":"node/683406657","station_name":"Строгино","access_kind":"entrance","station_osm_id":"node/5202107564","entrance_ref":"6","network":"Московский метрополитен","match_rule":"stop_area_station","source":"OpenStreetMap/Overpass","source_snapshot":"2026-09-17T11:36:49Z"}},{"type":"Feature","id":"node/688350117","geometry":{"type":"Point","coordinates":[37.651372,55.85484]},"properties":{"osm_id":"node/688350117","station_name":"Свиблово","access_kind":"entrance","station_osm_id":"node/268521588","entrance_ref":"5","network":"Московский метрополитен","match_rule":"stop_area_station","source":"OpenStreetMap/Overpass","source_snapshot":"2026-09-17T11:36:49Z"}},{"type":"Feature","id":"node/688350119","geometry":{"type":"Point","coordinates":[37.651055,55.85455]},"properties":{"osm_id":"node/688350119","station_name":"Свиблово","access_kind":"entrance","station_osm_id":"node/268521588","entrance_ref":"4","network":"Московский метрополитен","match_rule":"stop_area_station","source":"OpenStreetMap/Overpass","source_snapshot":"2026-09-17T11:36:49Z"}},{"type":"Feature","id":"node/690185295","geometry":{"type":"Point","coordinates":[37.729327,55.708403]},"properties":{"osm_id":"node/690185295","station_name":"Текстильщики","access_kind":"entrance","station_osm_id":"node/253016893","entrance_ref":null,"network":"Московский метрополитен","match_rule":"stop_area_station","source":"OpenStreetMap/Overpass","source_snapshot":"2026-09-17T11:36:49Z"}},{"type":"Feature","id":"node/690185296","geometry":{"type":"Point","coordinates":[37.729587,55.708416]},"properties":{"osm_id":"node/690185296","station_name":"Текстильщики","access_kind":"entrance","station_osm_id":"node/253016893","entrance_ref":null,"network":"Московский метрополитен","match_rule":"stop_area_station","source":"OpenStreetMap/Overpass","source_snapshot":"2026-09-17T11:36:49Z"}},{"type":"Feature","id":"node/697351496","geometry":{"type":"Point","coordinates":[37.438099,55.828164]},"properties":{"osm_id":"node/697351496","station_name":"Тушинская","access_kind":"entrance","station_osm_id":"node/296959504","entrance_ref":"3","network":"Московский метрополитен","match_rule":"stop_area_station","source":"OpenStreetMap/Overpass","source_snapshot":"2026-09-17T11:36:49Z"}},{"type":"Feature","id":"node/697354163","geometry":{"type":"Point","coordinates":[37.435984,55.825598]},"properties":{"osm_id":"node/697354163","station_name":"Тушинская","access_kind":"entrance","station_osm_id":"node/296959504","entrance_ref":"5","network":"Московский метрополитен","match_rule":"stop_area_station","source":"OpenStreetMap/Overpass","source_snapshot":"2026-09-17T11:36:49Z"}},{"type":"Feature","id":"node/697354166","geometry":{"type":"Point","coordinates":[37.436971,55.825387]},"properties":{"osm_id":"node/697354166","station_name":"Тушинская","access_kind":"entrance","station_osm_id":"node/296959504","entrance_ref":"4","network":"Московский метрополитен","match_rule":"stop_area_station","source":"OpenStreetMap/Overpass","source_snapshot":"2026-09-17T11:36:49Z"}},{"type":"Feature","id":"node/697436482","geometry":{"type":"Point","coordinates":[37.575319,55.836676]},"properties":{"osm_id":"node/697436482","station_name":"Петровско-Разумовская","access_kind":"entrance","station_osm_id":"node/5202080142","entrance_ref":"1","network":"Московский метрополитен","match_rule":"stop_area_station","source":"OpenStreetMap/Overpass","source_snapshot":"2026-09-17T11:36:49Z"}},{"type":"Feature","id":"node/699905029","geometry":{"type":"Point","coordinates":[37.610262,55.751982]},"properties":{"osm_id":"node/699905029","station_name":"Библиотека имени Ленина","access_kind":"entrance","station_osm_id":"node/278692958","entrance_ref":"1","network":"Московский метрополитен","match_rule":"stop_area_station","source":"OpenStreetMap/Overpass","source_snapshot":"2026-09-17T11:36:49Z"}},{"type":"Feature","id":"node/699905129","geometry":{"type":"Point","coordinates":[37.6101,55.752246]},"properties":{"osm_id":"node/699905129","station_name":"Александровский сад","access_kind":"entrance","station_osm_id":"node/253228506","entrance_ref":"2","network":"Московский метрополитен","match_rule":"stop_area_station","source":"OpenStreetMap/Overpass","source_snapshot":"2026-09-17T11:36:49Z"}},{"type":"Feature","id":"node/699988222","geometry":{"type":"Point","coordinates":[37.623688,55.683782]},"properties":{"osm_id":"node/699988222","station_name":"Нагатинская","access_kind":"entrance","station_osm_id":"node/296953132","entrance_ref":"7","network":"Московский метрополитен","match_rule":"stop_area_station","source":"OpenStreetMap/Overpass","source_snapshot":"2026-09-17T11:36:49Z"}},{"type":"Feature","id":"node/699988223","geometry":{"type":"Point","coordinates":[37.623616,55.684122]},"properties":{"osm_id":"node/699988223","station_name":"Нагатинская","access_kind":"entrance","station_osm_id":"node/296953132","entrance_ref":"6","network":"Московский метрополитен","match_rule":"stop_area_station","source":"OpenStreetMap/Overpass","source_snapshot":"2026-09-17T11:36:49Z"}},{"type":"Feature","id":"node/699988225","geometry":{"type":"Point","coordinates":[37.622786,55.684095]},"properties":{"osm_id":"node/699988225","station_name":"Нагатинская","access_kind":"entrance","station_osm_id":"node/296953132","entrance_ref":"4","network":"Московский метрополитен","match_rule":"stop_area_station","source":"OpenStreetMap/Overpass","source_snapshot":"2026-09-17T11:36:49Z"}},{"type":"Feature","id":"node/706099910","geometry":{"type":"Point","coordinates":[37.818253,55.751673]},"properties":{"osm_id":"node/706099910","station_name":"Новогиреево","access_kind":"entrance","station_osm_id":"node/255744331","entrance_ref":"1","network":"Московский метрополитен","match_rule":"stop_area_station","source":"OpenStreetMap/Overpass","source_snapshot":"2026-09-17T11:36:49Z"}},{"type":"Feature","id":"node/706099911","geometry":{"type":"Point","coordinates":[37.818878,55.751582]},"properties":{"osm_id":"node/706099911","station_name":"Новогиреево","access_kind":"entrance","station_osm_id":"node/255744331","entrance_ref":"2","network":"Московский метрополитен","match_rule":"stop_area_station","source":"OpenStreetMap/Overpass","source_snapshot":"2026-09-17T11:36:49Z"}},{"type":"Feature","id":"node/706100467","geometry":{"type":"Point","coordinates":[37.818077,55.751274]},"properties":{"osm_id":"node/706100467","station_name":"Новогиреево","access_kind":"entrance","station_osm_id":"node/255744331","entrance_ref":"4","network":"Московский метрополитен","match_rule":"stop_area_station","source":"OpenStreetMap/Overpass","source_snapshot":"2026-09-17T11:36:49Z"}},{"type":"Feature","id":"node/706100469","geometry":{"type":"Point","coordinates":[37.818662,55.751189]},"properties":{"osm_id":"node/706100469","station_name":"Новогиреево","access_kind":"entrance","station_osm_id":"node/255744331","entrance_ref":"3","network":"Московский метрополитен","match_rule":"stop_area_station","source":"OpenStreetMap/Overpass","source_snapshot":"2026-09-17T11:36:49Z"}},{"type":"Feature","id":"node/708693262","geometry":{"type":"Point","coordinates":[37.560131,55.765774]},"properties":{"osm_id":"node/708693262","station_name":"Улица 1905 года","access_kind":"entrance","station_osm_id":"node/296959509","entrance_ref":"3","network":"Московский метрополитен","match_rule":"stop_area_station","source":"OpenStreetMap/Overpass","source_snapshot":"2026-09-17T11:36:49Z"}},{"type":"Feature","id":"node/722144674","geometry":{"type":"Point","coordinates":[37.744583,55.805146]},"properties":{"osm_id":"node/722144674","station_name":"Черкизовская","access_kind":"entrance","station_osm_id":"node/265949956","entrance_ref":"5","network":"Московский метрополитен","match_rule":"stop_area_station","source":"OpenStreetMap/Overpass","source_snapshot":"2026-09-17T11:36:49Z"}},{"type":"Feature","id":"node/7263012734","geometry":{"type":"Point","coordinates":[37.507041,55.789438]},"properties":{"osm_id":"node/7263012734","station_name":"Зорге","access_kind":"entrance","station_osm_id":"relation/6604111","entrance_ref":"2","network":"МЦК","match_rule":"stop_area_relation","source":"OpenStreetMap/Overpass","source_snapshot":"2026-09-17T11:36:49Z"}},{"type":"Feature","id":"node/7263012735","geometry":{"type":"Point","coordinates":[37.507068,55.789383]},"properties":{"osm_id":"node/7263012735","station_name":"Зорге","access_kind":"entrance","station_osm_id":"relation/6604111","entrance_ref":"2","network":"МЦК","match_rule":"stop_area_relation","source":"OpenStreetMap/Overpass","source_snapshot":"2026-09-17T11:36:49Z"}},{"type":"Feature","id":"node/7299604239","geometry":{"type":"Point","coordinates":[37.532939,55.747706]},"properties":{"osm_id":"node/7299604239","station_name":"Москва-Сити","access_kind":"entrance","station_osm_id":"node/255856078","entrance_ref":"5","network":"Московский метрополитен","match_rule":"nearest_station","source":"OpenStreetMap/Overpass","source_snapshot":"2026-09-17T11:36:49Z"}},{"type":"Feature","id":"node/7299604241","geometry":{"type":"Point","coordinates":[37.532821,55.74817]},"properties":{"osm_id":"node/7299604241","station_name":"Москва-Сити","access_kind":"entrance","station_osm_id":"node/255856078","entrance_ref":"4","network":"Московский метрополитен","match_rule":"stop_area_station","source":"OpenStreetMap/Overpass","source_snapshot":"2026-09-17T11:36:49Z"}},{"type":"Feature","id":"node/7319337470","geometry":{"type":"Point","coordinates":[37.704918,55.764435]},"properties":{"osm_id":"node/7319337470","station_name":"Лефортово","access_kind":"entrance","station_osm_id":"node/7340764979","entrance_ref":"1","network":"Московский метрополитен","match_rule":"stop_area_station","source":"OpenStreetMap/Overpass","source_snapshot":"2026-09-17T11:36:49Z"}},{"type":"Feature","id":"node/7320562019","geometry":{"type":"Point","coordinates":[37.780264,55.718642]},"properties":{"osm_id":"node/7320562019","station_name":"Окская","access_kind":"entrance","station_osm_id":"node/7335380503","entrance_ref":"1","network":"Московский метрополитен","match_rule":"stop_area_station","source":"OpenStreetMap/Overpass","source_snapshot":"2026-09-17T11:36:49Z"}},{"type":"Feature","id":"node/7334758449","geometry":{"type":"Point","coordinates":[37.705679,55.76504]},"properties":{"osm_id":"node/7334758449","station_name":"Лефортово","access_kind":"entrance","station_osm_id":"node/7340764979","entrance_ref":"1","network":"Московский метрополитен","match_rule":"stop_area_station","source":"OpenStreetMap/Overpass","source_snapshot":"2026-09-17T11:36:49Z"}},{"type":"Feature","id":"node/7334758450","geometry":{"type":"Point","coordinates":[37.704854,55.764606]},"properties":{"osm_id":"node/7334758450","station_name":"Лефортово","access_kind":"entrance","station_osm_id":"node/7340764979","entrance_ref":"1","network":"Московский метрополитен","match_rule":"stop_area_station","source":"OpenStreetMap/Overpass","source_snapshot":"2026-09-17T11:36:49Z"}},{"type":"Feature","id":"node/7335277170","geometry":{"type":"Point","coordinates":[37.719692,55.753214]},"properties":{"osm_id":"node/7335277170","station_name":"Авиамоторная","access_kind":"entrance","station_osm_id":"node/7340764980","entrance_ref":"10","network":"Московский метрополитен","match_rule":"stop_area_station","source":"OpenStreetMap/Overpass","source_snapshot":"2026-09-17T11:36:49Z"}},{"type":"Feature","id":"node/7354011546","geometry":{"type":"Point","coordinates":[37.816619,55.705938]},"properties":{"osm_id":"node/7354011546","station_name":"Юго-Восточная","access_kind":"entrance","station_osm_id":"node/7339988431","entrance_ref":"4","network":"Московский метрополитен","match_rule":"stop_area_station","source":"OpenStreetMap/Overpass","source_snapshot":"2026-09-17T11:36:49Z"}},{"type":"Feature","id":"node/7354011547","geometry":{"type":"Point","coordinates":[37.81784,55.705814]},"properties":{"osm_id":"node/7354011547","station_name":"Юго-Восточная","access_kind":"entrance","station_osm_id":"node/7339988431","entrance_ref":"2","network":"Московский метрополитен","match_rule":"stop_area_station","source":"OpenStreetMap/Overpass","source_snapshot":"2026-09-17T11:36:49Z"}},{"type":"Feature","id":"node/7354011548","geometry":{"type":"Point","coordinates":[37.817975,55.705087]},"properties":{"osm_id":"node/7354011548","station_name":"Юго-Восточная","access_kind":"entrance","station_osm_id":"node/7339988431","entrance_ref":"1","network":"Московский метрополитен","match_rule":"stop_area_station","source":"OpenStreetMap/Overpass","source_snapshot":"2026-09-17T11:36:49Z"}},{"type":"Feature","id":"node/7356134770","geometry":{"type":"Point","coordinates":[37.853361,55.699635]},"properties":{"osm_id":"node/7356134770","station_name":"Лермонтовский проспект","access_kind":"entrance","station_osm_id":"node/2525101863","entrance_ref":"4","network":"Московский метрополитен","match_rule":"stop_area_station","source":"OpenStreetMap/Overpass","source_snapshot":"2026-09-17T11:36:49Z"}},{"type":"Feature","id":"node/7454501831","geometry":{"type":"Point","coordinates":[37.506561,55.777716]},"properties":{"osm_id":"node/7454501831","station_name":"Хорошёво","access_kind":"entrance","station_osm_id":"relation/7588514","entrance_ref":"2","network":null,"match_rule":"stop_area_relation","source":"OpenStreetMap/Overpass","source_snapshot":"2026-09-17T11:36:49Z"}},{"type":"Feature","id":"node/759277943","geometry":{"type":"Point","coordinates":[37.623088,55.653757]},"properties":{"osm_id":"node/759277943","station_name":"Варшавская","access_kind":"entrance","station_osm_id":"node/10702113003","entrance_ref":"4","network":"Московский метрополитен","match_rule":"stop_area_station","source":"OpenStreetMap/Overpass","source_snapshot":"2026-09-17T11:36:49Z"}},{"type":"Feature","id":"node/762987607","geometry":{"type":"Point","coordinates":[37.641075,55.819983]},"properties":{"osm_id":"node/762987607","station_name":"ВДНХ","access_kind":"entrance","station_osm_id":"node/5202107574","entrance_ref":"4","network":"Московский метрополитен","match_rule":"stop_area_station","source":"OpenStreetMap/Overpass","source_snapshot":"2026-09-17T11:36:49Z"}},{"type":"Feature","id":"node/762987611","geometry":{"type":"Point","coordinates":[37.640688,55.819612]},"properties":{"osm_id":"node/762987611","station_name":"ВДНХ","access_kind":"entrance","station_osm_id":"node/5202107574","entrance_ref":"5","network":"Московский метрополитен","match_rule":"stop_area_station","source":"OpenStreetMap/Overpass","source_snapshot":"2026-09-17T11:36:49Z"}},{"type":"Feature","id":"node/762990996","geometry":{"type":"Point","coordinates":[37.639949,55.82029]},"properties":{"osm_id":"node/762990996","station_name":"ВДНХ","access_kind":"entrance","station_osm_id":"node/5202107574","entrance_ref":"3","network":"Московский метрополитен","match_rule":"stop_area_station","source":"OpenStreetMap/Overpass","source_snapshot":"2026-09-17T11:36:49Z"}},{"type":"Feature","id":"node/7667511597","geometry":{"type":"Point","coordinates":[37.816493,55.705642]},"properties":{"osm_id":"node/7667511597","station_name":"Юго-Восточная","access_kind":"entrance","station_osm_id":"node/7339988431","entrance_ref":"3","network":"Московский метрополитен","match_rule":"stop_area_station","source":"OpenStreetMap/Overpass","source_snapshot":"2026-09-17T11:36:49Z"}},{"type":"Feature","id":"node/797227005","geometry":{"type":"Point","coordinates":[37.602953,55.610727]},"properties":{"osm_id":"node/797227005","station_name":"Пражская","access_kind":"entrance","station_osm_id":"node/296953138","entrance_ref":"7","network":"Московский метрополитен","match_rule":"stop_area_station","source":"OpenStreetMap/Overpass","source_snapshot":"2026-09-17T11:36:49Z"}},{"type":"Feature","id":"node/797227007","geometry":{"type":"Point","coordinates":[37.604523,55.610607]},"properties":{"osm_id":"node/797227007","station_name":"Пражская","access_kind":"entrance","station_osm_id":"node/296953138","entrance_ref":"3","network":"Московский метрополитен","match_rule":"stop_area_station","source":"OpenStreetMap/Overpass","source_snapshot":"2026-09-17T11:36:49Z"}},{"type":"Feature","id":"node/797227010","geometry":{"type":"Point","coordinates":[37.604728,55.611091]},"properties":{"osm_id":"node/797227010","station_name":"Пражская","access_kind":"entrance","station_osm_id":"node/296953138","entrance_ref":"2","network":"Московский метрополитен","match_rule":"stop_area_station","source":"OpenStreetMap/Overpass","source_snapshot":"2026-09-17T11:36:49Z"}},{"type":"Feature","id":"node/797227011","geometry":{"type":"Point","coordinates":[37.603205,55.611677]},"properties":{"osm_id":"node/797227011","station_name":"Пражская","access_kind":"entrance","station_osm_id":"node/296953138","entrance_ref":"6","network":"Московский метрополитен","match_rule":"stop_area_station","source":"OpenStreetMap/Overpass","source_snapshot":"2026-09-17T11:36:49Z"}},{"type":"Feature","id":"node/8071207818","geometry":{"type":"Point","coordinates":[37.659016,55.772849]},"properties":{"osm_id":"node/8071207818","station_name":"Комсомольская","access_kind":"entrance","station_osm_id":"node/267335088","entrance_ref":"13","network":"Московский метрополитен","match_rule":"stop_area_station","source":"OpenStreetMap/Overpass","source_snapshot":"2026-09-17T11:36:49Z"}},{"type":"Feature","id":"node/8071207819","geometry":{"type":"Point","coordinates":[37.65844,55.772738]},"properties":{"osm_id":"node/8071207819","station_name":"Комсомольская","access_kind":"entrance","station_osm_id":"node/267335088","entrance_ref":"14","network":"Московский метрополитен","match_rule":"stop_area_station","source":"OpenStreetMap/Overpass","source_snapshot":"2026-09-17T11:36:49Z"}},{"type":"Feature","id":"node/813972179","geometry":{"type":"Point","coordinates":[37.60777,55.765873]},"properties":{"osm_id":"node/813972179","station_name":"Пушкинская","access_kind":"entrance","station_osm_id":"node/362156015","entrance_ref":"13","network":"Московский метрополитен","match_rule":"stop_area_station","source":"OpenStreetMap/Overpass","source_snapshot":"2026-09-17T11:36:49Z"}},{"type":"Feature","id":"node/813972218","geometry":{"type":"Point","coordinates":[37.604038,55.765695]},"properties":{"osm_id":"node/813972218","station_name":"Тверская","access_kind":"entrance","station_osm_id":"node/292144111","entrance_ref":"2","network":"Московский метрополитен","match_rule":"stop_area_station","source":"OpenStreetMap/Overpass","source_snapshot":"2026-09-17T11:36:49Z"}},{"type":"Feature","id":"node/813972372","geometry":{"type":"Point","coordinates":[37.608204,55.766065]},"properties":{"osm_id":"node/813972372","station_name":"Пушкинская","access_kind":"entrance","station_osm_id":"node/362156015","entrance_ref":"14","network":"Московский метрополитен","match_rule":"stop_area_station","source":"OpenStreetMap/Overpass","source_snapshot":"2026-09-17T11:36:49Z"}},{"type":"Feature","id":"node/813972497","geometry":{"type":"Point","coordinates":[37.604046,55.765287]},"properties":{"osm_id":"node/813972497","station_name":"Тверская","access_kind":"entrance","station_osm_id":"node/292144111","entrance_ref":"3","network":"Московский метрополитен","match_rule":"stop_area_station","source":"OpenStreetMap/Overpass","source_snapshot":"2026-09-17T11:36:49Z"}},{"type":"Feature","id":"node/813972578","geometry":{"type":"Point","coordinates":[37.605025,55.765298]},"properties":{"osm_id":"node/813972578","station_name":"Тверская","access_kind":"entrance","station_osm_id":"node/292144111","entrance_ref":"5","network":"Московский метрополитен","match_rule":"stop_area_station","source":"OpenStreetMap/Overpass","source_snapshot":"2026-09-17T11:36:49Z"}},{"type":"Feature","id":"node/813972597","geometry":{"type":"Point","coordinates":[37.603659,55.765497]},"properties":{"osm_id":"node/813972597","station_name":"Тверская","access_kind":"entrance","station_osm_id":"node/292144111","entrance_ref":"4","network":"Московский метрополитен","match_rule":"stop_area_station","source":"OpenStreetMap/Overpass","source_snapshot":"2026-09-17T11:36:49Z"}},{"type":"Feature","id":"node/813972716","geometry":{"type":"Point","coordinates":[37.605371,55.765093]},"properties":{"osm_id":"node/813972716","station_name":"Тверская","access_kind":"entrance","station_osm_id":"node/292144111","entrance_ref":"6","network":"Московский метрополитен","match_rule":"stop_area_station","source":"OpenStreetMap/Overpass","source_snapshot":"2026-09-17T11:36:49Z"}},{"type":"Feature","id":"node/815105202","geometry":{"type":"Point","coordinates":[37.631837,55.773025]},"properties":{"osm_id":"node/815105202","station_name":"Сухаревская","access_kind":"entrance","station_osm_id":"node/277499849","entrance_ref":"3","network":"Московский метрополитен","match_rule":"stop_area_station","source":"OpenStreetMap/Overpass","source_snapshot":"2026-09-17T11:36:49Z"}},{"type":"Feature","id":"node/815105237","geometry":{"type":"Point","coordinates":[37.633065,55.772309]},"properties":{"osm_id":"node/815105237","station_name":"Сухаревская","access_kind":"entrance","station_osm_id":"node/277499849","entrance_ref":"2","network":"Московский метрополитен","match_rule":"stop_area_station","source":"OpenStreetMap/Overpass","source_snapshot":"2026-09-17T11:36:49Z"}},{"type":"Feature","id":"node/815105289","geometry":{"type":"Point","coordinates":[37.632923,55.772966]},"properties":{"osm_id":"node/815105289","station_name":"Сухаревская","access_kind":"entrance","station_osm_id":"node/277499849","entrance_ref":"4","network":"Московский метрополитен","match_rule":"stop_area_station","source":"OpenStreetMap/Overpass","source_snapshot":"2026-09-17T11:36:49Z"}},{"type":"Feature","id":"node/825840878","geometry":{"type":"Point","coordinates":[37.436008,55.861749]},"properties":{"osm_id":"node/825840878","station_name":"Планерная","access_kind":"entrance","station_osm_id":"node/296959502","entrance_ref":"1","network":"Московский метрополитен","match_rule":"stop_area_station","source":"OpenStreetMap/Overpass","source_snapshot":"2026-09-17T11:36:49Z"}},{"type":"Feature","id":"node/825840883","geometry":{"type":"Point","coordinates":[37.436794,55.859512]},"properties":{"osm_id":"node/825840883","station_name":"Планерная","access_kind":"entrance","station_osm_id":"node/296959502","entrance_ref":"2","network":"Московский метрополитен","match_rule":"stop_area_station","source":"OpenStreetMap/Overpass","source_snapshot":"2026-09-17T11:36:49Z"}},{"type":"Feature","id":"node/8335892275","geometry":{"type":"Point","coordinates":[37.752876,55.727444]},"properties":{"osm_id":"node/8335892275","station_name":"Стахановская","access_kind":"entrance","station_osm_id":"node/7335523472","entrance_ref":"2","network":"Московский метрополитен","match_rule":"stop_area_station","source":"OpenStreetMap/Overpass","source_snapshot":"2026-09-17T11:36:49Z"}},{"type":"Feature","id":"node/8335892319","geometry":{"type":"Point","coordinates":[37.751416,55.727197]},"properties":{"osm_id":"node/8335892319","station_name":"Стахановская","access_kind":"entrance","station_osm_id":"node/7335523472","entrance_ref":"1","network":"Московский метрополитен","match_rule":"stop_area_station","source":"OpenStreetMap/Overpass","source_snapshot":"2026-09-17T11:36:49Z"}},{"type":"Feature","id":"node/835241985","geometry":{"type":"Point","coordinates":[37.515356,55.805477]},"properties":{"osm_id":"node/835241985","station_name":"Сокол","access_kind":"entrance","station_osm_id":"node/5202107576","entrance_ref":"2","network":"Московский метрополитен","match_rule":"stop_area_station","source":"OpenStreetMap/Overpass","source_snapshot":"2026-09-17T11:36:49Z"}},{"type":"Feature","id":"node/835241987","geometry":{"type":"Point","coordinates":[37.51432,55.804518]},"properties":{"osm_id":"node/835241987","station_name":"Сокол","access_kind":"entrance","station_osm_id":"node/5202107576","entrance_ref":"1","network":"Московский метрополитен","match_rule":"stop_area_station","source":"OpenStreetMap/Overpass","source_snapshot":"2026-09-17T11:36:49Z"}},{"type":"Feature","id":"node/8382251658","geometry":{"type":"Point","coordinates":[37.46842,55.696519]},"properties":{"osm_id":"node/8382251658","station_name":"Аминьевская","access_kind":"entrance","station_osm_id":"node/9315693031","entrance_ref":"1","network":"Московский метрополитен","match_rule":"stop_area_station","source":"OpenStreetMap/Overpass","source_snapshot":"2026-09-17T11:36:49Z"}},{"type":"Feature","id":"node/8585576714","geometry":{"type":"Point","coordinates":[37.472617,55.761894]},"properties":{"osm_id":"node/8585576714","station_name":"Мнёвники","access_kind":"entrance","station_osm_id":"node/8581944519","entrance_ref":"4","network":"Московский метрополитен","match_rule":"stop_area_station","source":"OpenStreetMap/Overpass","source_snapshot":"2026-09-17T11:36:49Z"}},{"type":"Feature","id":"node/8585576715","geometry":{"type":"Point","coordinates":[37.472256,55.761941]},"properties":{"osm_id":"node/8585576715","station_name":"Мнёвники","access_kind":"entrance","station_osm_id":"node/8581944519","entrance_ref":"3","network":"Московский метрополитен","match_rule":"stop_area_station","source":"OpenStreetMap/Overpass","source_snapshot":"2026-09-17T11:36:49Z"}},{"type":"Feature","id":"node/8585625436","geometry":{"type":"Point","coordinates":[37.471743,55.760247]},"properties":{"osm_id":"node/8585625436","station_name":"Мнёвники","access_kind":"entrance","station_osm_id":"node/8581944519","entrance_ref":"2","network":"Московский метрополитен","match_rule":"stop_area_station","source":"OpenStreetMap/Overpass","source_snapshot":"2026-09-17T11:36:49Z"}},{"type":"Feature","id":"node/8585625437","geometry":{"type":"Point","coordinates":[37.47139,55.760303]},"properties":{"osm_id":"node/8585625437","station_name":"Мнёвники","access_kind":"entrance","station_osm_id":"node/8581944519","entrance_ref":"1","network":"Московский метрополитен","match_rule":"stop_area_station","source":"OpenStreetMap/Overpass","source_snapshot":"2026-09-17T11:36:49Z"}},{"type":"Feature","id":"node/8591687508","geometry":{"type":"Point","coordinates":[37.487468,55.775459]},"properties":{"osm_id":"node/8591687508","station_name":"Народное Ополчение","access_kind":"entrance","station_osm_id":"node/8581944518","entrance_ref":"4","network":"Московский метрополитен","match_rule":"stop_area_station","source":"OpenStreetMap/Overpass","source_snapshot":"2026-09-17T11:36:49Z"}},{"type":"Feature","id":"node/8591687511","geometry":{"type":"Point","coordinates":[37.486516,55.775781]},"properties":{"osm_id":"node/8591687511","station_name":"Народное Ополчение","access_kind":"entrance","station_osm_id":"node/8581944518","entrance_ref":"3","network":"Московский метрополитен","match_rule":"stop_area_station","source":"OpenStreetMap/Overpass","source_snapshot":"2026-09-17T11:36:49Z"}},{"type":"Feature","id":"node/8618100202","geometry":{"type":"Point","coordinates":[37.703967,55.780943]},"properties":{"osm_id":"node/8618100202","station_name":"Электрозаводская","access_kind":"entrance","station_osm_id":"node/8268702705","entrance_ref":"2","network":"Московский метрополитен","match_rule":"stop_area_station","source":"OpenStreetMap/Overpass","source_snapshot":"2026-09-17T11:36:49Z"}},{"type":"Feature","id":"node/870455593","geometry":{"type":"Point","coordinates":[37.628474,55.759992]},"properties":{"osm_id":"node/870455593","station_name":"Лубянка","access_kind":"entrance","station_osm_id":"node/267335316","entrance_ref":"3","network":"Московский метрополитен","match_rule":"stop_area_station","source":"OpenStreetMap/Overpass","source_snapshot":"2026-09-17T11:36:49Z"}},{"type":"Feature","id":"node/870455602","geometry":{"type":"Point","coordinates":[37.628072,55.759229]},"properties":{"osm_id":"node/870455602","station_name":"Лубянка","access_kind":"entrance","station_osm_id":"node/267335316","entrance_ref":"6","network":"Московский метрополитен","match_rule":"stop_area_station","source":"OpenStreetMap/Overpass","source_snapshot":"2026-09-17T11:36:49Z"}},{"type":"Feature","id":"node/870455604","geometry":{"type":"Point","coordinates":[37.626021,55.759024]},"properties":{"osm_id":"node/870455604","station_name":"Лубянка","access_kind":"entrance","station_osm_id":"node/267335316","entrance_ref":"9","network":"Московский метрополитен","match_rule":"stop_area_station","source":"OpenStreetMap/Overpass","source_snapshot":"2026-09-17T11:36:49Z"}},{"type":"Feature","id":"node/870455640","geometry":{"type":"Point","coordinates":[37.627972,55.760013]},"properties":{"osm_id":"node/870455640","station_name":"Лубянка","access_kind":"entrance","station_osm_id":"node/267335316","entrance_ref":"2","network":"Московский метрополитен","match_rule":"stop_area_station","source":"OpenStreetMap/Overpass","source_snapshot":"2026-09-17T11:36:49Z"}},{"type":"Feature","id":"node/870455656","geometry":{"type":"Point","coordinates":[37.628352,55.759374]},"properties":{"osm_id":"node/870455656","station_name":"Лубянка","access_kind":"entrance","station_osm_id":"node/267335316","entrance_ref":"5","network":"Московский метрополитен","match_rule":"stop_area_station","source":"OpenStreetMap/Overpass","source_snapshot":"2026-09-17T11:36:49Z"}},{"type":"Feature","id":"node/870455663","geometry":{"type":"Point","coordinates":[37.626329,55.758821]},"properties":{"osm_id":"node/870455663","station_name":"Лубянка","access_kind":"entrance","station_osm_id":"node/267335316","entrance_ref":"8","network":"Московский метрополитен","match_rule":"stop_area_station","source":"OpenStreetMap/Overpass","source_snapshot":"2026-09-17T11:36:49Z"}},{"type":"Feature","id":"node/870455669","geometry":{"type":"Point","coordinates":[37.628504,55.759605]},"properties":{"osm_id":"node/870455669","station_name":"Лубянка","access_kind":"entrance","station_osm_id":"node/267335316","entrance_ref":"4","network":"Московский метрополитен","match_rule":"stop_area_station","source":"OpenStreetMap/Overpass","source_snapshot":"2026-09-17T11:36:49Z"}},{"type":"Feature","id":"node/870455676","geometry":{"type":"Point","coordinates":[37.627158,55.758943]},"properties":{"osm_id":"node/870455676","station_name":"Лубянка","access_kind":"entrance","station_osm_id":"node/267335316","entrance_ref":"7","network":"Московский метрополитен","match_rule":"stop_area_station","source":"OpenStreetMap/Overpass","source_snapshot":"2026-09-17T11:36:49Z"}},{"type":"Feature","id":"node/876244078","geometry":{"type":"Point","coordinates":[37.815265,55.752148]},"properties":{"osm_id":"node/876244078","station_name":"Новогиреево","access_kind":"entrance","station_osm_id":"node/255744331","entrance_ref":"8","network":"Московский метрополитен","match_rule":"stop_area_station","source":"OpenStreetMap/Overpass","source_snapshot":"2026-09-17T11:36:49Z"}},{"type":"Feature","id":"node/876244082","geometry":{"type":"Point","coordinates":[37.814306,55.751822]},"properties":{"osm_id":"node/876244082","station_name":"Новогиреево","access_kind":"entrance","station_osm_id":"node/255744331","entrance_ref":"6","network":"Московский метрополитен","match_rule":"stop_area_station","source":"OpenStreetMap/Overpass","source_snapshot":"2026-09-17T11:36:49Z"}},{"type":"Feature","id":"node/876244084","geometry":{"type":"Point","coordinates":[37.815019,55.751719]},"properties":{"osm_id":"node/876244084","station_name":"Новогиреево","access_kind":"entrance","station_osm_id":"node/255744331","entrance_ref":"5","network":"Московский метрополитен","match_rule":"stop_area_station","source":"OpenStreetMap/Overpass","source_snapshot":"2026-09-17T11:36:49Z"}},{"type":"Feature","id":"node/878313415","geometry":{"type":"Point","coordinates":[37.614559,55.75693]},"properties":{"osm_id":"node/878313415","station_name":"Охотный ряд","access_kind":"entrance","station_osm_id":"node/267335315","entrance_ref":"1","network":"Московский метрополитен","match_rule":"stop_area_station","source":"OpenStreetMap/Overpass","source_snapshot":"2026-09-17T11:36:49Z"}},{"type":"Feature","id":"node/878313421","geometry":{"type":"Point","coordinates":[37.615847,55.756704]},"properties":{"osm_id":"node/878313421","station_name":"Охотный ряд","access_kind":"entrance","station_osm_id":"node/267335315","entrance_ref":"6","network":"Московский метрополитен","match_rule":"stop_area_station","source":"OpenStreetMap/Overpass","source_snapshot":"2026-09-17T11:36:49Z"}},{"type":"Feature","id":"node/8783887645","geometry":{"type":"Point","coordinates":[37.747587,55.802929]},"properties":{"osm_id":"node/8783887645","station_name":"Черкизовская","access_kind":"entrance","station_osm_id":"node/265949956","entrance_ref":"3","network":"Московский метрополитен","match_rule":"stop_area_station","source":"OpenStreetMap/Overpass","source_snapshot":"2026-09-17T11:36:49Z"}},{"type":"Feature","id":"node/8842880706","geometry":{"type":"Point","coordinates":[37.633333,55.781743]},"properties":{"osm_id":"node/8842880706","station_name":"Проспект Мира","access_kind":"entrance","station_osm_id":"node/277499848","entrance_ref":"2","network":"Московский метрополитен","match_rule":"stop_area_station","source":"OpenStreetMap/Overpass","source_snapshot":"2026-09-17T11:36:49Z"}},{"type":"Feature","id":"node/892778068","geometry":{"type":"Point","coordinates":[37.656224,55.774901]},"properties":{"osm_id":"node/892778068","station_name":"Комсомольская","access_kind":"entrance","station_osm_id":"node/267335088","entrance_ref":"12","network":"Московский метрополитен","match_rule":"stop_area_station","source":"OpenStreetMap/Overpass","source_snapshot":"2026-09-17T11:36:49Z"}},{"type":"Feature","id":"node/892778070","geometry":{"type":"Point","coordinates":[37.655705,55.774424]},"properties":{"osm_id":"node/892778070","station_name":"Комсомольская","access_kind":"entrance","station_osm_id":"node/297148038","entrance_ref":"3","network":"Московский метрополитен","match_rule":"stop_area_station","source":"OpenStreetMap/Overpass","source_snapshot":"2026-09-17T11:36:49Z"}},{"type":"Feature","id":"node/892778071","geometry":{"type":"Point","coordinates":[37.655301,55.775706]},"properties":{"osm_id":"node/892778071","station_name":"Комсомольская","access_kind":"entrance","station_osm_id":"node/267335088","entrance_ref":"7","network":"Московский метрополитен","match_rule":"stop_area_station","source":"OpenStreetMap/Overpass","source_snapshot":"2026-09-17T11:36:49Z"}},{"type":"Feature","id":"node/892778085","geometry":{"type":"Point","coordinates":[37.655909,55.775836]},"properties":{"osm_id":"node/892778085","station_name":"Комсомольская","access_kind":"entrance","station_osm_id":"node/267335088","entrance_ref":"8","network":"Московский метрополитен","match_rule":"stop_area_station","source":"OpenStreetMap/Overpass","source_snapshot":"2026-09-17T11:36:49Z"}},{"type":"Feature","id":"node/892778089","geometry":{"type":"Point","coordinates":[37.655778,55.775272]},"properties":{"osm_id":"node/892778089","station_name":"Комсомольская","access_kind":"entrance","station_osm_id":"node/267335088","entrance_ref":"10","network":"Московский метрополитен","match_rule":"stop_area_station","source":"OpenStreetMap/Overpass","source_snapshot":"2026-09-17T11:36:49Z"}},{"type":"Feature","id":"node/892778095","geometry":{"type":"Point","coordinates":[37.656632,55.775128]},"properties":{"osm_id":"node/892778095","station_name":"Комсомольская","access_kind":"entrance","station_osm_id":"node/267335088","entrance_ref":"11","network":"Московский метрополитен","match_rule":"stop_area_station","source":"OpenStreetMap/Overpass","source_snapshot":"2026-09-17T11:36:49Z"}},{"type":"Feature","id":"node/899114581","geometry":{"type":"Point","coordinates":[37.610337,55.672881]},"properties":{"osm_id":"node/899114581","station_name":"Нагорная","access_kind":"entrance","station_osm_id":"node/296953133","entrance_ref":"1","network":"Московский метрополитен","match_rule":"stop_area_station","source":"OpenStreetMap/Overpass","source_snapshot":"2026-09-17T11:36:49Z"}},{"type":"Feature","id":"node/9047777966","geometry":{"type":"Point","coordinates":[37.638433,55.846353]},"properties":{"osm_id":"node/9047777966","station_name":"Ботанический сад","access_kind":"entrance","station_osm_id":"node/268521591","entrance_ref":"3","network":"Московский метрополитен","match_rule":"stop_area_station","source":"OpenStreetMap/Overpass","source_snapshot":"2026-09-17T11:36:49Z"}},{"type":"Feature","id":"node/9047777969","geometry":{"type":"Point","coordinates":[37.638798,55.846321]},"properties":{"osm_id":"node/9047777969","station_name":"Ботанический сад","access_kind":"entrance","station_osm_id":"node/268521591","entrance_ref":"4","network":"Московский метрополитен","match_rule":"stop_area_station","source":"OpenStreetMap/Overpass","source_snapshot":"2026-09-17T11:36:49Z"}},{"type":"Feature","id":"node/9048248476","geometry":{"type":"Point","coordinates":[37.639447,55.846743]},"properties":{"osm_id":"node/9048248476","station_name":"Ботанический сад","access_kind":"entrance","station_osm_id":"node/268521591","entrance_ref":"6","network":"Московский метрополитен","match_rule":"stop_area_station","source":"OpenStreetMap/Overpass","source_snapshot":"2026-09-17T11:36:49Z"}},{"type":"Feature","id":"node/9048248477","geometry":{"type":"Point","coordinates":[37.638791,55.846727]},"properties":{"osm_id":"node/9048248477","station_name":"Ботанический сад","access_kind":"entrance","station_osm_id":"node/268521591","entrance_ref":"5","network":"Московский метрополитен","match_rule":"stop_area_station","source":"OpenStreetMap/Overpass","source_snapshot":"2026-09-17T11:36:49Z"}},{"type":"Feature","id":"node/906862529","geometry":{"type":"Point","coordinates":[37.680838,55.747307]},"properties":{"osm_id":"node/906862529","station_name":"Площадь Ильича","access_kind":"entrance","station_osm_id":"node/276191299","entrance_ref":"1","network":"Московский метрополитен","match_rule":"stop_area_station","source":"OpenStreetMap/Overpass","source_snapshot":"2026-09-17T11:36:49Z"}},{"type":"Feature","id":"node/910826431","geometry":{"type":"Point","coordinates":[37.780122,55.78782]},"properties":{"osm_id":"node/910826431","station_name":"Измайловская","access_kind":"entrance","station_osm_id":"node/2692857848","entrance_ref":"7","network":"Московский метрополитен","match_rule":"stop_area_station","source":"OpenStreetMap/Overpass","source_snapshot":"2026-09-17T11:36:49Z"}},{"type":"Feature","id":"node/910826434","geometry":{"type":"Point","coordinates":[37.779895,55.787819]},"properties":{"osm_id":"node/910826434","station_name":"Измайловская","access_kind":"entrance","station_osm_id":"node/2692857848","entrance_ref":"6","network":"Московский метрополитен","match_rule":"stop_area_station","source":"OpenStreetMap/Overpass","source_snapshot":"2026-09-17T11:36:49Z"}},{"type":"Feature","id":"node/910826468","geometry":{"type":"Point","coordinates":[37.780115,55.787644]},"properties":{"osm_id":"node/910826468","station_name":"Измайловская","access_kind":"entrance","station_osm_id":"node/2692857848","entrance_ref":"4","network":"Московский метрополитен","match_rule":"stop_area_station","source":"OpenStreetMap/Overpass","source_snapshot":"2026-09-17T11:36:49Z"}},{"type":"Feature","id":"node/910826495","geometry":{"type":"Point","coordinates":[37.779895,55.787644]},"properties":{"osm_id":"node/910826495","station_name":"Измайловская","access_kind":"entrance","station_osm_id":"node/2692857848","entrance_ref":"5","network":"Московский метрополитен","match_rule":"stop_area_station","source":"OpenStreetMap/Overpass","source_snapshot":"2026-09-17T11:36:49Z"}},{"type":"Feature","id":"node/912010984","geometry":{"type":"Point","coordinates":[37.658873,55.758604]},"properties":{"osm_id":"node/912010984","station_name":"Курская","access_kind":"entrance","station_osm_id":"node/5202107570","entrance_ref":"1","network":"Московский метрополитен","match_rule":"stop_area_station","source":"OpenStreetMap/Overpass","source_snapshot":"2026-09-17T11:36:49Z"}},{"type":"Feature","id":"node/912010995","geometry":{"type":"Point","coordinates":[37.658314,55.755962]},"properties":{"osm_id":"node/912010995","station_name":"Чкаловская","access_kind":"entrance","station_osm_id":"node/5202107572","entrance_ref":"7","network":"Московский метрополитен","match_rule":"stop_area_station","source":"OpenStreetMap/Overpass","source_snapshot":"2026-09-17T11:36:49Z"}},{"type":"Feature","id":"node/912170095","geometry":{"type":"Point","coordinates":[37.541968,55.657872]},"properties":{"osm_id":"node/912170095","station_name":"Калужская","access_kind":"entrance","station_osm_id":"node/259786804","entrance_ref":"7","network":"Московский метрополитен","match_rule":"stop_area_station","source":"OpenStreetMap/Overpass","source_snapshot":"2026-09-17T11:36:49Z"}},{"type":"Feature","id":"node/912170141","geometry":{"type":"Point","coordinates":[37.540779,55.657914]},"properties":{"osm_id":"node/912170141","station_name":"Калужская","access_kind":"entrance","station_osm_id":"node/259786804","entrance_ref":"9","network":"Московский метрополитен","match_rule":"stop_area_station","source":"OpenStreetMap/Overpass","source_snapshot":"2026-09-17T11:36:49Z"}},{"type":"Feature","id":"node/912170143","geometry":{"type":"Point","coordinates":[37.541091,55.658198]},"properties":{"osm_id":"node/912170143","station_name":"Калужская","access_kind":"entrance","station_osm_id":"node/259786804","entrance_ref":"10","network":"Московский метрополитен","match_rule":"stop_area_station","source":"OpenStreetMap/Overpass","source_snapshot":"2026-09-17T11:36:49Z"}},{"type":"Feature","id":"node/912170160","geometry":{"type":"Point","coordinates":[37.541696,55.657621]},"properties":{"osm_id":"node/912170160","station_name":"Калужская","access_kind":"entrance","station_osm_id":"node/259786804","entrance_ref":"8","network":"Московский метрополитен","match_rule":"stop_area_station","source":"OpenStreetMap/Overpass","source_snapshot":"2026-09-17T11:36:49Z"}},{"type":"Feature","id":"node/913167372","geometry":{"type":"Point","coordinates":[37.681527,55.746436]},"properties":{"osm_id":"node/913167372","station_name":"Римская","access_kind":"entrance","station_osm_id":"node/296947177","entrance_ref":"2","network":"Московский метрополитен","match_rule":"stop_area_station","source":"OpenStreetMap/Overpass","source_snapshot":"2026-09-17T11:36:49Z"}},{"type":"Feature","id":"node/913167375","geometry":{"type":"Point","coordinates":[37.678875,55.746454]},"properties":{"osm_id":"node/913167375","station_name":"Римская","access_kind":"entrance","station_osm_id":"node/296947177","entrance_ref":"3","network":"Московский метрополитен","match_rule":"stop_area_station","source":"OpenStreetMap/Overpass","source_snapshot":"2026-09-17T11:36:49Z"}},{"type":"Feature","id":"node/913167387","geometry":{"type":"Point","coordinates":[37.680162,55.746972]},"properties":{"osm_id":"node/913167387","station_name":"Площадь Ильича","access_kind":"entrance","station_osm_id":"node/276191299","entrance_ref":"4","network":"Московский метрополитен","match_rule":"stop_area_station","source":"OpenStreetMap/Overpass","source_snapshot":"2026-09-17T11:36:49Z"}},{"type":"Feature","id":"node/918098644","geometry":{"type":"Point","coordinates":[37.609293,55.621676]},"properties":{"osm_id":"node/918098644","station_name":"Южная","access_kind":"entrance","station_osm_id":"node/296953137","entrance_ref":"1","network":"Московский метрополитен","match_rule":"stop_area_station","source":"OpenStreetMap/Overpass","source_snapshot":"2026-09-17T11:36:49Z"}},{"type":"Feature","id":"node/9318476901","geometry":{"type":"Point","coordinates":[37.464831,55.69612]},"properties":{"osm_id":"node/9318476901","station_name":"Аминьевская","access_kind":"entrance","station_osm_id":"node/9315693031","entrance_ref":"4","network":"Московский метрополитен","match_rule":"stop_area_station","source":"OpenStreetMap/Overpass","source_snapshot":"2026-09-17T11:36:49Z"}},{"type":"Feature","id":"node/9318476902","geometry":{"type":"Point","coordinates":[37.464929,55.696786]},"properties":{"osm_id":"node/9318476902","station_name":"Аминьевская","access_kind":"entrance","station_osm_id":"node/9315693031","entrance_ref":"3","network":"Московский метрополитен","match_rule":"stop_area_station","source":"OpenStreetMap/Overpass","source_snapshot":"2026-09-17T11:36:49Z"}},{"type":"Feature","id":"node/9319123549","geometry":{"type":"Point","coordinates":[37.537198,55.659829]},"properties":{"osm_id":"node/9319123549","station_name":"Воронцовская","access_kind":"entrance","station_osm_id":"node/9315693019","entrance_ref":"11","network":"Московский метрополитен","match_rule":"stop_area_station","source":"OpenStreetMap/Overpass","source_snapshot":"2026-09-17T11:36:49Z"}},{"type":"Feature","id":"node/9319125921","geometry":{"type":"Point","coordinates":[37.537751,55.659569]},"properties":{"osm_id":"node/9319125921","station_name":"Воронцовская","access_kind":"entrance","station_osm_id":"node/9315693019","entrance_ref":"12","network":"Московский метрополитен","match_rule":"stop_area_station","source":"OpenStreetMap/Overpass","source_snapshot":"2026-09-17T11:36:49Z"}},{"type":"Feature","id":"node/9320122065","geometry":{"type":"Point","coordinates":[37.486367,55.687575]},"properties":{"osm_id":"node/9320122065","station_name":"Мичуринский проспект","access_kind":"entrance","station_osm_id":"node/9315693028","entrance_ref":"5","network":"Московский метрополитен","match_rule":"stop_area_station","source":"OpenStreetMap/Overpass","source_snapshot":"2026-09-17T11:36:49Z"}},{"type":"Feature","id":"node/9320122066","geometry":{"type":"Point","coordinates":[37.484638,55.688529]},"properties":{"osm_id":"node/9320122066","station_name":"Мичуринский проспект","access_kind":"entrance","station_osm_id":"node/9315693028","entrance_ref":"3","network":"Московский метрополитен","match_rule":"stop_area_station","source":"OpenStreetMap/Overpass","source_snapshot":"2026-09-17T11:36:49Z"}},{"type":"Feature","id":"node/9320179456","geometry":{"type":"Point","coordinates":[37.445534,55.730349]},"properties":{"osm_id":"node/9320179456","station_name":"Кунцевская","access_kind":"entrance","station_osm_id":"node/5176248502","entrance_ref":"3","network":"Московский метрополитен","match_rule":"stop_area_station","source":"OpenStreetMap/Overpass","source_snapshot":"2026-09-17T11:36:49Z"}},{"type":"Feature","id":"node/9320226407","geometry":{"type":"Point","coordinates":[37.445901,55.727561]},"properties":{"osm_id":"node/9320226407","station_name":"Кунцевская","access_kind":"entrance","station_osm_id":"node/9315693037","entrance_ref":"5","network":"Московский метрополитен","match_rule":"stop_area_station","source":"OpenStreetMap/Overpass","source_snapshot":"2026-09-17T11:36:49Z"}},{"type":"Feature","id":"node/9320226408","geometry":{"type":"Point","coordinates":[37.446781,55.727962]},"properties":{"osm_id":"node/9320226408","station_name":"Кунцевская","access_kind":"entrance","station_osm_id":"node/9315693037","entrance_ref":"4","network":"Московский метрополитен","match_rule":"stop_area_station","source":"OpenStreetMap/Overpass","source_snapshot":"2026-09-17T11:36:49Z"}},{"type":"Feature","id":"node/9321548377","geometry":{"type":"Point","coordinates":[37.505248,55.67801]},"properties":{"osm_id":"node/9321548377","station_name":"Проспект Вернадского","access_kind":"entrance","station_osm_id":"node/9315693025","entrance_ref":"8","network":"Московский метрополитен","match_rule":"stop_area_station","source":"OpenStreetMap/Overpass","source_snapshot":"2026-09-17T11:36:49Z"}},{"type":"Feature","id":"node/9321556792","geometry":{"type":"Point","coordinates":[37.504878,55.677664]},"properties":{"osm_id":"node/9321556792","station_name":"Проспект Вернадского","access_kind":"entrance","station_osm_id":"node/9315693025","entrance_ref":"9","network":"Московский метрополитен","match_rule":"stop_area_station","source":"OpenStreetMap/Overpass","source_snapshot":"2026-09-17T11:36:49Z"}},{"type":"Feature","id":"node/9321583453","geometry":{"type":"Point","coordinates":[37.502293,55.678895]},"properties":{"osm_id":"node/9321583453","station_name":"Проспект Вернадского","access_kind":"entrance","station_osm_id":"node/9315693025","entrance_ref":"10","network":"Московский метрополитен","match_rule":"stop_area_station","source":"OpenStreetMap/Overpass","source_snapshot":"2026-09-17T11:36:49Z"}},{"type":"Feature","id":"node/9321600774","geometry":{"type":"Point","coordinates":[37.464168,55.697451]},"properties":{"osm_id":"node/9321600774","station_name":"Аминьевская","access_kind":"entrance","station_osm_id":"node/9315693031","entrance_ref":"7","network":"Московский метрополитен","match_rule":"stop_area_station","source":"OpenStreetMap/Overpass","source_snapshot":"2026-09-17T11:36:49Z"}},{"type":"Feature","id":"node/9321608471","geometry":{"type":"Point","coordinates":[37.465164,55.698109]},"properties":{"osm_id":"node/9321608471","station_name":"Аминьевская","access_kind":"entrance","station_osm_id":"node/9315693031","entrance_ref":"8","network":"Московский метрополитен","match_rule":"stop_area_station","source":"OpenStreetMap/Overpass","source_snapshot":"2026-09-17T11:36:49Z"}},{"type":"Feature","id":"node/9321712446","geometry":{"type":"Point","coordinates":[37.572348,55.65638]},"properties":{"osm_id":"node/9321712446","station_name":"Зюзино","access_kind":"entrance","station_osm_id":"node/9315693017","entrance_ref":"3","network":"Московский метрополитен","match_rule":"stop_area_station","source":"OpenStreetMap/Overpass","source_snapshot":"2026-09-17T11:36:49Z"}},{"type":"Feature","id":"node/9321742979","geometry":{"type":"Point","coordinates":[37.571992,55.656094]},"properties":{"osm_id":"node/9321742979","station_name":"Зюзино","access_kind":"entrance","station_osm_id":"node/9315693017","entrance_ref":"4","network":"Московский метрополитен","match_rule":"stop_area_station","source":"OpenStreetMap/Overpass","source_snapshot":"2026-09-17T11:36:49Z"}},{"type":"Feature","id":"node/9322482586","geometry":{"type":"Point","coordinates":[37.575636,55.654867]},"properties":{"osm_id":"node/9322482586","station_name":"Зюзино","access_kind":"entrance","station_osm_id":"node/9315693017","entrance_ref":"2","network":"Московский метрополитен","match_rule":"stop_area_station","source":"OpenStreetMap/Overpass","source_snapshot":"2026-09-17T11:36:49Z"}},{"type":"Feature","id":"node/9322482593","geometry":{"type":"Point","coordinates":[37.575813,55.655155]},"properties":{"osm_id":"node/9322482593","station_name":"Зюзино","access_kind":"entrance","station_osm_id":"node/9315693017","entrance_ref":"1","network":"Московский метрополитен","match_rule":"stop_area_station","source":"OpenStreetMap/Overpass","source_snapshot":"2026-09-17T11:36:49Z"}},{"type":"Feature","id":"node/932313155","geometry":{"type":"Point","coordinates":[37.663429,55.679631]},"properties":{"osm_id":"node/932313155","station_name":"Коломенская","access_kind":"entrance","station_osm_id":"node/292147581","entrance_ref":"6","network":"Московский метрополитен","match_rule":"stop_area_station","source":"OpenStreetMap/Overpass","source_snapshot":"2026-09-17T11:36:49Z"}},{"type":"Feature","id":"node/932313163","geometry":{"type":"Point","coordinates":[37.66454,55.67767]},"properties":{"osm_id":"node/932313163","station_name":"Коломенская","access_kind":"entrance","station_osm_id":"node/292147581","entrance_ref":"1","network":"Московский метрополитен","match_rule":"stop_area_station","source":"OpenStreetMap/Overpass","source_snapshot":"2026-09-17T11:36:49Z"}},{"type":"Feature","id":"node/932313166","geometry":{"type":"Point","coordinates":[37.664947,55.679152]},"properties":{"osm_id":"node/932313166","station_name":"Коломенская","access_kind":"entrance","station_osm_id":"node/292147581","entrance_ref":"8","network":"Московский метрополитен","match_rule":"stop_area_station","source":"OpenStreetMap/Overpass","source_snapshot":"2026-09-17T11:36:49Z"}},{"type":"Feature","id":"node/932313169","geometry":{"type":"Point","coordinates":[37.663368,55.679264]},"properties":{"osm_id":"node/932313169","station_name":"Коломенская","access_kind":"entrance","station_osm_id":"node/292147581","entrance_ref":"5","network":"Московский метрополитен","match_rule":"stop_area_station","source":"OpenStreetMap/Overpass","source_snapshot":"2026-09-17T11:36:49Z"}},{"type":"Feature","id":"node/932313171","geometry":{"type":"Point","coordinates":[37.665015,55.679535]},"properties":{"osm_id":"node/932313171","station_name":"Коломенская","access_kind":"entrance","station_osm_id":"node/292147581","entrance_ref":"7","network":"Московский метрополитен","match_rule":"stop_area_station","source":"OpenStreetMap/Overpass","source_snapshot":"2026-09-17T11:36:49Z"}},{"type":"Feature","id":"node/932313178","geometry":{"type":"Point","coordinates":[37.663023,55.677746]},"properties":{"osm_id":"node/932313178","station_name":"Коломенская","access_kind":"entrance","station_osm_id":"node/292147581","entrance_ref":"4","network":"Московский метрополитен","match_rule":"stop_area_station","source":"OpenStreetMap/Overpass","source_snapshot":"2026-09-17T11:36:49Z"}},{"type":"Feature","id":"node/9330067527","geometry":{"type":"Point","coordinates":[37.523797,55.668699]},"properties":{"osm_id":"node/9330067527","station_name":"Новаторская","access_kind":"entrance","station_osm_id":"node/9315693022","entrance_ref":"2","network":"Московский метрополитен","match_rule":"stop_area_station","source":"OpenStreetMap/Overpass","source_snapshot":"2026-09-17T11:36:49Z"}},{"type":"Feature","id":"node/9330068200","geometry":{"type":"Point","coordinates":[37.524062,55.669025]},"properties":{"osm_id":"node/9330068200","station_name":"Новаторская","access_kind":"entrance","station_osm_id":"node/9315693022","entrance_ref":"1","network":"Московский метрополитен","match_rule":"stop_area_station","source":"OpenStreetMap/Overpass","source_snapshot":"2026-09-17T11:36:49Z"}},{"type":"Feature","id":"node/9330207982","geometry":{"type":"Point","coordinates":[37.458637,55.747816]},"properties":{"osm_id":"node/9330207982","station_name":"Терехово","access_kind":"entrance","station_osm_id":"node/9315693039","entrance_ref":"2","network":"Московский метрополитен","match_rule":"stop_area_station","source":"OpenStreetMap/Overpass","source_snapshot":"2026-09-17T11:36:49Z"}},{"type":"Feature","id":"node/9338105346","geometry":{"type":"Point","coordinates":[37.461036,55.74872]},"properties":{"osm_id":"node/9338105346","station_name":"Терехово","access_kind":"entrance","station_osm_id":"node/9315693039","entrance_ref":"4","network":"Московский метрополитен","match_rule":"stop_area_station","source":"OpenStreetMap/Overpass","source_snapshot":"2026-09-17T11:36:49Z"}},{"type":"Feature","id":"node/9338105347","geometry":{"type":"Point","coordinates":[37.459942,55.749048]},"properties":{"osm_id":"node/9338105347","station_name":"Терехово","access_kind":"entrance","station_osm_id":"node/9315693039","entrance_ref":"3","network":"Московский метрополитен","match_rule":"stop_area_station","source":"OpenStreetMap/Overpass","source_snapshot":"2026-09-17T11:36:49Z"}},{"type":"Feature","id":"node/9338105348","geometry":{"type":"Point","coordinates":[37.45976,55.747463]},"properties":{"osm_id":"node/9338105348","station_name":"Терехово","access_kind":"entrance","station_osm_id":"node/9315693039","entrance_ref":"1","network":"Московский метрополитен","match_rule":"stop_area_station","source":"OpenStreetMap/Overpass","source_snapshot":"2026-09-17T11:36:49Z"}},{"type":"Feature","id":"node/9338121453","geometry":{"type":"Point","coordinates":[37.451932,55.714565]},"properties":{"osm_id":"node/9338121453","station_name":"Давыдково","access_kind":"entrance","station_osm_id":"node/9315693034","entrance_ref":"1","network":"Московский метрополитен","match_rule":"stop_area_station","source":"OpenStreetMap/Overpass","source_snapshot":"2026-09-17T11:36:49Z"}},{"type":"Feature","id":"node/9365231913","geometry":{"type":"Point","coordinates":[37.45204,55.714581]},"properties":{"osm_id":"node/9365231913","station_name":"Давыдково","access_kind":"entrance","station_osm_id":"node/9315693034","entrance_ref":"1","network":"Московский метрополитен","match_rule":"stop_area_station","source":"OpenStreetMap/Overpass","source_snapshot":"2026-09-17T11:36:49Z"}},{"type":"Feature","id":"node/937230159","geometry":{"type":"Point","coordinates":[37.594904,55.736109]},"properties":{"osm_id":"node/937230159","station_name":"Парк Культуры","access_kind":"entrance","station_osm_id":"node/5176445915","entrance_ref":"3","network":"Московский метрополитен","match_rule":"stop_area_station","source":"OpenStreetMap/Overpass","source_snapshot":"2026-09-17T11:36:49Z"}},{"type":"Feature","id":"node/939079645","geometry":{"type":"Point","coordinates":[37.566905,55.744114]},"properties":{"osm_id":"node/939079645","station_name":"Киевская","access_kind":"entrance","station_osm_id":"node/253375111","entrance_ref":"2","network":"Московский метрополитен","match_rule":"stop_area_station","source":"OpenStreetMap/Overpass","source_snapshot":"2026-09-17T11:36:49Z"}},{"type":"Feature","id":"node/939079660","geometry":{"type":"Point","coordinates":[37.567599,55.743716]},"properties":{"osm_id":"node/939079660","station_name":"Киевская","access_kind":"entrance","station_osm_id":"node/253375111","entrance_ref":"4","network":"Московский метрополитен","match_rule":"stop_area_station","source":"OpenStreetMap/Overpass","source_snapshot":"2026-09-17T11:36:49Z"}},{"type":"Feature","id":"node/939079683","geometry":{"type":"Point","coordinates":[37.56471,55.743163]},"properties":{"osm_id":"node/939079683","station_name":"Киевская","access_kind":"entrance","station_osm_id":"node/253375111","entrance_ref":"5","network":"Московский метрополитен","match_rule":"stop_area_station","source":"OpenStreetMap/Overpass","source_snapshot":"2026-09-17T11:36:49Z"}},{"type":"Feature","id":"node/939079690","geometry":{"type":"Point","coordinates":[37.56716,55.743817]},"properties":{"osm_id":"node/939079690","station_name":"Киевская","access_kind":"entrance","station_osm_id":"node/253375111","entrance_ref":"3","network":"Московский метрополитен","match_rule":"stop_area_station","source":"OpenStreetMap/Overpass","source_snapshot":"2026-09-17T11:36:49Z"}},{"type":"Feature","id":"node/941363635","geometry":{"type":"Point","coordinates":[37.574956,55.568375]},"properties":{"osm_id":"node/941363635","station_name":"Улица Старокачаловская","access_kind":"entrance","station_osm_id":"node/309741829","entrance_ref":"5","network":"Московский метрополитен","match_rule":"stop_area_station","source":"OpenStreetMap/Overpass","source_snapshot":"2026-09-17T11:36:49Z"}},{"type":"Feature","id":"node/941363646","geometry":{"type":"Point","coordinates":[37.575212,55.568724]},"properties":{"osm_id":"node/941363646","station_name":"Улица Старокачаловская","access_kind":"entrance","station_osm_id":"node/309741829","entrance_ref":"4","network":"Московский метрополитен","match_rule":"stop_area_station","source":"OpenStreetMap/Overpass","source_snapshot":"2026-09-17T11:36:49Z"}},{"type":"Feature","id":"node/941363648","geometry":{"type":"Point","coordinates":[37.575941,55.568569]},"properties":{"osm_id":"node/941363648","station_name":"Улица Старокачаловская","access_kind":"entrance","station_osm_id":"node/309741829","entrance_ref":"3","network":"Московский метрополитен","match_rule":"stop_area_station","source":"OpenStreetMap/Overpass","source_snapshot":"2026-09-17T11:36:49Z"}},{"type":"Feature","id":"node/941363649","geometry":{"type":"Point","coordinates":[37.57656,55.567962]},"properties":{"osm_id":"node/941363649","station_name":"Улица Старокачаловская","access_kind":"entrance","station_osm_id":"node/309741829","entrance_ref":"2","network":"Московский метрополитен","match_rule":"stop_area_station","source":"OpenStreetMap/Overpass","source_snapshot":"2026-09-17T11:36:49Z"}},{"type":"Feature","id":"node/941363651","geometry":{"type":"Point","coordinates":[37.576831,55.568339]},"properties":{"osm_id":"node/941363651","station_name":"Улица Старокачаловская","access_kind":"entrance","station_osm_id":"node/309741829","entrance_ref":"1","network":"Московский метрополитен","match_rule":"stop_area_station","source":"OpenStreetMap/Overpass","source_snapshot":"2026-09-17T11:36:49Z"}},{"type":"Feature","id":"node/942715076","geometry":{"type":"Point","coordinates":[37.438085,55.827868]},"properties":{"osm_id":"node/942715076","station_name":"Тушинская","access_kind":"entrance","station_osm_id":"node/296959504","entrance_ref":"3","network":"Московский метрополитен","match_rule":"stop_area_station","source":"OpenStreetMap/Overpass","source_snapshot":"2026-09-17T11:36:49Z"}},{"type":"Feature","id":"node/946096093","geometry":{"type":"Point","coordinates":[37.63644,55.765499]},"properties":{"osm_id":"node/946096093","station_name":"Тургеневская","access_kind":"entrance","station_osm_id":"node/277499850","entrance_ref":"4","network":"Московский метрополитен","match_rule":"stop_area_station","source":"OpenStreetMap/Overpass","source_snapshot":"2026-09-17T11:36:49Z"}},{"type":"Feature","id":"node/946096098","geometry":{"type":"Point","coordinates":[37.636951,55.765269]},"properties":{"osm_id":"node/946096098","station_name":"Тургеневская","access_kind":"entrance","station_osm_id":"node/277499850","entrance_ref":"3","network":"Московский метрополитен","match_rule":"stop_area_station","source":"OpenStreetMap/Overpass","source_snapshot":"2026-09-17T11:36:49Z"}},{"type":"Feature","id":"node/946096112","geometry":{"type":"Point","coordinates":[37.637113,55.766095]},"properties":{"osm_id":"node/946096112","station_name":"Тургеневская","access_kind":"entrance","station_osm_id":"node/277499850","entrance_ref":"6","network":"Московский метрополитен","match_rule":"stop_area_station","source":"OpenStreetMap/Overpass","source_snapshot":"2026-09-17T11:36:49Z"}},{"type":"Feature","id":"node/946096157","geometry":{"type":"Point","coordinates":[37.636333,55.76629]},"properties":{"osm_id":"node/946096157","station_name":"Тургеневская","access_kind":"entrance","station_osm_id":"node/277499850","entrance_ref":"8","network":"Московский метрополитен","match_rule":"stop_area_station","source":"OpenStreetMap/Overpass","source_snapshot":"2026-09-17T11:36:49Z"}},{"type":"Feature","id":"node/9495335944","geometry":{"type":"Point","coordinates":[37.678159,55.790746]},"properties":{"osm_id":"node/9495335944","station_name":"Сокольники","access_kind":"entrance","station_osm_id":"node/10703951288","entrance_ref":"5","network":"Московский метрополитен","match_rule":"stop_area_station","source":"OpenStreetMap/Overpass","source_snapshot":"2026-09-17T11:36:49Z"}},{"type":"Feature","id":"node/952361186","geometry":{"type":"Point","coordinates":[37.605539,55.640482]},"properties":{"osm_id":"node/952361186","station_name":"Чертановская","access_kind":"entrance","station_osm_id":"node/296953136","entrance_ref":"6","network":"Московский метрополитен","match_rule":"stop_area_station","source":"OpenStreetMap/Overpass","source_snapshot":"2026-09-17T11:36:49Z"}},{"type":"Feature","id":"node/952361190","geometry":{"type":"Point","coordinates":[37.60572,55.640416]},"properties":{"osm_id":"node/952361190","station_name":"Чертановская","access_kind":"entrance","station_osm_id":"node/296953136","entrance_ref":"7","network":"Московский метрополитен","match_rule":"stop_area_station","source":"OpenStreetMap/Overpass","source_snapshot":"2026-09-17T11:36:49Z"}},{"type":"Feature","id":"node/955171769","geometry":{"type":"Point","coordinates":[37.605003,55.64068]},"properties":{"osm_id":"node/955171769","station_name":"Чертановская","access_kind":"entrance","station_osm_id":"node/296953136","entrance_ref":"5","network":"Московский метрополитен","match_rule":"stop_area_station","source":"OpenStreetMap/Overpass","source_snapshot":"2026-09-17T11:36:49Z"}},{"type":"Feature","id":"node/957069478","geometry":{"type":"Point","coordinates":[37.557153,55.708807]},"properties":{"osm_id":"node/957069478","station_name":"Воробьёвы горы","access_kind":"entrance","station_osm_id":"node/297335182","entrance_ref":"2","network":"Московский метрополитен","match_rule":"stop_area_station","source":"OpenStreetMap/Overpass","source_snapshot":"2026-09-17T11:36:49Z"}},{"type":"Feature","id":"node/957069516","geometry":{"type":"Point","coordinates":[37.557699,55.709281]},"properties":{"osm_id":"node/957069516","station_name":"Воробьёвы горы","access_kind":"entrance","station_osm_id":"node/297335182","entrance_ref":"1","network":"Московский метрополитен","match_rule":"stop_area_station","source":"OpenStreetMap/Overpass","source_snapshot":"2026-09-17T11:36:49Z"}},{"type":"Feature","id":"node/959170149","geometry":{"type":"Point","coordinates":[37.606049,55.663794]},"properties":{"osm_id":"node/959170149","station_name":"Нахимовский проспект","access_kind":"entrance","station_osm_id":"node/296953134","entrance_ref":"4","network":"Московский метрополитен","match_rule":"stop_area_station","source":"OpenStreetMap/Overpass","source_snapshot":"2026-09-17T11:36:49Z"}},{"type":"Feature","id":"node/960176059","geometry":{"type":"Point","coordinates":[37.483244,55.77562]},"properties":{"osm_id":"node/960176059","station_name":"Народное Ополчение","access_kind":"entrance","station_osm_id":"node/8581944518","entrance_ref":"2","network":"Московский метрополитен","match_rule":"stop_area_station","source":"OpenStreetMap/Overpass","source_snapshot":"2026-09-17T11:36:49Z"}},{"type":"Feature","id":"node/960176062","geometry":{"type":"Point","coordinates":[37.483566,55.775324]},"properties":{"osm_id":"node/960176062","station_name":"Народное Ополчение","access_kind":"entrance","station_osm_id":"node/8581944518","entrance_ref":"1","network":"Московский метрополитен","match_rule":"stop_area_station","source":"OpenStreetMap/Overpass","source_snapshot":"2026-09-17T11:36:49Z"}},{"type":"Feature","id":"node/960299754","geometry":{"type":"Point","coordinates":[37.517092,55.777043]},"properties":{"osm_id":"node/960299754","station_name":"Хорошёвская","access_kind":"entrance","station_osm_id":"node/5436404611","entrance_ref":"1","network":"Московский метрополитен","match_rule":"stop_area_station","source":"OpenStreetMap/Overpass","source_snapshot":"2026-09-17T11:36:49Z"}},{"type":"Feature","id":"node/960299764","geometry":{"type":"Point","coordinates":[37.587176,55.794135]},"properties":{"osm_id":"node/960299764","station_name":"Савёловская","access_kind":"entrance","station_osm_id":"node/296956169","entrance_ref":"1","network":"Московский метрополитен","match_rule":"stop_area_station","source":"OpenStreetMap/Overpass","source_snapshot":"2026-09-17T11:36:49Z"}},{"type":"Feature","id":"node/960299769","geometry":{"type":"Point","coordinates":[37.517687,55.777686]},"properties":{"osm_id":"node/960299769","station_name":"Полежаевская","access_kind":"entrance","station_osm_id":"node/296959507","entrance_ref":"4","network":"Московский метрополитен","match_rule":"stop_area_station","source":"OpenStreetMap/Overpass","source_snapshot":"2026-09-17T11:36:49Z"}},{"type":"Feature","id":"node/960299778","geometry":{"type":"Point","coordinates":[37.589987,55.79366]},"properties":{"osm_id":"node/960299778","station_name":"Савёловская","access_kind":"entrance","station_osm_id":"node/296956169","entrance_ref":"5","network":"Московский метрополитен","match_rule":"stop_area_station","source":"OpenStreetMap/Overpass","source_snapshot":"2026-09-17T11:36:49Z"}},{"type":"Feature","id":"node/960299819","geometry":{"type":"Point","coordinates":[37.517243,55.777743]},"properties":{"osm_id":"node/960299819","station_name":"Полежаевская","access_kind":"entrance","station_osm_id":"node/296959507","entrance_ref":"3","network":"Московский метрополитен","match_rule":"stop_area_station","source":"OpenStreetMap/Overpass","source_snapshot":"2026-09-17T11:36:49Z"}},{"type":"Feature","id":"node/960299834","geometry":{"type":"Point","coordinates":[37.520981,55.777985]},"properties":{"osm_id":"node/960299834","station_name":"Полежаевская","access_kind":"entrance","station_osm_id":"node/296959507","entrance_ref":"5","network":"Московский метрополитен","match_rule":"stop_area_station","source":"OpenStreetMap/Overpass","source_snapshot":"2026-09-17T11:36:49Z"}},{"type":"Feature","id":"node/960299842","geometry":{"type":"Point","coordinates":[37.521486,55.778074]},"properties":{"osm_id":"node/960299842","station_name":"Полежаевская","access_kind":"entrance","station_osm_id":"node/296959507","entrance_ref":"6","network":"Московский метрополитен","match_rule":"stop_area_station","source":"OpenStreetMap/Overpass","source_snapshot":"2026-09-17T11:36:49Z"}},{"type":"Feature","id":"node/963544856","geometry":{"type":"Point","coordinates":[37.540328,55.656322]},"properties":{"osm_id":"node/963544856","station_name":"Калужская","access_kind":"entrance","station_osm_id":"node/259786804","entrance_ref":"1","network":"Московский метрополитен","match_rule":"stop_area_station","source":"OpenStreetMap/Overpass","source_snapshot":"2026-09-17T11:36:49Z"}},{"type":"Feature","id":"node/963544886","geometry":{"type":"Point","coordinates":[37.540041,55.656045]},"properties":{"osm_id":"node/963544886","station_name":"Калужская","access_kind":"entrance","station_osm_id":"node/259786804","entrance_ref":"2","network":"Московский метрополитен","match_rule":"stop_area_station","source":"OpenStreetMap/Overpass","source_snapshot":"2026-09-17T11:36:49Z"}},{"type":"Feature","id":"node/963544891","geometry":{"type":"Point","coordinates":[37.539488,55.656597]},"properties":{"osm_id":"node/963544891","station_name":"Калужская","access_kind":"entrance","station_osm_id":"node/259786804","entrance_ref":"3","network":"Московский метрополитен","match_rule":"stop_area_station","source":"OpenStreetMap/Overpass","source_snapshot":"2026-09-17T11:36:49Z"}},{"type":"Feature","id":"node/963544894","geometry":{"type":"Point","coordinates":[37.539203,55.656328]},"properties":{"osm_id":"node/963544894","station_name":"Калужская","access_kind":"entrance","station_osm_id":"node/259786804","entrance_ref":"4","network":"Московский метрополитен","match_rule":"stop_area_station","source":"OpenStreetMap/Overpass","source_snapshot":"2026-09-17T11:36:49Z"}},{"type":"Feature","id":"node/963868245","geometry":{"type":"Point","coordinates":[37.615584,55.756854]},"properties":{"osm_id":"node/963868245","station_name":"Охотный ряд","access_kind":"entrance","station_osm_id":"node/267335315","entrance_ref":"5","network":"Московский метрополитен","match_rule":"stop_area_station","source":"OpenStreetMap/Overpass","source_snapshot":"2026-09-17T11:36:49Z"}},{"type":"Feature","id":"node/963868728","geometry":{"type":"Point","coordinates":[37.614727,55.757354]},"properties":{"osm_id":"node/963868728","station_name":"Охотный ряд","access_kind":"entrance","station_osm_id":"node/267335315","entrance_ref":"3","network":"Московский метрополитен","match_rule":"stop_area_station","source":"OpenStreetMap/Overpass","source_snapshot":"2026-09-17T11:36:49Z"}},{"type":"Feature","id":"node/968502322","geometry":{"type":"Point","coordinates":[37.611722,55.752225]},"properties":{"osm_id":"node/968502322","station_name":"Библиотека имени Ленина","access_kind":"entrance","station_osm_id":"node/278692958","entrance_ref":"4","network":"Московский метрополитен","match_rule":"stop_area_station","source":"OpenStreetMap/Overpass","source_snapshot":"2026-09-17T11:36:49Z"}},{"type":"Feature","id":"node/969288216","geometry":{"type":"Point","coordinates":[37.633612,55.753254]},"properties":{"osm_id":"node/969288216","station_name":"Китай-город","access_kind":"entrance","station_osm_id":"node/5176322726","entrance_ref":"11","network":"Московский метрополитен","match_rule":"stop_area_station","source":"OpenStreetMap/Overpass","source_snapshot":"2026-09-17T11:36:49Z"}},{"type":"Feature","id":"node/969291188","geometry":{"type":"Point","coordinates":[37.633543,55.752997]},"properties":{"osm_id":"node/969291188","station_name":"Китай-город","access_kind":"entrance","station_osm_id":"node/5176322726","entrance_ref":"12","network":"Московский метрополитен","match_rule":"stop_area_station","source":"OpenStreetMap/Overpass","source_snapshot":"2026-09-17T11:36:49Z"}},{"type":"Feature","id":"node/969291717","geometry":{"type":"Point","coordinates":[37.635441,55.753731]},"properties":{"osm_id":"node/969291717","station_name":"Китай-город","access_kind":"entrance","station_osm_id":"node/5176322725","entrance_ref":"8","network":"Московский метрополитен","match_rule":"stop_area_station","source":"OpenStreetMap/Overpass","source_snapshot":"2026-09-17T11:36:49Z"}},{"type":"Feature","id":"node/969292044","geometry":{"type":"Point","coordinates":[37.633009,55.753104]},"properties":{"osm_id":"node/969292044","station_name":"Китай-город","access_kind":"entrance","station_osm_id":"node/5176322726","entrance_ref":"14","network":"Московский метрополитен","match_rule":"stop_area_station","source":"OpenStreetMap/Overpass","source_snapshot":"2026-09-17T11:36:49Z"}},{"type":"Feature","id":"node/969292339","geometry":{"type":"Point","coordinates":[37.634989,55.754079]},"properties":{"osm_id":"node/969292339","station_name":"Китай-город","access_kind":"entrance","station_osm_id":"node/5176322725","entrance_ref":"9","network":"Московский метрополитен","match_rule":"stop_area_station","source":"OpenStreetMap/Overpass","source_snapshot":"2026-09-17T11:36:49Z"}},{"type":"Feature","id":"node/969292370","geometry":{"type":"Point","coordinates":[37.634169,55.75415]},"properties":{"osm_id":"node/969292370","station_name":"Китай-город","access_kind":"entrance","station_osm_id":"node/5176322725","entrance_ref":"10","network":"Московский метрополитен","match_rule":"stop_area_station","source":"OpenStreetMap/Overpass","source_snapshot":"2026-09-17T11:36:49Z"}},{"type":"Feature","id":"node/97044895","geometry":{"type":"Point","coordinates":[37.604566,55.864384]},"properties":{"osm_id":"node/97044895","station_name":"Отрадное","access_kind":"entrance","station_osm_id":"node/296957241","entrance_ref":"1","network":"Московский метрополитен","match_rule":"stop_area_station","source":"OpenStreetMap/Overpass","source_snapshot":"2026-09-17T11:36:49Z"}},{"type":"Feature","id":"node/9719126019","geometry":{"type":"Point","coordinates":[37.655428,55.77722]},"properties":{"osm_id":"node/9719126019","station_name":"Комсомольская","access_kind":"entrance","station_osm_id":"node/267335088","entrance_ref":"1","network":"Московский метрополитен","match_rule":"stop_area_station","source":"OpenStreetMap/Overpass","source_snapshot":"2026-09-17T11:36:49Z"}},{"type":"Feature","id":"node/972542699","geometry":{"type":"Point","coordinates":[37.685566,55.706324]},"properties":{"osm_id":"node/972542699","station_name":"Кожуховская","access_kind":"entrance","station_osm_id":"node/296949274","entrance_ref":"1","network":"Московский метрополитен","match_rule":"stop_area_station","source":"OpenStreetMap/Overpass","source_snapshot":"2026-09-17T11:36:49Z"}},{"type":"Feature","id":"node/974440936","geometry":{"type":"Point","coordinates":[37.586174,55.777656]},"properties":{"osm_id":"node/974440936","station_name":"Белорусская","access_kind":"entrance","station_osm_id":"node/1158396469","entrance_ref":"3","network":"Московский метрополитен","match_rule":"stop_area_station","source":"OpenStreetMap/Overpass","source_snapshot":"2026-09-17T11:36:49Z"}},{"type":"Feature","id":"node/974447367","geometry":{"type":"Point","coordinates":[37.585645,55.77745]},"properties":{"osm_id":"node/974447367","station_name":"Белорусская","access_kind":"entrance","station_osm_id":"node/1158396469","entrance_ref":"2","network":"Московский метрополитен","match_rule":"stop_area_station","source":"OpenStreetMap/Overpass","source_snapshot":"2026-09-17T11:36:49Z"}},{"type":"Feature","id":"node/9822424085","geometry":{"type":"Point","coordinates":[37.660701,55.705971]},"properties":{"osm_id":"node/9822424085","station_name":"Автозаводская","access_kind":"entrance","station_osm_id":"relation/6604095","entrance_ref":"2","network":"МЦК","match_rule":"stop_area_relation","source":"OpenStreetMap/Overpass","source_snapshot":"2026-09-17T11:36:49Z"}},{"type":"Feature","id":"node/9837040089","geometry":{"type":"Point","coordinates":[37.745439,55.805627]},"properties":{"osm_id":"node/9837040089","station_name":"Локомотив","access_kind":"entrance","station_osm_id":"relation/7588357","entrance_ref":"6","network":null,"match_rule":"stop_area_relation","source":"OpenStreetMap/Overpass","source_snapshot":"2026-09-17T11:36:49Z"}},{"type":"Feature","id":"node/983965541","geometry":{"type":"Point","coordinates":[37.580663,55.807738]},"properties":{"osm_id":"node/983965541","station_name":"Дмитровская","access_kind":"entrance","station_osm_id":"node/296956168","entrance_ref":"1","network":"Московский метрополитен","match_rule":"stop_area_station","source":"OpenStreetMap/Overpass","source_snapshot":"2026-09-17T11:36:49Z"}},{"type":"Feature","id":"node/983965548","geometry":{"type":"Point","coordinates":[37.580225,55.807872]},"properties":{"osm_id":"node/983965548","station_name":"Дмитровская","access_kind":"entrance","station_osm_id":"node/296956168","entrance_ref":"2","network":"Московский метрополитен","match_rule":"stop_area_station","source":"OpenStreetMap/Overpass","source_snapshot":"2026-09-17T11:36:49Z"}},{"type":"Feature","id":"node/985222603","geometry":{"type":"Point","coordinates":[37.631214,55.756853]},"properties":{"osm_id":"node/985222603","station_name":"Китай-город","access_kind":"entrance","station_osm_id":"node/5176322726","entrance_ref":"4","network":"Московский метрополитен","match_rule":"stop_area_station","source":"OpenStreetMap/Overpass","source_snapshot":"2026-09-17T11:36:49Z"}},{"type":"Feature","id":"node/985222635","geometry":{"type":"Point","coordinates":[37.630976,55.756758]},"properties":{"osm_id":"node/985222635","station_name":"Китай-город","access_kind":"entrance","station_osm_id":"node/5176322726","entrance_ref":"4","network":"Московский метрополитен","match_rule":"stop_area_station","source":"OpenStreetMap/Overpass","source_snapshot":"2026-09-17T11:36:49Z"}},{"type":"Feature","id":"node/9957287301","geometry":{"type":"Point","coordinates":[37.500257,55.798159]},"properties":{"osm_id":"node/9957287301","station_name":"Панфиловская","access_kind":"entrance","station_osm_id":"relation/7588512","entrance_ref":"2","network":null,"match_rule":"stop_area_relation","source":"OpenStreetMap/Overpass","source_snapshot":"2026-09-17T11:36:49Z"}}]}
